Tanggal;no ref;Keterangan;akun;D;K
21/10/2025;1131;Pembelian susu ultra milk uht 125 ml 9000 pcs;kredit;27000000;
21/10/2025;2111;Pembelian susu ultra milk uht 125 ml 9000 pcs;kredit;;27000000
21/10/2025;1131;Pembelian susu ultra milk uht 125 ml 9000 pcs;kredit;27000000;
21/10/2025;2111;Pembelian susu ultra milk uht 125 ml 9000 pcs;kredit;;27000000
21/10/2025;5171;Akomodasi rapat (makan dan kopi);uang Mas Denny;161500;
21/10/2025;1111;Akomodasi rapat (makan dan kopi);uang Mas Denny;;161500
28/10/2025;1131;Pembelian masker dan sarung tangan;kredit;1140000;
28/10/2025;2111;Pembelian masker dan sarung tangan;kredit;;1140000
05/11/2025;1131;Pembelian susu frisian flag uht 110 ml 2200 krt;kredit;229900000;
05/11/2025;2111;Pembelian susu frisian flag uht 110 ml 2200 krt;kredit;;229900000
05/11/2025;1131;Biaya kuli bongkar susu;uang Mas Denny;150000;
05/11/2025;1111;Biaya kuli bongkar susu;uang Mas Denny;;150000
05/11/2025;1131;Pembelian sayuran;tunai;360000;
05/11/2025;1111;Pembelian sayuran;tunai;;360000
06/11/2025;1131;Pembelian bumbu;tunai;27000;
06/11/2025;1111;Pembelian bumbu;tunai;;27000
06/11/2025;1141;Pembelian plastik;tunai;23000;
06/11/2025;1111;Pembelian plastik;tunai;;23000
06/11/2025;5211;Pembelian kresek;tunai;5000;
06/11/2025;1111;Pembelian kresek;tunai;;5000
06/11/2025;1131;Pembelian buah;tunai;140000;
06/11/2025;1111;Pembelian buah;tunai;;140000
06/11/2025;1131;Pembelian sayur;tunai;117000;
06/11/2025;1111;Pembelian sayur;tunai;;117000
06/11/2025;1131;Pembelian bahan kering;tunai;88500;
06/11/2025;1111;Pembelian bahan kering;tunai;;88500
06/11/2025;1141;Pembelian plastik;tunai;42000;
06/11/2025;1111;Pembelian plastik;tunai;;42000
07/11/2025;5111;Pembelian HPP Merden;tunai;4500000;
07/11/2025;1111;Pembelian HPP Merden;tunai;;4500000
07/11/2025;5111;Pembelian HPP Susukan;tunai;4250000;
07/11/2025;1111;Pembelian HPP Susukan;tunai;;4250000
07/11/2025;1131;Pembelian bawang merah;tunai;32000;
07/11/2025;1111;Pembelian bawang merah;tunai;;32000
07/11/2025;1131;Pembelian bawang putih;tunai;36000;
07/11/2025;1111;Pembelian bawang putih;tunai;;36000
07/11/2025;1131;Pembelian bawang bombay;tunai;15000;
07/11/2025;1111;Pembelian bawang bombay;tunai;;15000
07/11/2025;1131;Pembelian sayuran;tunai;36000;
07/11/2025;1111;Pembelian sayuran;tunai;;36000
07/11/2025;1131;Pembelian jeruk;tunai;180000;
07/11/2025;1111;Pembelian jeruk;tunai;;180000
07/11/2025;1131;Pembelian jagung;tunai;70000;
07/11/2025;1111;Pembelian jagung;tunai;;70000
07/11/2025;1131;Pembelian bumbu;tunai;17000;
07/11/2025;1111;Pembelian bumbu;tunai;;17000
07/11/2025;1141;Pembelian perlengkapan;tunai;34000;
07/11/2025;1111;Pembelian perlengkapan;tunai;;34000
08/11/2025;1131;Pembelian sayuran;tunai;26000;
08/11/2025;1111;Pembelian sayuran;tunai;;26000
08/11/2025;1131;Pembelian buah;tunai;170000;
08/11/2025;1111;Pembelian buah;tunai;;170000
08/11/2025;1131;Pembelian bahan kering;tunai;69500;
08/11/2025;1111;Pembelian bahan kering;tunai;;69500
08/11/2025;5161;Kerugian gula pasir (bocor);tunai;8500;
08/11/2025;1111;Kerugian gula pasir (bocor);tunai;;8500
08/11/2025;1141;Pembelian perlengkapan;tunai;17000;
08/11/2025;1111;Pembelian perlengkapan;tunai;;17000
10/11/2025;1131;Pembelian buah;tunai;170000;
10/11/2025;1111;Pembelian buah;tunai;;170000
10/11/2025;1131;Pembelian malkist;tunai;120000;
10/11/2025;1111;Pembelian malkist;tunai;;120000
10/11/2025;1131;Pembelian kacang atom;tunai;130000;
10/11/2025;1111;Pembelian kacang atom;tunai;;130000
10/11/2025;1131;Pembelian saos;tunai;15000;
10/11/2025;1111;Pembelian saos;tunai;;15000
10/11/2025;5161;Kerugian telur pecah;tunai;26000;
10/11/2025;1111;Kerugian telur pecah;tunai;;26000
10/11/2025;1141;Pembelian perlengkapan kantor;tunai;35000;
10/11/2025;1111;Pembelian perlengkapan kantor;tunai;;35000
10/11/2025;1141;Pembelian kalkulator;tunai;60000;
10/11/2025;1111;Pembelian kalkulator;tunai;;60000
10/11/2025;1141;Pembelian file holder;tunai;20000;
10/11/2025;1111;Pembelian file holder;tunai;;20000
10/11/2025;1141;Pembelian tip-ex;tunai;6000;
10/11/2025;1111;Pembelian tip-ex;tunai;;6000
10/11/2025;1141;Pembelian label;tunai;3000;
10/11/2025;1111;Pembelian label;tunai;;3000
10/11/2025;1131;Pembelian kecap;tunai;25000;
10/11/2025;1111;Pembelian kecap;tunai;;25000
10/11/2025;1131;Pembelian garam;tunai;3000;
10/11/2025;1111;Pembelian garam;tunai;;3000
10/11/2025;1141;Pembelian kamper;tunai;20000;
10/11/2025;1111;Pembelian kamper;tunai;;20000
11/11/2025;1141;Pembelian pel;tunai;25000;
11/11/2025;1111;Pembelian pel;tunai;;25000
11/11/2025;1141;Pembelian mangkok;tunai;100000;
11/11/2025;1111;Pembelian mangkok;tunai;;100000
11/11/2025;1141;Pembelian piring;tunai;70000;
11/11/2025;1111;Pembelian piring;tunai;;70000
11/11/2025;1141;Pembelian sendok;tunai;30000;
11/11/2025;1111;Pembelian sendok;tunai;;30000
11/11/2025;1141;Pembelian panci;tunai;60000;
11/11/2025;1111;Pembelian panci;tunai;;60000
11/11/2025;1141;Pembelian pompa galon;tunai;30000;
11/11/2025;1111;Pembelian pompa galon;tunai;;30000
11/11/2025;1210;Pembelian teko elektrik;tunai;75000;
11/11/2025;1111;Pembelian teko elektrik;tunai;;75000
11/11/2025;1210;Pembelian kipas angin;tunai;150000;
11/11/2025;1111;Pembelian kipas angin;tunai;;150000
11/11/2025;1141;Pembelian keset;tunai;25000;
11/11/2025;1111;Pembelian keset;tunai;;25000
11/11/2025;1141;Pembelian tempat sampah;tunai;20000;
11/11/2025;1111;Pembelian tempat sampah;tunai;;20000
11/11/2025;1141;Pembelian ember;tunai;15000;
11/11/2025;1111;Pembelian ember;tunai;;15000
11/11/2025;1141;Pembelian toples;tunai;20000;
11/11/2025;1111;Pembelian toples;tunai;;20000
11/11/2025;1141;Pembelian lap;tunai;15000;
11/11/2025;1111;Pembelian lap;tunai;;15000
11/11/2025;1141;Pembelian gayung;tunai;10000;
11/11/2025;1111;Pembelian gayung;tunai;;10000
10/11/2025;1111;Kas masuk;uang Pak Galih;1500000;
10/11/2025;2111;Kas masuk;uang Pak Galih;;1500000
10/11/2025;1131;Pembelian 7 kg bawang merah, 20 kg bawang putih, dan 4 kg bawang bombay;tunai;266000;
10/11/2025;1131;Pembelian 7 kg bawang merah, 20 kg bawang putih, dan 4 kg bawang bombay;tunai;580000;
10/11/2025;1131;Pembelian 7 kg bawang merah, 20 kg bawang putih, dan 4 kg bawang bombay;tunai;108000;
10/11/2025;1111;Pembelian 7 kg bawang merah, 20 kg bawang putih, dan 4 kg bawang bombay;tunai;;954000
10/11/2025;1131;Pembelian 5 pcs tepung terigu di Topaz;tunai;51000;
10/11/2025;5211;Pembelian 5 pcs tepung terigu di Topaz;tunai;500;
10/11/2025;1111;Pembelian 5 pcs tepung terigu di Topaz;tunai;;51500
10/11/2025;1131;Pembelian 30 kg tepung panir di Topaz;tunai;375000;
10/11/2025;1111;Pembelian 30 kg tepung panir di Topaz;tunai;;375000
10/11/2025;5191;Bayar parkir Topaz;tunai;3000;
10/11/2025;1111;Bayar parkir Topaz;tunai;;3000
10/11/2025;5181;Akomodasi BBM;uang Pak Anwar;100000;
10/11/2025;2151;Akomodasi BBM;uang Pak Anwar;;100000
11/11/2025;1111;Kas masuk;uang Pak Galih;1000000;
11/11/2025;2111;Kas masuk;uang Pak Galih;;1000000
11/11/2025;1121;Pemesanan dari SPPG Susukan ;kredit;2495000;
11/11/2025;4111;Pemesanan dari SPPG Susukan ;kredit;;2495000
11/11/2025;1131;Pembelian 200 kg (20 peti) telur tadus 200 kg ;kredit;5160000;
11/11/2025;2111;Pembelian 200 kg (20 peti) telur tadus 200 kg ;kredit;;5160000
11/11/2025;1131;Pembelian 250 kg jeruk dan 90 kg jagung pipil SPPG MBS Wanayasa ke Bu Lis;kredit;4250000;
11/11/2025;1131;Pembelian 250 kg jeruk dan 90 kg jagung pipil SPPG MBS Wanayasa ke Bu Lis;kredit;1530000;
11/11/2025;2111;Pembelian 250 kg jeruk dan 90 kg jagung pipil SPPG MBS Wanayasa ke Bu Lis;kredit;;5780000
11/11/2025;5111;Pengiriman barang PO SPPG MBS Wanayasa (Pemesanan 10/11);kredit;17830800;
11/11/2025;1131;Pengiriman barang PO SPPG MBS Wanayasa (Pemesanan 10/11);kredit;;17830800
11/11/2025;1141;Pembelian 9 pack kantong kresek putih dan 2 pack plastik boyo 2,5 kg;uang Mas Denny ;92250;
11/11/2025;1141;Pembelian 9 pack kantong kresek putih dan 2 pack plastik boyo 2,5 kg;uang Mas Denny ;8350;
11/11/2025;2111;Pembelian 9 pack kantong kresek putih dan 2 pack plastik boyo 2,5 kg;uang Mas Denny ;;100600
11/11/2025;2111;Pelunasan utang untuk pembelian plastik ke mas Denny;uang Mas Denny ;100600;
11/11/2025;1111;Pelunasan utang untuk pembelian plastik ke mas Denny;uang Mas Denny ;;100600
11/11/2025;1141;Pembelian ATK (kertas hvs);uang Mas Denny;51500;
11/11/2025;2111;Pembelian ATK (kertas hvs);uang Mas Denny;;51500
11/11/2025;1112;Pelunasan piutang SPPG Merden (Pemesanan 9/11);uang Mas Denny;23492000;
11/11/2025;1121;Pelunasan piutang SPPG Merden (Pemesanan 9/11);uang Mas Denny;;23492000
11/11/2025;1111;Kas masuk;uang di Bank;10000000;
11/11/2025;5221;Kas masuk;uang di Bank;6500;
11/11/2025;1112;Kas masuk;uang di Bank;;10006500
11/11/2025;1131;Pembelian 430 pcs tempe;uang Pak Galih;1032000;
11/11/2025;2111;Pembelian 430 pcs tempe;uang Pak Galih;;1032000
11/11/2025;1131;Pembelian 350 kg telur UD Pradipta Buah ;kredit;9275000;
11/11/2025;2111;Pembelian 350 kg telur UD Pradipta Buah ;kredit;;9275000
11/11/2025;1131;Pembelian 78 kg brokoli, 78 kg tauge, 30 kg selada, 40 kg wortel;kredit;2730000;
11/11/2025;1131;Pembelian 78 kg brokoli, 78 kg tauge, 30 kg selada, 40 kg wortel;kredit;1365000;
11/11/2025;1131;Pembelian 78 kg brokoli, 78 kg tauge, 30 kg selada, 40 kg wortel;kredit;1020000;
11/11/2025;1131;Pembelian 78 kg brokoli, 78 kg tauge, 30 kg selada, 40 kg wortel;kredit;600000;
11/11/2025;2111;Pembelian 78 kg brokoli, 78 kg tauge, 30 kg selada, 40 kg wortel;kredit;;5715000
11/11/2025;1131;Pembelian 250 kg jeruk dan 190 kg semangka;kredit;4000000;
11/11/2025;1131;Pembelian 250 kg jeruk dan 190 kg semangka;kredit;1520000;
11/11/2025;2111;Pembelian 250 kg jeruk dan 190 kg semangka;kredit;;5520000
11/11/2025;1111;Kas masuk;uang Mas Denny;1000000;
11/11/2025;2111;Kas masuk;uang Mas Denny;;1000000
11/11/2025;1131;Pembelian 10 kg bawang merah, 10 kg bawang putih dan 1 kg gula;tunai;350000;
11/11/2025;1131;Pembelian 10 kg bawang merah, 10 kg bawang putih dan 1 kg gula;tunai;290000;
11/11/2025;1131;Pembelian 10 kg bawang merah, 10 kg bawang putih dan 1 kg gula;tunai;17500;
11/11/2025;1111;Pembelian 10 kg bawang merah, 10 kg bawang putih dan 1 kg gula;tunai;;657500
11/11/2025;2111;Pelunasan utang ke Pak Galih;tunai;4900200;
11/11/2025;2141;Pelunasan utang ke Pak Galih;tunai;125000;
11/11/2025;2151;Pelunasan utang ke Pak Galih;tunai;248608;
11/11/2025;5221;Pelunasan utang ke Pak Galih;tunai;2500;
11/11/2025;1111;Pelunasan utang ke Pak Galih;tunai;;5276308
11/11/2025;1131;Pembelian 198 kg jeruk, 75 pcs santan kara 220 ml, 5 kg tepung maizena SPPG Merden ke Bu Lis;kredit;3366000;
11/11/2025;1131;Pembelian 198 kg jeruk, 75 pcs santan kara 220 ml, 5 kg tepung maizena SPPG Merden ke Bu Lis;kredit;1110000;
11/11/2025;1131;Pembelian 198 kg jeruk, 75 pcs santan kara 220 ml, 5 kg tepung maizena SPPG Merden ke Bu Lis;kredit;149000;
11/11/2025;2111;Pembelian 198 kg jeruk, 75 pcs santan kara 220 ml, 5 kg tepung maizena SPPG Merden ke Bu Lis;kredit;;4625000
11/11/2025;5111;Pengiriman barang PO SPPG Merden (Pemesanan 10/11) dan SPPG Susukan (Pemesanan 11/11);kredit;10239000;
11/11/2025;5111;Pengiriman barang PO SPPG Merden (Pemesanan 10/11) dan SPPG Susukan (Pemesanan 11/11);kredit;2318400;
11/11/2025;1131;Pengiriman barang PO SPPG Merden (Pemesanan 10/11) dan SPPG Susukan (Pemesanan 11/11);kredit;;12557400
11/11/2025;1122;Kas bon biaya BBM pengiriman;kredit;150000;
11/11/2025;1111;Kas bon biaya BBM pengiriman;kredit;;150000
11/11/2025;5311;Penukaran 1 pcs gula pecah SPPG Susukan (barang rusak dibawa pulang);kredit;17500;
11/11/2025;5111;Penukaran 1 pcs gula pecah SPPG Susukan (barang rusak dibawa pulang);kredit;;17500
11/11/2025;5111;Penukaran 1 pcs gula pecah SPPG Susukan (barang rusak dibawa pulang);kredit;17500;
11/11/2025;1131;Penukaran 1 pcs gula pecah SPPG Susukan (barang rusak dibawa pulang);kredit;;17500
11/11/2025;1141;Pemanfaatan gula pecah untuk operasional;kredit;17500;
11/11/2025;5311;Pemanfaatan gula pecah untuk operasional;kredit;;17500
11/11/2025;5171;Akomodasi (makan);tunai;74000;
11/11/2025;1111;Akomodasi (makan);tunai;;74000
11/11/2025;1121;Penjualan 1 kg telur ke Pak Galih ;kredit;29500;
11/11/2025;4111;Penjualan 1 kg telur ke Pak Galih ;kredit;;29500
11/11/2025;5111;Penjualan 1 kg telur ke Pak Galih ;kredit;26500;
11/11/2025;1131;Penjualan 1 kg telur ke Pak Galih ;kredit;;26500
12/11/2025;1111;Pelunasan piutang kas bon akomodasi BBM (11/11);kredit;150000;
12/11/2025;1122;Pelunasan piutang kas bon akomodasi BBM (11/11);kredit;;150000
12/11/2025;5181;Biaya akomodasi pengiriman SPPG Merden dan SPPG Susukan;kredit;150000;
12/11/2025;1111;Biaya akomodasi pengiriman SPPG Merden dan SPPG Susukan;kredit;;150000
12/11/2025;1121;Pemesanan dari SPPG Merden;kredit;9964120;
12/11/2025;4111;Pemesanan dari SPPG Merden;kredit;;9964120
12/11/2025;1121;Pemesanan dari SPPG Susukan ;kredit;5689000;
12/11/2025;4111;Pemesanan dari SPPG Susukan ;kredit;;5689000
12/11/2025;2111;Pelunasan utang ke Mas Denny (transaksi 11/11);kredit;1000000;
12/11/2025;5221;Pelunasan utang ke Mas Denny (transaksi 11/11);kredit;2500;
12/11/2025;1111;Pelunasan utang ke Mas Denny (transaksi 11/11);kredit;;1002500
12/11/2025;1131;Pembelian 195 kg semangka non biji, 7730 pcs malkist crackers, 2578 pcs kacang atom garuda, dan 4 L saos teriyaki SPPG MBS Wanayasa ke Bu Lis;kredit;1462500;
12/11/2025;1131;Pembelian 195 kg semangka non biji, 7730 pcs malkist crackers, 2578 pcs kacang atom garuda, dan 4 L saos teriyaki SPPG MBS Wanayasa ke Bu Lis;kredit;7343500;
12/11/2025;1131;Pembelian 195 kg semangka non biji, 7730 pcs malkist crackers, 2578 pcs kacang atom garuda, dan 4 L saos teriyaki SPPG MBS Wanayasa ke Bu Lis;kredit;4640400;
12/11/2025;1131;Pembelian 195 kg semangka non biji, 7730 pcs malkist crackers, 2578 pcs kacang atom garuda, dan 4 L saos teriyaki SPPG MBS Wanayasa ke Bu Lis;kredit;242000;
12/11/2025;2111;Pembelian 195 kg semangka non biji, 7730 pcs malkist crackers, 2578 pcs kacang atom garuda, dan 4 L saos teriyaki SPPG MBS Wanayasa ke Bu Lis;kredit;;13688400
12/11/2025;5111;Pengiriman barang PO SPPG MBS Wanayasa (Pemesanan 10/11);kredit;28010500;
12/11/2025;1131;Pengiriman barang PO SPPG MBS Wanayasa (Pemesanan 10/11);kredit;;28010500
12/11/2025;1123;Kas bon biaya makan pengiriman;kredit;50000;
12/11/2025;1111;Kas bon biaya makan pengiriman;kredit;;50000
12/11/2025;5311;Penukaran 2 kg telur yang pecah SPPG MBS Wanayasa (barang rusak dibawa pulang);kredit;52600;
12/11/2025;5111;Penukaran 2 kg telur yang pecah SPPG MBS Wanayasa (barang rusak dibawa pulang);kredit;;52600
12/11/2025;5111;Penukaran 2 kg telur yang pecah SPPG MBS Wanayasa (barang rusak dibawa pulang);kredit;53000;
12/11/2025;1131;Penukaran 2 kg telur yang pecah SPPG MBS Wanayasa (barang rusak dibawa pulang);kredit;;53000
12/11/2025;1111;Kas masuk;uang Mas Denny;1000000;
12/11/2025;2111;Kas masuk;uang Mas Denny;;1000000
12/11/2025;1141;Pembelian ATK;tunai;61500;
12/11/2025;1141;Pembelian ATK;tunai;60000;
12/11/2025;1141;Pembelian ATK;tunai;17000;
12/11/2025;1141;Pembelian ATK;tunai;6500;
12/11/2025;1141;Pembelian ATK;tunai;7500;
12/11/2025;1141;Pembelian ATK;tunai;8000;
12/11/2025;1111;Pembelian ATK;tunai;;160500
12/11/2025;1131;Pembelian 14.990 gr kecap bango, 1 kg tepung tapioka, dan 6 pcs garam di Depo Pelita;tunai;490700;
12/11/2025;1131;Pembelian 14.990 gr kecap bango, 1 kg tepung tapioka, dan 6 pcs garam di Depo Pelita;tunai;9000;
12/11/2025;1131;Pembelian 14.990 gr kecap bango, 1 kg tepung tapioka, dan 6 pcs garam di Depo Pelita;tunai;18000;
12/11/2025;1111;Pembelian 14.990 gr kecap bango, 1 kg tepung tapioka, dan 6 pcs garam di Depo Pelita;tunai;;517700
12/11/2025;1141;Pembelian inventaris;tunai;33400;
12/11/2025;1141;Pembelian inventaris;tunai;28000;
12/11/2025;1141;Pembelian inventaris;tunai;104000;
12/11/2025;1141;Pembelian inventaris;tunai;90000;
12/11/2025;1141;Pembelian inventaris;tunai;21000;
12/11/2025;1141;Pembelian inventaris;tunai;39000;
12/11/2025;1141;Pembelian inventaris;tunai;66500;
12/11/2025;1211;Pembelian inventaris;tunai;70000;
12/11/2025;1211;Pembelian inventaris;tunai;200000;
12/11/2025;1111;Pembelian inventaris;tunai;;651900
12/11/2025;5171;Akomodasi (minum);tunai;5500;
12/11/2025;1111;Akomodasi (minum);tunai;;5500
12/11/2025;5191;Biaya parkir Depo Pelita;tunai;4000;
12/11/2025;1111;Biaya parkir Depo Pelita;tunai;;4000
12/11/2025;1141;Pembelian inventaris;tunai;65000;
12/11/2025;1141;Pembelian inventaris;tunai;20000;
12/11/2025;1141;Pembelian inventaris;tunai;30000;
12/11/2025;1141;Pembelian inventaris;tunai;45000;
12/11/2025;1141;Pembelian inventaris;tunai;20000;
12/11/2025;1141;Pembelian inventaris;tunai;10000;
12/11/2025;1111;Pembelian inventaris;tunai;;190000
12/11/2025;5111;Pengiriman barang PO SPPG Merden (Pemesanan 12/11);tunai;7567500;
12/11/2025;1131;Pengiriman barang PO SPPG Merden (Pemesanan 12/11);tunai;;7567500
12/11/2025;1111;Pelunasan kas bon biaya makan (12/11);tunai;50000;
12/11/2025;1123;Pelunasan kas bon biaya makan (12/11);tunai;;50000
12/11/2025;5171;Biaya makan pengiriman SPPG MBS Wanayasa;tunai;32000;
12/11/2025;1111;Biaya makan pengiriman SPPG MBS Wanayasa;tunai;;32000
12/11/2025;5171;Biaya makan pengiriman SPPG Merden;tunai;18000;
12/11/2025;1111;Biaya makan pengiriman SPPG Merden;tunai;;18000
12/11/2025;1131;Pembelian 58 kg keripik, 53 kg timun, 13 kg kacang polong SPPG Susukan ke Bu Lis;kredit;3654000;
12/11/2025;1131;Pembelian 58 kg keripik, 53 kg timun, 13 kg kacang polong SPPG Susukan ke Bu Lis;kredit;503500;
12/11/2025;1131;Pembelian 58 kg keripik, 53 kg timun, 13 kg kacang polong SPPG Susukan ke Bu Lis;kredit;715000;
12/11/2025;2111;Pembelian 58 kg keripik, 53 kg timun, 13 kg kacang polong SPPG Susukan ke Bu Lis;kredit;;4872500
12/11/2025;5111;Pengiriman barang PO SPPG Susukan dari Bu Lis (Pemesanan 12/11);kredit;4872500;
12/11/2025;1131;Pengiriman barang PO SPPG Susukan dari Bu Lis (Pemesanan 12/11);kredit;;4872500
12/11/2025;1111;Pelunasan piutang penjualan 1 kg telur dari Pak Galih;kredit;29500;
12/11/2025;1121;Pelunasan piutang penjualan 1 kg telur dari Pak Galih;kredit;;29500
13/11/2025;1112;Pelunasan piutang SPPG Susukan (Pemesanan 10/11);kredit;9330000;
13/11/2025;1121;Pelunasan piutang SPPG Susukan (Pemesanan 10/11);kredit;;9330000
13/11/2025;1121;Pemesanan dari SPPG Susukan ;kredit;7667650;
13/11/2025;4111;Pemesanan dari SPPG Susukan ;kredit;;7667650
13/11/2025;1131;Pembelian 200 kg telur tadus ;kredit;5180000;
13/11/2025;2111;Pembelian 200 kg telur tadus ;kredit;;5180000
13/11/2025;1131;Pembelian 65 kg kacang panjang SPPG MBS Wanayasa ke Pak Eko;kredit;910000;
13/11/2025;2111;Pembelian 65 kg kacang panjang SPPG MBS Wanayasa ke Pak Eko;kredit;;910000
13/11/2025;5111;Pengiriman 65 kg kacang panjang SPPG MBS Wanayasa dari supplier Pak Eko (pemesanan 10/11);kredit;910000;
13/11/2025;1131;Pengiriman 65 kg kacang panjang SPPG MBS Wanayasa dari supplier Pak Eko (pemesanan 10/11);kredit;;910000
13/11/2025;1131;Pembelian 1 bal rafia mahkota, 1 bal rafia gajah, 2 bal rafia polos, 1 renceng ladaku, 20 pcs kaldu jamur 40 ml, 2 pcs tepung maizena, 3 botol minyak wijen 300 ml, 2 pcs kecap bango 700 ml, 1 pcs kecap bango 265 ml, 2 box sarung tangan latex, 4 pcs sunlight 1,5 L, 5 kg tomat, 0,5 kg seledri, 5 kg cabai merah keriting, 25 kg wortel, 15 kg kembang kol SPPG Susukan ke Bu Lis;kredit;375000;
13/11/2025;1131;Pembelian 1 bal rafia mahkota, 1 bal rafia gajah, 2 bal rafia polos, 1 renceng ladaku, 20 pcs kaldu jamur 40 ml, 2 pcs tepung maizena, 3 botol minyak wijen 300 ml, 2 pcs kecap bango 700 ml, 1 pcs kecap bango 265 ml, 2 box sarung tangan latex, 4 pcs sunlight 1,5 L, 5 kg tomat, 0,5 kg seledri, 5 kg cabai merah keriting, 25 kg wortel, 15 kg kembang kol SPPG Susukan ke Bu Lis;kredit;375000;
13/11/2025;1131;Pembelian 1 bal rafia mahkota, 1 bal rafia gajah, 2 bal rafia polos, 1 renceng ladaku, 20 pcs kaldu jamur 40 ml, 2 pcs tepung maizena, 3 botol minyak wijen 300 ml, 2 pcs kecap bango 700 ml, 1 pcs kecap bango 265 ml, 2 box sarung tangan latex, 4 pcs sunlight 1,5 L, 5 kg tomat, 0,5 kg seledri, 5 kg cabai merah keriting, 25 kg wortel, 15 kg kembang kol SPPG Susukan ke Bu Lis;kredit;265000;
13/11/2025;1131;Pembelian 1 bal rafia mahkota, 1 bal rafia gajah, 2 bal rafia polos, 1 renceng ladaku, 20 pcs kaldu jamur 40 ml, 2 pcs tepung maizena, 3 botol minyak wijen 300 ml, 2 pcs kecap bango 700 ml, 1 pcs kecap bango 265 ml, 2 box sarung tangan latex, 4 pcs sunlight 1,5 L, 5 kg tomat, 0,5 kg seledri, 5 kg cabai merah keriting, 25 kg wortel, 15 kg kembang kol SPPG Susukan ke Bu Lis;kredit;10000;
13/11/2025;1131;Pembelian 1 bal rafia mahkota, 1 bal rafia gajah, 2 bal rafia polos, 1 renceng ladaku, 20 pcs kaldu jamur 40 ml, 2 pcs tepung maizena, 3 botol minyak wijen 300 ml, 2 pcs kecap bango 700 ml, 1 pcs kecap bango 265 ml, 2 box sarung tangan latex, 4 pcs sunlight 1,5 L, 5 kg tomat, 0,5 kg seledri, 5 kg cabai merah keriting, 25 kg wortel, 15 kg kembang kol SPPG Susukan ke Bu Lis;kredit;57500;
13/11/2025;1131;Pembelian 1 bal rafia mahkota, 1 bal rafia gajah, 2 bal rafia polos, 1 renceng ladaku, 20 pcs kaldu jamur 40 ml, 2 pcs tepung maizena, 3 botol minyak wijen 300 ml, 2 pcs kecap bango 700 ml, 1 pcs kecap bango 265 ml, 2 box sarung tangan latex, 4 pcs sunlight 1,5 L, 5 kg tomat, 0,5 kg seledri, 5 kg cabai merah keriting, 25 kg wortel, 15 kg kembang kol SPPG Susukan ke Bu Lis;kredit;100000;
13/11/2025;1131;Pembelian 1 bal rafia mahkota, 1 bal rafia gajah, 2 bal rafia polos, 1 renceng ladaku, 20 pcs kaldu jamur 40 ml, 2 pcs tepung maizena, 3 botol minyak wijen 300 ml, 2 pcs kecap bango 700 ml, 1 pcs kecap bango 265 ml, 2 box sarung tangan latex, 4 pcs sunlight 1,5 L, 5 kg tomat, 0,5 kg seledri, 5 kg cabai merah keriting, 25 kg wortel, 15 kg kembang kol SPPG Susukan ke Bu Lis;kredit;150000;
13/11/2025;1131;Pembelian 1 bal rafia mahkota, 1 bal rafia gajah, 2 bal rafia polos, 1 renceng ladaku, 20 pcs kaldu jamur 40 ml, 2 pcs tepung maizena, 3 botol minyak wijen 300 ml, 2 pcs kecap bango 700 ml, 1 pcs kecap bango 265 ml, 2 box sarung tangan latex, 4 pcs sunlight 1,5 L, 5 kg tomat, 0,5 kg seledri, 5 kg cabai merah keriting, 25 kg wortel, 15 kg kembang kol SPPG Susukan ke Bu Lis;kredit;52000;
13/11/2025;1131;Pembelian 1 bal rafia mahkota, 1 bal rafia gajah, 2 bal rafia polos, 1 renceng ladaku, 20 pcs kaldu jamur 40 ml, 2 pcs tepung maizena, 3 botol minyak wijen 300 ml, 2 pcs kecap bango 700 ml, 1 pcs kecap bango 265 ml, 2 box sarung tangan latex, 4 pcs sunlight 1,5 L, 5 kg tomat, 0,5 kg seledri, 5 kg cabai merah keriting, 25 kg wortel, 15 kg kembang kol SPPG Susukan ke Bu Lis;kredit;10500;
13/11/2025;1131;Pembelian 1 bal rafia mahkota, 1 bal rafia gajah, 2 bal rafia polos, 1 renceng ladaku, 20 pcs kaldu jamur 40 ml, 2 pcs tepung maizena, 3 botol minyak wijen 300 ml, 2 pcs kecap bango 700 ml, 1 pcs kecap bango 265 ml, 2 box sarung tangan latex, 4 pcs sunlight 1,5 L, 5 kg tomat, 0,5 kg seledri, 5 kg cabai merah keriting, 25 kg wortel, 15 kg kembang kol SPPG Susukan ke Bu Lis;kredit;96000;
13/11/2025;1131;Pembelian 1 bal rafia mahkota, 1 bal rafia gajah, 2 bal rafia polos, 1 renceng ladaku, 20 pcs kaldu jamur 40 ml, 2 pcs tepung maizena, 3 botol minyak wijen 300 ml, 2 pcs kecap bango 700 ml, 1 pcs kecap bango 265 ml, 2 box sarung tangan latex, 4 pcs sunlight 1,5 L, 5 kg tomat, 0,5 kg seledri, 5 kg cabai merah keriting, 25 kg wortel, 15 kg kembang kol SPPG Susukan ke Bu Lis;kredit;17000;
13/11/2025;1131;Pembelian 1 bal rafia mahkota, 1 bal rafia gajah, 2 bal rafia polos, 1 renceng ladaku, 20 pcs kaldu jamur 40 ml, 2 pcs tepung maizena, 3 botol minyak wijen 300 ml, 2 pcs kecap bango 700 ml, 1 pcs kecap bango 265 ml, 2 box sarung tangan latex, 4 pcs sunlight 1,5 L, 5 kg tomat, 0,5 kg seledri, 5 kg cabai merah keriting, 25 kg wortel, 15 kg kembang kol SPPG Susukan ke Bu Lis;kredit;150000;
13/11/2025;1131;Pembelian 1 bal rafia mahkota, 1 bal rafia gajah, 2 bal rafia polos, 1 renceng ladaku, 20 pcs kaldu jamur 40 ml, 2 pcs tepung maizena, 3 botol minyak wijen 300 ml, 2 pcs kecap bango 700 ml, 1 pcs kecap bango 265 ml, 2 box sarung tangan latex, 4 pcs sunlight 1,5 L, 5 kg tomat, 0,5 kg seledri, 5 kg cabai merah keriting, 25 kg wortel, 15 kg kembang kol SPPG Susukan ke Bu Lis;kredit;10000;
13/11/2025;1131;Pembelian 1 bal rafia mahkota, 1 bal rafia gajah, 2 bal rafia polos, 1 renceng ladaku, 20 pcs kaldu jamur 40 ml, 2 pcs tepung maizena, 3 botol minyak wijen 300 ml, 2 pcs kecap bango 700 ml, 1 pcs kecap bango 265 ml, 2 box sarung tangan latex, 4 pcs sunlight 1,5 L, 5 kg tomat, 0,5 kg seledri, 5 kg cabai merah keriting, 25 kg wortel, 15 kg kembang kol SPPG Susukan ke Bu Lis;kredit;260000;
13/11/2025;1131;Pembelian 1 bal rafia mahkota, 1 bal rafia gajah, 2 bal rafia polos, 1 renceng ladaku, 20 pcs kaldu jamur 40 ml, 2 pcs tepung maizena, 3 botol minyak wijen 300 ml, 2 pcs kecap bango 700 ml, 1 pcs kecap bango 265 ml, 2 box sarung tangan latex, 4 pcs sunlight 1,5 L, 5 kg tomat, 0,5 kg seledri, 5 kg cabai merah keriting, 25 kg wortel, 15 kg kembang kol SPPG Susukan ke Bu Lis;kredit;275000;
13/11/2025;1131;Pembelian 1 bal rafia mahkota, 1 bal rafia gajah, 2 bal rafia polos, 1 renceng ladaku, 20 pcs kaldu jamur 40 ml, 2 pcs tepung maizena, 3 botol minyak wijen 300 ml, 2 pcs kecap bango 700 ml, 1 pcs kecap bango 265 ml, 2 box sarung tangan latex, 4 pcs sunlight 1,5 L, 5 kg tomat, 0,5 kg seledri, 5 kg cabai merah keriting, 25 kg wortel, 15 kg kembang kol SPPG Susukan ke Bu Lis;kredit;325000;
13/11/2025;2111;Pembelian 1 bal rafia mahkota, 1 bal rafia gajah, 2 bal rafia polos, 1 renceng ladaku, 20 pcs kaldu jamur 40 ml, 2 pcs tepung maizena, 3 botol minyak wijen 300 ml, 2 pcs kecap bango 700 ml, 1 pcs kecap bango 265 ml, 2 box sarung tangan latex, 4 pcs sunlight 1,5 L, 5 kg tomat, 0,5 kg seledri, 5 kg cabai merah keriting, 25 kg wortel, 15 kg kembang kol SPPG Susukan ke Bu Lis;kredit;;2528000
13/11/2025;5111;Pengiriman barang PO SPPG Susukan dari gudang dan Bu Lis (pemesanan 13/11) ;kredit;6528000;
13/11/2025;1131;Pengiriman barang PO SPPG Susukan dari gudang dan Bu Lis (pemesanan 13/11) ;kredit;;6528000
13/11/2025;1123;Kas bon makan pengiriman;kredit;50000;
13/11/2025;1111;Kas bon makan pengiriman;kredit;;50000
13/11/2025;1111;Pelunasan kas bon biaya makan (13/11);kredit;50000;
13/11/2025;1123;Pelunasan kas bon biaya makan (13/11);kredit;;50000
13/11/2025;5171;Biaya makan pengiriman SPPG Susukan;kredit;30000;
13/11/2025;1111;Biaya makan pengiriman SPPG Susukan;kredit;;30000
13/11/2025;2111;Pelunasan utang ke supplier beras susukan (pembelian 10/11);kredit;6750000;
13/11/2025;1112;Pelunasan utang ke supplier beras susukan (pembelian 10/11);kredit;;6750000
13/11/2025;2111;Pelunasan utang ke Pak Anwar (pembukaan rekening PT SCS tanggal 10/11);kredit;1000000;
13/11/2025;5221;Pelunasan utang ke Pak Anwar (pembukaan rekening PT SCS tanggal 10/11);kredit;6500;
13/11/2025;1112;Pelunasan utang ke Pak Anwar (pembukaan rekening PT SCS tanggal 10/11);kredit;;1006500
14/11/2025;2111;Pelunasan utang ke Mas Denny (transaksi 12/11);kredit;1000000;
14/11/2025;5221;Pelunasan utang ke Mas Denny (transaksi 12/11);kredit;2500;
14/11/2025;1111;Pelunasan utang ke Mas Denny (transaksi 12/11);kredit;;1002500
14/11/2025;1112;Pelunasan piutang SPPG Merden (pemesanan 10/11);kredit;13051000;
14/11/2025;1121;Pelunasan piutang SPPG Merden (pemesanan 10/11);kredit;;13051000
14/11/2025;1121;Pelunasan piutang SPPG Merden (pemesanan 10/11);kredit;;13051000
14/11/2025;2111;Pelunasan utang ke supplier sayur Pak Eko (pembelian 11/11);kredit;5715000;
14/11/2025;1112;Pelunasan utang ke supplier sayur Pak Eko (pembelian 11/11);kredit;;5715000
14/11/2025;2111;Pelunasan utang ke supplier Bu Lis (pembelian 10/11);kredit;4686300;
14/11/2025;5221;Pelunasan utang ke supplier Bu Lis (pembelian 10/11);kredit;2500;
14/11/2025;1112;Pelunasan utang ke supplier Bu Lis (pembelian 10/11);kredit;;4688800
14/11/2025;1121;Pemesanan dari SPPG Kutabanjarnegara;kredit;104000;
14/11/2025;4111;Pemesanan dari SPPG Kutabanjarnegara;kredit;;104000
14/11/2025;5111;Pengiriman barang PO SPPG Kutabanjarnegara (pemesanan 14/11);kredit;89000;
14/11/2025;1131;Pengiriman barang PO SPPG Kutabanjarnegara (pemesanan 14/11);kredit;;89000
14/11/2025;5311;8 kg semangka busuk;kredit;64000;
14/11/2025;1131;8 kg semangka busuk;kredit;;64000
14/11/2025;1111;Penjualan 3,6 kg semangka di bazar;tunai;32500;
14/11/2025;4111;Penjualan 3,6 kg semangka di bazar;tunai;;32500
14/11/2025;5111;Penjualan 3,6 kg semangka di bazar;tunai;28800;
14/11/2025;1131;Penjualan 3,6 kg semangka di bazar;tunai;;28800
15/11/2025;1111;Penjualan 0,5 kg telur di bazar;tunai;14800;
15/11/2025;4111;Penjualan 0,5 kg telur di bazar;tunai;;14800
15/11/2025;5111;Penjualan 0,5 kg telur di bazar;tunai;13250;
15/11/2025;1131;Penjualan 0,5 kg telur di bazar;tunai;;13250
15/11/2025;1111;Penjualan 5 kg beras di bazar;tunai;75000;
15/11/2025;4111;Penjualan 5 kg beras di bazar;tunai;;75000
15/11/2025;5111;Penjualan 5 kg beras di bazar;tunai;70000;
15/11/2025;1131;Penjualan 5 kg beras di bazar;tunai;;70000
15/11/2025;1111;Penjualan 5 kg beras di bazar;tunai;75000;
15/11/2025;4111;Penjualan 5 kg beras di bazar;tunai;;75000
15/11/2025;5111;Penjualan 5 kg beras di bazar;tunai;70000;
15/11/2025;1131;Penjualan 5 kg beras di bazar;tunai;;70000
15/11/2025;1111;Penjualan 3 kg beras di bazar;tunai;45000;
15/11/2025;4111;Penjualan 3 kg beras di bazar;tunai;;45000
15/11/2025;5111;Penjualan 3 kg beras di bazar;tunai;42000;
15/11/2025;1131;Penjualan 3 kg beras di bazar;tunai;;42000
15/11/2025;1131;Pembelian 20 pcs saus delmonte BBQ 1 kg di Gunung Mas;uang Mas Dandi;650000;
15/11/2025;2111;Pembelian 20 pcs saus delmonte BBQ 1 kg di Gunung Mas;uang Mas Dandi;;650000
15/11/2025;1121;Pemesanan dari SPPG Merden;kredit;15992140;
15/11/2025;4111;Pemesanan dari SPPG Merden;kredit;;15992140
15/11/2025;1121;Pemesanan dari SPPG MBS Wanayasa;kredit;85881200;
15/11/2025;4111;Pemesanan dari SPPG MBS Wanayasa;kredit;;85881200
15/11/2025;1111;Penjualan 1 kg telur, 13 kg beras, dan 1 pcs minyak goreng 2 L di bazar;tunai;262400;
15/11/2025;4111;Penjualan 1 kg telur, 13 kg beras, dan 1 pcs minyak goreng 2 L di bazar;tunai;;262400
15/11/2025;5111;Penjualan 1 kg telur, 13 kg beras, dan 1 pcs minyak goreng 2 L di bazar;tunai;247300;
15/11/2025;1131;Penjualan 1 kg telur, 13 kg beras, dan 1 pcs minyak goreng 2 L di bazar;tunai;;247300
15/11/2025;2111;Pelunasan utang pembelian saus delmonte BBQ ke Mas Dandi (transaksi (15/11);tunai;650000;
15/11/2025;1111;Pelunasan utang pembelian saus delmonte BBQ ke Mas Dandi (transaksi (15/11);tunai;;650000
15/11/2025;1211;Pembelian peralatan rak penyimpanan gudang di shopee;tunai;517300;
15/11/2025;1111;Pembelian peralatan rak penyimpanan gudang di shopee;tunai;;517300
15/11/2025;1111;Penjualan 13 kg semangka di bazar;tunai;117000;
15/11/2025;4111;Penjualan 13 kg semangka di bazar;tunai;;117000
15/11/2025;5111;Penjualan 13 kg semangka di bazar;tunai;104000;
15/11/2025;1131;Penjualan 13 kg semangka di bazar;tunai;;104000
15/11/2025;1121;Pemesanan dari SPPG Susukan ;kredit;13602360;
15/11/2025;4111;Pemesanan dari SPPG Susukan ;kredit;;13602360
15/11/2025;1112;Pelunasan piutang SPPG Susukan (pemesanan 12/11);kredit;5689000;
15/11/2025;1121;Pelunasan piutang SPPG Susukan (pemesanan 12/11);kredit;;5689000
15/11/2025;1112;Pelunasan piutang SPPG Susukan (pemesanan 13/11);kredit;7667650;
15/11/2025;1121;Pelunasan piutang SPPG Susukan (pemesanan 13/11);kredit;;7667650
15/11/2025;2111;Pelunasan utang ke supplier jeruk dan semangka UD Pradipta (pembelian 11/11);kredit;5520000;
15/11/2025;1112;Pelunasan utang ke supplier jeruk dan semangka UD Pradipta (pembelian 11/11);kredit;;5520000
15/11/2025;2111;Pelunasan utang ke supplier melon dan timun Pak Pur (pembelian 9/11);kredit;2255000;
15/11/2025;1112;Pelunasan utang ke supplier melon dan timun Pak Pur (pembelian 9/11);kredit;;2255000
16/11/2025;1131;Pembelian barang persediaan ke SBS ;kredit;23301;
16/11/2025;1131;Pembelian barang persediaan ke SBS ;kredit;118790;
16/11/2025;1131;Pembelian barang persediaan ke SBS ;kredit;370608;
16/11/2025;1131;Pembelian barang persediaan ke SBS ;kredit;180800;
16/11/2025;1131;Pembelian barang persediaan ke SBS ;kredit;119783.82;
16/11/2025;1131;Pembelian barang persediaan ke SBS ;kredit;189040;
16/11/2025;1131;Pembelian barang persediaan ke SBS ;kredit;445575;
16/11/2025;1131;Pembelian barang persediaan ke SBS ;kredit;1075000;
16/11/2025;1131;Pembelian barang persediaan ke SBS ;kredit;447400;
16/11/2025;1131;Pembelian barang persediaan ke SBS ;kredit;129000;
16/11/2025;2111;Pembelian barang persediaan ke SBS ;kredit;;3099297.82
16/11/2025;1131;Pembelian barang persediaan untuk SPPG MBS Wanayasa ke Bu Lis;kredit;2317800;
16/11/2025;2111;Pembelian barang persediaan untuk SPPG MBS Wanayasa ke Bu Lis;kredit;;2317800
16/11/2025;5111;Pengiriman barang PO SPPG MBS Wanayasa (pemesanan 15/11);kredit;16327450;
16/11/2025;1131;Pengiriman barang PO SPPG MBS Wanayasa (pemesanan 15/11);kredit;;16327450
16/11/2025;1122;Kas bon biaya BBM;kredit;150000;
16/11/2025;1111;Kas bon biaya BBM;kredit;;150000
16/11/2025;1111;Pelunasan piutang kas bon biaya BBM (16/11);kredit;150000;
16/11/2025;1122;Pelunasan piutang kas bon biaya BBM (16/11);kredit;;150000
16/11/2025;5181;Biaya BBM pengiriman ke SPPG Wanayasa dan SPPG Merden;kredit;150000;
16/11/2025;1111;Biaya BBM pengiriman ke SPPG Wanayasa dan SPPG Merden;kredit;;150000
16/11/2025;5111;Pengiriman barang PO SPPG Merden (pemesanan 15/11, kecuali anggur);kredit;8628627.82;
16/11/2025;1131;Pengiriman barang PO SPPG Merden (pemesanan 15/11, kecuali anggur);kredit;;8628627.82
16/11/2025;1131;Pembelian barang persediaan untuk SPPG Susukan ke Bu Lis;kredit;2220500;
16/11/2025;2111;Pembelian barang persediaan untuk SPPG Susukan ke Bu Lis;kredit;;2220500
16/11/2025;5111;Pengiriman barang PO SPPG Susukan (pemesanan 15/11);kredit;11966470;
16/11/2025;1131;Pengiriman barang PO SPPG Susukan (pemesanan 15/11);kredit;;11966470
16/11/2025;1131;Pembelian 500 kg beras untuk SPPG Susukan ke supplier beras Susukan;kredit;6750000;
16/11/2025;2111;Pembelian 500 kg beras untuk SPPG Susukan ke supplier beras Susukan;kredit;;6750000
16/11/2025;5111;Pengiriman 500 kg beras SPPG Susukan dari supplier beras Susukan (pemesanan 15/11);kredit;6750000;
16/11/2025;1131;Pengiriman 500 kg beras SPPG Susukan dari supplier beras Susukan (pemesanan 15/11);kredit;;6750000
16/11/2025;1112;Pelunasan piutang SPPG Merden (pemesanan 12/11);kredit;9964120;
16/11/2025;1121;Pelunasan piutang SPPG Merden (pemesanan 12/11);kredit;;9964120
16/11/2025;1121;Pemesanan dari SPPG Susukan ;kredit;5950000;
16/11/2025;4111;Pemesanan dari SPPG Susukan ;kredit;;5950000
16/11/2025;1211;Pembelian peralatan timbangan digital 300 kg shopee COD;kredit;638700;
16/11/2025;2111;Pembelian peralatan timbangan digital 300 kg shopee COD;kredit;;638700
16/11/2025;1211;Pembelian troli besi 150 kg shopee COD;kredit;359368;
16/11/2025;2111;Pembelian troli besi 150 kg shopee COD;kredit;;359368
16/11/2025;1211;Pembelian 5 pcs krat keranjang 90 liter shopee COD;kredit;432680;
16/11/2025;2111;Pembelian 5 pcs krat keranjang 90 liter shopee COD;kredit;;432680
16/11/2025;1211;Pembelian timbangan crown shopee COD;kredit;111120;
16/11/2025;2111;Pembelian timbangan crown shopee COD;kredit;;111120
16/11/2025;1211;Pembelian krat keranjang shopee COD;kredit;349455;
16/11/2025;2111;Pembelian krat keranjang shopee COD;kredit;;349455
16/11/2025;5311;12 kg semangka busuk;kredit;96000;
16/11/2025;1131;12 kg semangka busuk;kredit;;96000
17/11/2025;1112;Pelunasan piutang SPPG Susukan (pemesanan 11/11);kredit;2495000;
17/11/2025;1121;Pelunasan piutang SPPG Susukan (pemesanan 11/11);kredit;;2495000
17/11/2025;1131;Pembelian 805 kg beras SPPG Merden ;kredit;10867500;
17/11/2025;2111;Pembelian 805 kg beras SPPG Merden ;kredit;;10867500
17/11/2025;1131;Pembelian barang persediaan ke SBS;kredit;7109400;
17/11/2025;2111;Pembelian barang persediaan ke SBS;kredit;;7109400
17/11/2025;1131;Pembelian 160 kg anggur SPPG Merden ke Bu Lis;kredit;5376000;
17/11/2025;2111;Pembelian 160 kg anggur SPPG Merden ke Bu Lis;kredit;;5376000
17/11/2025;5111;Pengiriman 160 kg anggur SPPG Merden dari Bu Lis (pemesanan 16/11);kredit;5376000;
17/11/2025;1131;Pengiriman 160 kg anggur SPPG Merden dari Bu Lis (pemesanan 16/11);kredit;;5376000
17/11/2025;1131;Pembelian barang PO SPPG MBS Wanayasa ke Bu Lis;kredit;18837700;
17/11/2025;2111;Pembelian barang PO SPPG MBS Wanayasa ke Bu Lis;kredit;;18837700
17/11/2025;1131;Pembelian 959 pcs sari roti milky soft SPPG MBS Wanayasa ;kredit;12946500;
17/11/2025;2111;Pembelian 959 pcs sari roti milky soft SPPG MBS Wanayasa ;kredit;;12946500
17/11/2025;5111;Pengiriman barang PO SPPG MBS Wanayasa (pemesanan 15/11);kredit;12946500;
17/11/2025;1131;Pengiriman barang PO SPPG MBS Wanayasa (pemesanan 15/11);kredit;;12946500
17/11/2025;5111;Pengiriman barang PO SPPG Susukan (pemesanan 16/11);kredit;4054800;
17/11/2025;1131;Pengiriman barang PO SPPG Susukan (pemesanan 16/11);kredit;;4054800
17/11/2025;1121;50 kg beras dan 24 kg semangka ke pandanarum (Pak Anwar);kredit;941000;
17/11/2025;4111;50 kg beras dan 24 kg semangka ke pandanarum (Pak Anwar);kredit;;941000
17/11/2025;5111;50 kg beras dan 24 kg semangka ke pandanarum (Pak Anwar);kredit;892000;
17/11/2025;1131;50 kg beras dan 24 kg semangka ke pandanarum (Pak Anwar);kredit;;892000
17/11/2025;5181;39,1 kg semangka dibagikan;kredit;312800;
17/11/2025;1131;39,1 kg semangka dibagikan;kredit;;312800
17/11/2025;1121;Pemesanan SPPG Merden (pengiriman 18/11);kredit;4917500;
17/11/2025;4111;Pemesanan SPPG Merden (pengiriman 18/11);kredit;;4917500
17/11/2025;5181;Biaya BBM dan makan pengiriman SPPG MBS Wanayasa dan SPPG Susukan;uang Pak Sodik;100000;
17/11/2025;5171;Biaya BBM dan makan pengiriman SPPG MBS Wanayasa dan SPPG Susukan;uang Pak Sodik;40000;
17/11/2025;2151;Biaya BBM dan makan pengiriman SPPG MBS Wanayasa dan SPPG Susukan;uang Pak Sodik;;100000
17/11/2025;2141;Biaya BBM dan makan pengiriman SPPG MBS Wanayasa dan SPPG Susukan;uang Pak Sodik;;40000
18/11/2025;2151;Pelunasan utang biaya BBM dan makan pengiriman SPPG MBS Wanayasa (17/11);uang Pak Sodik;100000;
18/11/2025;2141;Pelunasan utang biaya BBM dan makan pengiriman SPPG MBS Wanayasa (17/11);uang Pak Sodik;40000;
18/11/2025;1111;Pelunasan utang biaya BBM dan makan pengiriman SPPG MBS Wanayasa (17/11);uang Pak Sodik;;140000
18/11/2025;1131;Pembelian 200 kg telur tadus ;kredit;5160000;
18/11/2025;2111;Pembelian 200 kg telur tadus ;kredit;;5160000
18/11/2025;1131;Pembelian 5 pcs santan 1 liter di Gunung Mas;tunai;292500;
18/11/2025;1111;Pembelian 5 pcs santan 1 liter di Gunung Mas;tunai;;292500
18/11/2025;5191;Biaya parkir Gunung Mas;tunai;2000;
18/11/2025;1111;Biaya parkir Gunung Mas;tunai;;2000
18/11/2025;5191;Biaya parkir Topaz;tunai;2000;
18/11/2025;1111;Biaya parkir Topaz;tunai;;2000
18/11/2025;5111;Pengiriman barang PO SPPG Merden (pemesanan 17/11);tunai;4244050;
18/11/2025;1131;Pengiriman barang PO SPPG Merden (pemesanan 17/11);tunai;;4244050
18/11/2025;1131;Pembelian 150 kg melon, 60 kg kelengkeng, dan 518 pcs malkist SPPG MBS Wanayasa ke Bu Lis ;kredit;2250000;
18/11/2025;1131;Pembelian 150 kg melon, 60 kg kelengkeng, dan 518 pcs malkist SPPG MBS Wanayasa ke Bu Lis ;kredit;2508000;
18/11/2025;1131;Pembelian 150 kg melon, 60 kg kelengkeng, dan 518 pcs malkist SPPG MBS Wanayasa ke Bu Lis ;kredit;492100;
18/11/2025;2111;Pembelian 150 kg melon, 60 kg kelengkeng, dan 518 pcs malkist SPPG MBS Wanayasa ke Bu Lis ;kredit;;5250100
18/11/2025;5111;Pengiriman barang PO SPPG MBS Wanayasa (pemesanan 15/11);kredit;4758000;
18/11/2025;1131;Pengiriman barang PO SPPG MBS Wanayasa (pemesanan 15/11);kredit;;4758000
18/11/2025;1121;Penjualan 518 pcs malkist ke Bu Tati;kredit;621600;
18/11/2025;4111;Penjualan 518 pcs malkist ke Bu Tati;kredit;;621600
18/11/2025;5111;Penjualan 518 pcs malkist ke Bu Tati;kredit;492100;
18/11/2025;1131;Penjualan 518 pcs malkist ke Bu Tati;kredit;;492100
18/11/2025;1131;Pembelian 13 kg kacang polong dan 1 kecap ikan besar SPPG Susukan ke Bu Lis;kredit;747500;
18/11/2025;1131;Pembelian 13 kg kacang polong dan 1 kecap ikan besar SPPG Susukan ke Bu Lis;kredit;49000;
18/11/2025;2111;Pembelian 13 kg kacang polong dan 1 kecap ikan besar SPPG Susukan ke Bu Lis;kredit;;796500
18/11/2025;5111;Pengiriman barang PO SPPG Susukan (pemesanan 16/11);kredit;796500;
18/11/2025;1131;Pengiriman barang PO SPPG Susukan (pemesanan 16/11);kredit;;796500
18/11/2025;2111;Pelunasan utang pembelian 959 pcs sari roti (pembelian 17/11);kredit;12946500;
18/11/2025;5221;Pelunasan utang pembelian 959 pcs sari roti (pembelian 17/11);kredit;2500;
18/11/2025;1112;Pelunasan utang pembelian 959 pcs sari roti (pembelian 17/11);kredit;;12949000
18/11/2025;2111;Pelunasan utang pembelian 1050 kg beras SPPG Merden (pembelian 10/11);kredit;14175000;
18/11/2025;5221;Pelunasan utang pembelian 1050 kg beras SPPG Merden (pembelian 10/11);kredit;2500;
18/11/2025;1112;Pelunasan utang pembelian 1050 kg beras SPPG Merden (pembelian 10/11);kredit;;14177500
18/11/2025;2111;Pelunasan utang pembelian barang persediaan ke SBS (pembeliaan 16/11);kredit;3099297.82;
18/11/2025;6111;Pelunasan utang pembelian barang persediaan ke SBS (pembeliaan 16/11);kredit;;0.82
18/11/2025;1112;Pelunasan utang pembelian barang persediaan ke SBS (pembeliaan 16/11);kredit;;3099297
18/11/2025;1112;Kas masuk dari rekening BSI a.n. Galih Febianto;kredit;5000000;
18/11/2025;2111;Kas masuk dari rekening BSI a.n. Galih Febianto;kredit;;5000000
18/11/2025;2111;Pelunasan utang pembelian 200 kg telur tadus (pembelian 11/11);kredit;5160000;
18/11/2025;5221;Pelunasan utang pembelian 200 kg telur tadus (pembelian 11/11);kredit;2500;
18/11/2025;1112;Pelunasan utang pembelian 200 kg telur tadus (pembelian 11/11);kredit;;5162500
18/11/2025;2111;Pelunasan utang sebagian, 2480 pcs dari 2880 pcs, pembelian susu frisian flag fullcream 110 ml (pembelian 5/11) ;kredit;6014000;
18/11/2025;5221;Pelunasan utang sebagian, 2480 pcs dari 2880 pcs, pembelian susu frisian flag fullcream 110 ml (pembelian 5/11) ;kredit;2500;
18/11/2025;1112;Pelunasan utang sebagian, 2480 pcs dari 2880 pcs, pembelian susu frisian flag fullcream 110 ml (pembelian 5/11) ;kredit;;6016500
19/11/2025;2111;Pelunasan utang pembelian timbangan digital 300 kg shopee COD;kredit;638700;
19/11/2025;5211;Pelunasan utang pembelian timbangan digital 300 kg shopee COD;kredit;300;
19/11/2025;1111;Pelunasan utang pembelian timbangan digital 300 kg shopee COD;kredit;;639000
19/11/2025;1131;Pembelian 10 kacang polong, 70 kg mangga harum manis, 170 kg jeruk medan, 40 kg anggur, 6476 pcs biskuit roma, 10 kg jagung pipil SPPG MBS Wanayasa ke Bu Lis;kredit;575000;
19/11/2025;1131;Pembelian 10 kacang polong, 70 kg mangga harum manis, 170 kg jeruk medan, 40 kg anggur, 6476 pcs biskuit roma, 10 kg jagung pipil SPPG MBS Wanayasa ke Bu Lis;kredit;910000;
19/11/2025;1131;Pembelian 10 kacang polong, 70 kg mangga harum manis, 170 kg jeruk medan, 40 kg anggur, 6476 pcs biskuit roma, 10 kg jagung pipil SPPG MBS Wanayasa ke Bu Lis;kredit;4165000;
19/11/2025;1131;Pembelian 10 kacang polong, 70 kg mangga harum manis, 170 kg jeruk medan, 40 kg anggur, 6476 pcs biskuit roma, 10 kg jagung pipil SPPG MBS Wanayasa ke Bu Lis;kredit;1320000;
19/11/2025;1131;Pembelian 10 kacang polong, 70 kg mangga harum manis, 170 kg jeruk medan, 40 kg anggur, 6476 pcs biskuit roma, 10 kg jagung pipil SPPG MBS Wanayasa ke Bu Lis;kredit;12312000;
19/11/2025;1131;Pembelian 10 kacang polong, 70 kg mangga harum manis, 170 kg jeruk medan, 40 kg anggur, 6476 pcs biskuit roma, 10 kg jagung pipil SPPG MBS Wanayasa ke Bu Lis;kredit;175000;
19/11/2025;2111;Pembelian 10 kacang polong, 70 kg mangga harum manis, 170 kg jeruk medan, 40 kg anggur, 6476 pcs biskuit roma, 10 kg jagung pipil SPPG MBS Wanayasa ke Bu Lis;kredit;;19457000
19/11/2025;5111;Pengiriman barang PO SPPG MBS Wanayasa dari Bu Lis (pemesanan 15/11);kredit;38294700;
19/11/2025;1131;Pengiriman barang PO SPPG MBS Wanayasa dari Bu Lis (pemesanan 15/11);kredit;;38294700
19/11/2025;5181;Pembayaran upah untuk tenaga tambahan pengiriman ke SPPG MBS Wanayasa (16/11);kredit;50000;
19/11/2025;1111;Pembayaran upah untuk tenaga tambahan pengiriman ke SPPG MBS Wanayasa (16/11);kredit;;50000
20/11/2025;5171;Pembelian galon air isi ulang;tunai;35000;
20/11/2025;1111;Pembelian galon air isi ulang;tunai;;35000
20/11/2025;2111;Pelunasan pembelian peralatan troli dan krat shopee COD (pembelian 16/11);tunai;792048;
20/11/2025;1111;Pelunasan pembelian peralatan troli dan krat shopee COD (pembelian 16/11);tunai;;792048
20/11/2025;5171;Pembelian jajanan ringan;uang Mas Denny;25000;
20/11/2025;2141;Pembelian jajanan ringan;uang Mas Denny;;25000
20/11/2025;1112;Pelunasan piutang SPPG Susukan (pemesanan 15/11);uang Mas Denny;13602360;
20/11/2025;1121;Pelunasan piutang SPPG Susukan (pemesanan 15/11);uang Mas Denny;;13602360
20/11/2025;1112;Pelunasan piutang SPPG Susukan (pemesanan 16/11);uang Mas Denny;5006500;
20/11/2025;1121;Pelunasan piutang SPPG Susukan (pemesanan 16/11);uang Mas Denny;;5006500
20/11/2025;1112;Pelunasan piutang SPPG Susukan (pemesanan 16/11);uang Mas Denny;943500;
20/11/2025;1121;Pelunasan piutang SPPG Susukan (pemesanan 16/11);uang Mas Denny;;943500
21/11/2025;2111;Pelunasan utang pembelian 500 kg beras SPPG Susukan (pemesanan 16/11);uang Mas Denny;6750000;
21/11/2025;1112;Pelunasan utang pembelian 500 kg beras SPPG Susukan (pemesanan 16/11);uang Mas Denny;;6750000
21/11/2025;2111;Pelunasan utang pembelian 200 kg telur tadus dan pembayaran 60 peti kosong (pemesanan 13/11);uang Mas Denny;5180000;
21/11/2025;5211;Pelunasan utang pembelian 200 kg telur tadus dan pembayaran 60 peti kosong (pemesanan 13/11);uang Mas Denny;300000;
21/11/2025;5221;Pelunasan utang pembelian 200 kg telur tadus dan pembayaran 60 peti kosong (pemesanan 13/11);uang Mas Denny;2500;
21/11/2025;1112;Pelunasan utang pembelian 200 kg telur tadus dan pembayaran 60 peti kosong (pemesanan 13/11);uang Mas Denny;;5482500
21/11/2025;1112;Pelunasan piutang SPPG MBS Wanayasa (pemesanan 7/11);uang Mas Denny;28205400;
21/11/2025;1121;Pelunasan piutang SPPG MBS Wanayasa (pemesanan 7/11);uang Mas Denny;;28205400
21/11/2025;1112;Pelunasan piutang SPPG MBS Wanayasa (pemesanan 10/11);uang Mas Denny;19547000;
21/11/2025;1121;Pelunasan piutang SPPG MBS Wanayasa (pemesanan 10/11);uang Mas Denny;;19547000
21/11/2025;1112;Pelunasan piutang SPPG MBS Wanayasa (pemesanan 10/11);uang Mas Denny;36858800;
21/11/2025;1121;Pelunasan piutang SPPG MBS Wanayasa (pemesanan 10/11);uang Mas Denny;;36858800
21/11/2025;1112;Pelunasan piutang SPPG MBS Wanayasa (pemesanan 15/11);uang Mas Denny;18113700;
21/11/2025;1121;Pelunasan piutang SPPG MBS Wanayasa (pemesanan 15/11);uang Mas Denny;;18113700
21/11/2025;1112;Pelunasan piutang SPPG MBS Wanayasa (pemesanan 15/11);uang Mas Denny;17262000;
21/11/2025;1121;Pelunasan piutang SPPG MBS Wanayasa (pemesanan 15/11);uang Mas Denny;;17262000
21/11/2025;1112;Pelunasan piutang SPPG MBS Wanayasa (pemesanan 15/11);uang Mas Denny;5496000;
21/11/2025;1121;Pelunasan piutang SPPG MBS Wanayasa (pemesanan 15/11);uang Mas Denny;;5496000
21/11/2025;1112;Pelunasan piutang SPPG MBS Wanayasa (pemesanan 15/11);uang Mas Denny;45009500;
21/11/2025;1121;Pelunasan piutang SPPG MBS Wanayasa (pemesanan 15/11);uang Mas Denny;;45009500
21/11/2025;1112;Pelunasan piutang SPPG Merden (pemesanan 15/11);uang Mas Denny;15992140;
21/11/2025;1121;Pelunasan piutang SPPG Merden (pemesanan 15/11);uang Mas Denny;;15992140
21/11/2025;1112;Pelunasan piutang SPPG Merden (pemesanan 17/11);uang Mas Denny;4917500;
21/11/2025;1121;Pelunasan piutang SPPG Merden (pemesanan 17/11);uang Mas Denny;;4917500
21/11/2025;1121;Penjualan 0,5 kg telur ke Mas Denny;kredit;14800;
21/11/2025;4111;Penjualan 0,5 kg telur ke Mas Denny;kredit;;14800
21/11/2025;5111;Penjualan 0,5 kg telur ke Mas Denny;kredit;13150;
21/11/2025;1131;Penjualan 0,5 kg telur ke Mas Denny;kredit;;13150
21/11/2025;1121;Pemesanan dari SPPG MBS Wanayasa;kredit;XXX;
21/11/2025;4111;Pemesanan dari SPPG MBS Wanayasa;kredit;;XXX
22/11/2025;2111;Pelunasan pembelian peralatan timbangan crown shopee COD (pembelian 16/11);kredit;111120;
22/11/2025;5221;Pelunasan pembelian peralatan timbangan crown shopee COD (pembelian 16/11);kredit;2500;
22/11/2025;1111;Pelunasan pembelian peralatan timbangan crown shopee COD (pembelian 16/11);kredit;;113620
22/11/2025;1211;Pembelian toolkit;kredit;35000;
22/11/2025;1111;Pembelian toolkit;kredit;;35000
22/11/2025;1131;Pembelian 200 kg telur tadus ;kredit;5160000;
22/11/2025;2111;Pembelian 200 kg telur tadus ;kredit;;5160000
22/11/2025;1111;Penjualan 1 kg telur ke Pak Galih ;tunai;29500;
22/11/2025;4111;Penjualan 1 kg telur ke Pak Galih ;tunai;;29500
22/11/2025;5111;Penjualan 1 kg telur ke Pak Galih ;tunai;26500;
22/11/2025;1131;Penjualan 1 kg telur ke Pak Galih ;tunai;;26500
22/11/2025;2111;Pelunasan pembelian peralatan krat keranjang shopee COD (pembelian 16/11);tunai;349455;
22/11/2025;1111;Pelunasan pembelian peralatan krat keranjang shopee COD (pembelian 16/11);tunai;;349455
22/11/2025;1121;Pelunasan utang kas masuk ke BSI Pak Galih dan kas bon pembelian freezer ke BSI Pak Galih;tunai;6950000;
22/11/2025;2111;Pelunasan utang kas masuk ke BSI Pak Galih dan kas bon pembelian freezer ke BSI Pak Galih;tunai;5000000;
22/11/2025;5221;Pelunasan utang kas masuk ke BSI Pak Galih dan kas bon pembelian freezer ke BSI Pak Galih;tunai;2500;
22/11/2025;1112;Pelunasan utang kas masuk ke BSI Pak Galih dan kas bon pembelian freezer ke BSI Pak Galih;tunai;;11952500
22/11/2025;1111;Pelunasan kas bon pembelian freezer (22/11);tunai;6950000;
22/11/2025;1121;Pelunasan kas bon pembelian freezer (22/11);tunai;;6950000
22/11/2025;1211;Pembelian freezer ;tunai;6950000;
22/11/2025;1111;Pembelian freezer ;tunai;;6950000
22/11/2025;2111;Pelunasan utang ke Bu Lis (10/11 - 16/11);tunai;42909700;
22/11/2025;1124;Pelunasan utang ke Bu Lis (10/11 - 16/11);tunai;10000;
22/11/2025;5221;Pelunasan utang ke Bu Lis (10/11 - 16/11);tunai;2500;
22/11/2025;1112;Pelunasan utang ke Bu Lis (10/11 - 16/11);tunai;;42922200
22/11/2025;2111;Pelunasan utang pembelian barang persediaan ke SBS (pembelian 17/11);tunai;7109400;
22/11/2025;1112;Pelunasan utang pembelian barang persediaan ke SBS (pembelian 17/11);tunai;;7109400
22/11/2025;2111;Pelunasan utang pembelian 200 kg telur tadus (pembelian 18/11);tunai;5160000;
22/11/2025;5221;Pelunasan utang pembelian 200 kg telur tadus (pembelian 18/11);tunai;2500;
22/11/2025;1112;Pelunasan utang pembelian 200 kg telur tadus (pembelian 18/11);tunai;;5162500
22/11/2025;2111;Pelunasan utang sebagian, 4139 pcs dari 9000 pcs, pembelian susu uht 125 ml (pembelian 21/10) ;tunai;12417000;
22/11/2025;5221;Pelunasan utang sebagian, 4139 pcs dari 9000 pcs, pembelian susu uht 125 ml (pembelian 21/10) ;tunai;2500;
22/11/2025;1112;Pelunasan utang sebagian, 4139 pcs dari 9000 pcs, pembelian susu uht 125 ml (pembelian 21/10) ;tunai;;12419500
22/11/2025;2111;Pelunasan utang pembelian ke supplier sayur pak eko (pembelian 13/11);tunai;910000;
22/11/2025;1112;Pelunasan utang pembelian ke supplier sayur pak eko (pembelian 13/11);tunai;;910000
22/11/2025;1121;Pemesanan dari SPPG Susukan ;kredit;11880400;
22/11/2025;4111;Pemesanan dari SPPG Susukan ;kredit;;11880400
22/11/2025;1121;Pemesanan dari SPPG Merden;kredit;XXX;
22/11/2025;4111;Pemesanan dari SPPG Merden;kredit;;XXX
22/11/2025;1121;Pemesanan dari SPPG MBS Wanayasa;kredit;XXX;
22/11/2025;4111;Pemesanan dari SPPG MBS Wanayasa;kredit;;XXX
22/11/2025;1121;Pemesanan dari SPPG Kutabanjarnegara;kredit;XXX;
22/11/2025;4111;Pemesanan dari SPPG Kutabanjarnegara;kredit;;XXX
23/11/2025;1111;Penjualan 3,5 kg semangka ;tunai;31500;
23/11/2025;4111;Penjualan 3,5 kg semangka ;tunai;;31500
23/11/2025;5111;Penjualan 3,5 kg semangka ;tunai;28000;
23/11/2025;1131;Penjualan 3,5 kg semangka ;tunai;;28000
23/11/2025;1131;Pembelian barang persediaan ke SBS;kredit;14935383;
23/11/2025;2111;Pembelian barang persediaan ke SBS;kredit;;14935383
23/11/2025;1131;Pembelian mix veggies dan kentang ;kredit;10360000;
23/11/2025;1131;Pembelian mix veggies dan kentang ;kredit;6017500;
23/11/2025;2111;Pembelian mix veggies dan kentang ;kredit;;16377500
23/11/2025;5171;Akomodasi bakso;tunai;150000;
23/11/2025;1111;Akomodasi bakso;tunai;;150000
23/11/2025;1131;Pembelian barang PO SPPG MBS Wanayasa ke Bu Lis ;kredit;4954000;
23/11/2025;2111;Pembelian barang PO SPPG MBS Wanayasa ke Bu Lis ;kredit;;4954000
23/11/2025;1131;Pembelian barang PO SPPG Merden ke Bu Lis ;kredit;5976000;
23/11/2025;2111;Pembelian barang PO SPPG Merden ke Bu Lis ;kredit;;5976000
23/11/2025;1131;Pembelian barang PO SPPG Susukan ke Bu Lis ;kredit;3104500;
23/11/2025;2111;Pembelian barang PO SPPG Susukan ke Bu Lis ;kredit;;3104500
23/11/2025;1131;Pembelian 100 kg beras SPPG Susukan;kredit;1350000;
23/11/2025;2111;Pembelian 100 kg beras SPPG Susukan;kredit;;1350000
23/11/2025;5111;Pengiriman barang PO SPPG Merden (pemesanan 22/11);kredit;XXX;
23/11/2025;1131;Pengiriman barang PO SPPG Merden (pemesanan 22/11);kredit;;XXX
23/11/2025;5111;Pengiriman barang PO SPPG Susukan (pemesanan 22/11);kredit;XXX;
23/11/2025;1131;Pengiriman barang PO SPPG Susukan (pemesanan 22/11);kredit;;XXX
23/11/2025;5111;Pengiriman barang PO SPPG MBS Wanayasa (pemesanan 22/11);kredit;XXX;
23/11/2025;1131;Pengiriman barang PO SPPG MBS Wanayasa (pemesanan 22/11);kredit;;XXX
23/11/2025;5171;Akomodasi nasi goreng tim website;uang mas candra dkk;75000;
23/11/2025;2141;Akomodasi nasi goreng tim website;uang mas candra dkk;;75000
23/11/2025;1121;Pemesanan dari SPPG Susukan ;kredit;6125000;
23/11/2025;4111;Pemesanan dari SPPG Susukan ;kredit;;6125000
24/11/2025;5111;Pengiriman barang PO SPPG MBS Wanayasa (pemesanan 22/11);kredit;XXX;
24/11/2025;1131;Pengiriman barang PO SPPG MBS Wanayasa (pemesanan 22/11);kredit;;XXX
24/11/2025;5111;Pengiriman barang PO SPPG Merden (pemesanan 22/11);kredit;XXX;
24/11/2025;1131;Pengiriman barang PO SPPG Merden (pemesanan 22/11);kredit;;XXX
24/11/2025;5111;Pengiriman barang PO SPPG Kutabanjarnegara (pemesanan 22/11);kredit;XXX;
24/11/2025;1131;Pengiriman barang PO SPPG Kutabanjarnegara (pemesanan 22/11);kredit;;XXX
24/11/2025;5111;Pengiriman barang PO SPPG Susukan dari Bu Lis (pemesanan 22/11);kredit;XXX;
24/11/2025;1131;Pengiriman barang PO SPPG Susukan dari Bu Lis (pemesanan 22/11);kredit;;XXX
24/11/2025;1131;Pembelian barang PO SPPG Susukan ke Bu Lis ;kredit;3000000;
24/11/2025;2111;Pembelian barang PO SPPG Susukan ke Bu Lis ;kredit;;3000000
24/11/2025;1131;Pembelian barang PO SPPG Kutabanjarnegara ke Bu Lis ;kredit;4320000;
24/11/2025;2111;Pembelian barang PO SPPG Kutabanjarnegara ke Bu Lis ;kredit;;4320000
24/11/2025;1131;Pembelian 60 kg jagung putren;kredit;600000;
24/11/2025;2111;Pembelian 60 kg jagung putren;kredit;;600000
24/11/2025;1131;Pembelian 50 kg timun;kredit;500000;
24/11/2025;2111;Pembelian 50 kg timun;kredit;;500000
24/11/2025;1131;Pembelian 2070 pcs tahu kuning ;kredit;1138500;
24/11/2025;6111;Pembelian 2070 pcs tahu kuning ;kredit;;500
24/11/2025;2111;Pembelian 2070 pcs tahu kuning ;kredit;;1138000
24/11/2025;1131;Pembelian 155 kg edamame;kredit;5425000;
24/11/2025;2111;Pembelian 155 kg edamame;kredit;;5425000
24/11/2025;1131;Pembelian barang persediaan ke SBS;kredit;484800;
24/11/2025;2111;Pembelian barang persediaan ke SBS;kredit;;484800
24/11/2025;1131;Pembelian 130 kg ayam ;kredit;6370000;
24/11/2025;2111;Pembelian 130 kg ayam ;kredit;;6370000
24/11/2025;1111;Pengembalian kelebihan transfer ke Bu Lis;kredit;10000;
24/11/2025;1124;Pengembalian kelebihan transfer ke Bu Lis;kredit;;10000
24/11/2025;2141;Pelunasan utang pembelian jajanan kering ke Mas Denny;kredit;25000;
24/11/2025;1111;Pelunasan utang pembelian jajanan kering ke Mas Denny;kredit;;25000
24/11/2025;2141;Pelunasan utang pembelian akomodasi nasi goreng ke Mas Candra;kredit;75000;
24/11/2025;1111;Pelunasan utang pembelian akomodasi nasi goreng ke Mas Candra;kredit;;75000
24/11/2025;2111;Pelunasan utang pembelian 350 kg telur UD Pradipta Buah dari BSI Pak Galih;kredit;9275000;
24/11/2025;2151;Pelunasan utang pembelian 350 kg telur UD Pradipta Buah dari BSI Pak Galih;kredit;;9275000
25/11/2025;2151;Pelunasan pembayaran utang pembelian 350 kg telur UD Pradipta Buah dari BSI Pak Galih;kas di bank;9275000;
25/11/2025;5221;Pelunasan pembayaran utang pembelian 350 kg telur UD Pradipta Buah dari BSI Pak Galih;kas di bank;2500;
25/11/2025;1112;Pelunasan pembayaran utang pembelian 350 kg telur UD Pradipta Buah dari BSI Pak Galih;kas di bank;;9277500
25/11/2025;1121;Kas bon pembelian showcase ;kas di bank;3550000;
25/11/2025;5221;Kas bon pembelian showcase ;kas di bank;2500;
25/11/2025;1112;Kas bon pembelian showcase ;kas di bank;;3552500
25/11/2025;1111;Pelunasan kas bon pembelian showcase;tunai;3550000;
25/11/2025;1121;Pelunasan kas bon pembelian showcase;tunai;;3550000
25/11/2025;1211;Pembelian showcase NOTA BELUM ADA;tunai;3550000;
25/11/2025;1111;Pembelian showcase NOTA BELUM ADA;tunai;;3550000
25/11/2025;1111;Kas masuk untuk kas bon biaya BBM pengiriman;uang Mas Dandi;100000;
25/11/2025;2111;Kas masuk untuk kas bon biaya BBM pengiriman;uang Mas Dandi;;100000
25/11/2025;1122;Kas bon biaya BBM pengiriman;tunai;100000;
25/11/2025;1111;Kas bon biaya BBM pengiriman;tunai;;100000
25/11/2025;1111;Kas masuk dari kas di bank;tunai;10000000;
25/11/2025;5221;Kas masuk dari kas di bank;tunai;2500;
25/11/2025;1112;Kas masuk dari kas di bank;tunai;;10002500
25/11/2025;1131;Pembelian 29 kg tomat;kredit;406000;
25/11/2025;2111;Pembelian 29 kg tomat;kredit;;406000
25/11/2025;1131;Pembelian 2070 pcs tahu kulit;kredit;1242000;
25/11/2025;2111;Pembelian 2070 pcs tahu kulit;kredit;;1242000
25/11/2025;2111;Pelunasan utang pembelian 155 kg edamame;tunai;5425000;
25/11/2025;1111;Pelunasan utang pembelian 155 kg edamame;tunai;;5425000
25/11/2025;2111;Pelunasan utang pembelian 2070 pcs tahu kuning;tunai;1138000;
25/11/2025;1111;Pelunasan utang pembelian 2070 pcs tahu kuning;tunai;;1138000
25/11/2025;2111;Pelunasan utang kas masuk untuk kas bon akomodasi ke Mas Dandi;tunai;100000;
25/11/2025;1111;Pelunasan utang kas masuk untuk kas bon akomodasi ke Mas Dandi;tunai;;100000
25/11/2025;5181;Akomodasi BBM motor Pak Sodik NOTA BELUM ADA;tunai;20000;
25/11/2025;1111;Akomodasi BBM motor Pak Sodik NOTA BELUM ADA;tunai;;20000
25/11/2025;5181;Pembayaran upah untuk tenaga tambahan pengiriman ke SPPG MBS Wanayasa (16/11);tunai;50000;
25/11/2025;1111;Pembayaran upah untuk tenaga tambahan pengiriman ke SPPG MBS Wanayasa (16/11);tunai;;50000
25/11/2025;1111;Pelunasan kas bon biaya BBM pengiriman;tunai;100000;
25/11/2025;1122;Pelunasan kas bon biaya BBM pengiriman;tunai;;100000
25/11/2025;5181;Biaya BBM pengiriman;tunai;100000;
25/11/2025;1111;Biaya BBM pengiriman;tunai;;100000
25/11/2025;1131;Pembelian 3 kg timun;tunai;30000;
25/11/2025;1111;Pembelian 3 kg timun;tunai;;30000
25/11/2025;1211;Pembelian peralatan stop kontak listrik dan steker T;tunai;65000;
25/11/2025;1211;Pembelian peralatan stop kontak listrik dan steker T;tunai;22000;
25/11/2025;1111;Pembelian peralatan stop kontak listrik dan steker T;tunai;;87000
25/11/2025;1131;Pembelian 150 kg beras SPPG Susukan;kredit;2025000;
25/11/2025;2111;Pembelian 150 kg beras SPPG Susukan;kredit;;2025000
25/11/2025;1131;Pembelian 100 kg kelengkeng SPPG Kutabanjarnegara ke Bu Lis ;kredit;3750000;
25/11/2025;2111;Pembelian 100 kg kelengkeng SPPG Kutabanjarnegara ke Bu Lis ;kredit;;3750000
25/11/2025;1131;Pembelian 260 kg jeruk medan SPPG MBS Wanayasa ke Bu Lis ;kredit;6370000;
25/11/2025;2111;Pembelian 260 kg jeruk medan SPPG MBS Wanayasa ke Bu Lis ;kredit;;6370000
25/11/2025;1131;Pembelian 42 kg jagung manis;kredit;420000;
25/11/2025;2111;Pembelian 42 kg jagung manis;kredit;;420000
25/11/2025;1131;Pembelian 1 kg ayam;kredit;34500;
25/11/2025;2111;Pembelian 1 kg ayam;kredit;;34500
25/11/2025;5111;Pengiriman barang PO SPPG Kutabanjarnegara (pemesanan 22/11);kredit;XXX;
25/11/2025;1131;Pengiriman barang PO SPPG Kutabanjarnegara (pemesanan 22/11);kredit;;XXX
25/11/2025;5111;Pengiriman barang PO SPPG Merden (pemesanan 22/11);kredit;XXX;
25/11/2025;1131;Pengiriman barang PO SPPG Merden (pemesanan 22/11);kredit;;XXX
25/11/2025;5111;Pengiriman barang PO SPPG MBS Wanayasa dari Pak Eko dan Bu Lis (pemesanan 22/11);kredit;XXX;
25/11/2025;1131;Pengiriman barang PO SPPG MBS Wanayasa dari Pak Eko dan Bu Lis (pemesanan 22/11);kredit;;XXX
25/11/2025;2111;Pelunasan utang pembelian ke SBS (pembelian 23/11);kas di bank;14668683;
25/11/2025;1112;Pelunasan utang pembelian ke SBS (pembelian 23/11);kas di bank;;14668683
25/11/2025;2111;Pelunasan utang pembelian bamer dan baput ke Bu Lis (pembelian 8/11);kas di bank;1380000;
25/11/2025;5221;Pelunasan utang pembelian bamer dan baput ke Bu Lis (pembelian 8/11);kas di bank;2500;
25/11/2025;1112;Pelunasan utang pembelian bamer dan baput ke Bu Lis (pembelian 8/11);kas di bank;;1382500
25/11/2025;2111;Pelunasan utang pembelian SPPG MBS Wanayasa ke Bu Lis (pembelian 17/11);kas di bank;18837700;
25/11/2025;1112;Pelunasan utang pembelian SPPG MBS Wanayasa ke Bu Lis (pembelian 17/11);kas di bank;;18837700
25/11/2025;2111;Pelunasan utang pembelian mix vegetable dan kentang frozen (pembelian 23/11);kas di bank;16377500;
25/11/2025;5221;Pelunasan utang pembelian mix vegetable dan kentang frozen (pembelian 23/11);kas di bank;2500;
25/11/2025;1112;Pelunasan utang pembelian mix vegetable dan kentang frozen (pembelian 23/11);kas di bank;;16380000
25/11/2025;5211;Pelunasan pembayaran izin BPOM kopi;kas di bank;150000;
25/11/2025;5221;Pelunasan pembayaran izin BPOM kopi;kas di bank;2500;
25/11/2025;1112;Pelunasan pembayaran izin BPOM kopi;kas di bank;;152500
25/11/2025;5181;3 kg semangka dibagikan;kas di bank;24000;
25/11/2025;1131;3 kg semangka dibagikan;kas di bank;;24000
26/11/2025;1211;Pembelian peralatan rak penyimpanan gudang di shopee;tunai;499750;
26/11/2025;1111;Pembelian peralatan rak penyimpanan gudang di shopee;tunai;;499750
26/11/2025;1141;Pembelian perlengkapan ATK;tunai;75000;
26/11/2025;1141;Pembelian perlengkapan ATK;tunai;23000;
26/11/2025;1141;Pembelian perlengkapan ATK;tunai;22500;
26/11/2025;1141;Pembelian perlengkapan ATK;tunai;3500;
26/11/2025;1141;Pembelian perlengkapan ATK;tunai;8000;
26/11/2025;1141;Pembelian perlengkapan ATK;tunai;4000;
26/11/2025;1141;Pembelian perlengkapan ATK;tunai;7000;
26/11/2025;1141;Pembelian perlengkapan ATK;tunai;12000;
26/11/2025;1111;Pembelian perlengkapan ATK;tunai;;155000
26/11/2025;1141;Pembelian perlengkapan;tunai;68000;
26/11/2025;1141;Pembelian perlengkapan;tunai;4500;
26/11/2025;5181;Pembelian perlengkapan;tunai;500;
26/11/2025;1111;Pembelian perlengkapan;tunai;;73000
26/11/2025;1141;Pembelian perlengkapan kebersihan;tunai;19500;
26/11/2025;1141;Pembelian perlengkapan kebersihan;tunai;12000;
26/11/2025;1141;Pembelian perlengkapan kebersihan;tunai;22000;
26/11/2025;1141;Pembelian perlengkapan kebersihan;tunai;9500;
26/11/2025;1141;Pembelian perlengkapan kebersihan;tunai;7000;
26/11/2025;1111;Pembelian perlengkapan kebersihan;tunai;;70000
26/11/2025;5191;Biaya parkir di Topaz;tunai;2000;
26/11/2025;1111;Biaya parkir di Topaz;tunai;;2000
26/11/2025;1131;Pembelian barang persediaan ke SBS;kredit;4999900;
26/11/2025;2111;Pembelian barang persediaan ke SBS;kredit;;4999900
26/11/2025;1131;Pembelian 200 kg telur tadus ;kredit;5100000;
26/11/2025;2111;Pembelian 200 kg telur tadus ;kredit;;5100000
26/11/2025;1131;Pembelian 10 kg bawang putih;tunai;290000;
26/11/2025;1111;Pembelian 10 kg bawang putih;tunai;;290000
26/11/2025;1131;Pembelian 18 pcs minyak goreng 2 L di Gunung Mas;tunai;720000;
26/11/2025;1111;Pembelian 18 pcs minyak goreng 2 L di Gunung Mas;tunai;;720000
26/11/2025;1131;Pembelian 130 kg kelengkeng SPPG MBS Wanayasa ke Bu Lis;kredit;4875000;
26/11/2025;2111;Pembelian 130 kg kelengkeng SPPG MBS Wanayasa ke Bu Lis;kredit;;4875000
26/11/2025;1131;Pembelian 210 kg semangka dan 13 pcs oregano SPPG MBS Wanayasa ke Bu Lis;kredit;1953000;
26/11/2025;1131;Pembelian 210 kg semangka dan 13 pcs oregano SPPG MBS Wanayasa ke Bu Lis;kredit;221000;
26/11/2025;2111;Pembelian 210 kg semangka dan 13 pcs oregano SPPG MBS Wanayasa ke Bu Lis;kredit;;2174000
26/11/2025;1131;Pembelian 2600 pcs susu uht fullcream SPPG MBS Wanayasa ke Bu Lis;kredit;8060000;
26/11/2025;2111;Pembelian 2600 pcs susu uht fullcream SPPG MBS Wanayasa ke Bu Lis;kredit;;8060000
26/11/2025;1131;Pembelian 1400 pcs susu uht fullcream SPPG Merden ke Bu Lis;kredit;4340000;
26/11/2025;2111;Pembelian 1400 pcs susu uht fullcream SPPG Merden ke Bu Lis;kredit;;4340000
26/11/2025;1131;Pembelian 25 kg tauge;kredit;437500;
26/11/2025;2111;Pembelian 25 kg tauge;kredit;;437500
26/11/2025;1131;Pembelian 105 kg ayam;kredit;5040000;
26/11/2025;2111;Pembelian 105 kg ayam;kredit;;5040000
26/11/2025;5111;Pengiriman barang PO SPPG Kutabanjarnegara (pemesanan 22/11);kredit;XXX;
26/11/2025;1131;Pengiriman barang PO SPPG Kutabanjarnegara (pemesanan 22/11);kredit;;XXX
26/11/2025;5111;Pengiriman barang PO SPPG MBS Wanayasa (pemesanan 22/11);kredit;XXX;
26/11/2025;1131;Pengiriman barang PO SPPG MBS Wanayasa (pemesanan 22/11);kredit;;XXX
26/11/2025;5111;Pengiriman barang PO SPPG Merden (pemesanan 22/11);kredit;XXX;
26/11/2025;1131;Pengiriman barang PO SPPG Merden (pemesanan 22/11);kredit;;XXX
26/11/2025;1122;Kas bon biaya BBM dan makan pengiriman;tunai;150000;
26/11/2025;1123;Kas bon biaya BBM dan makan pengiriman;tunai;50000;
26/11/2025;1111;Kas bon biaya BBM dan makan pengiriman;tunai;;200000
26/11/2025;1111;Pelunasan kas bon biaya BBM dan makan pengiriman;tunai;200000;
26/11/2025;1122;Pelunasan kas bon biaya BBM dan makan pengiriman;tunai;;150000
26/11/2025;1123;Pelunasan kas bon biaya BBM dan makan pengiriman;tunai;;50000
26/11/2025;5181;Biaya BBM pengiriman;tunai;150000;
26/11/2025;1111;Biaya BBM pengiriman;tunai;;150000
26/11/2025;5171;Biaya makan pengiriman;tunai;50000;
26/11/2025;1111;Biaya makan pengiriman;tunai;;50000
27/11/2025;1131;Pembelian 2070 pcs tahu kuning;kredit;1138500;
27/11/2025;6111;Pembelian 2070 pcs tahu kuning;kredit;;500
27/11/2025;2111;Pembelian 2070 pcs tahu kuning;kredit;;1138000
27/11/2025;1131;Pembelian 40 kg jagung putren;kredit;400000;
27/11/2025;2111;Pembelian 40 kg jagung putren;kredit;;400000
27/11/2025;2111;Pelunasan utang pembelian 50 kg timun (pembelian 24/11);kas di bank;500000;
27/11/2025;1112;Pelunasan utang pembelian 50 kg timun (pembelian 24/11);kas di bank;;500000
27/11/2025;2111;Pelunasan utang pembelian 100 karton minyak goreng (pembelian 8/11);kas di bank;23280000;
27/11/2025;5221;Pelunasan utang pembelian 100 karton minyak goreng (pembelian 8/11);kas di bank;2500;
27/11/2025;1112;Pelunasan utang pembelian 100 karton minyak goreng (pembelian 8/11);kas di bank;;23282500
27/11/2025;1112;Pelunasan piutang penjualan malkist ke Bu Tati MBS Wanayasa (penjualan 18/11);kas di bank;621600;
27/11/2025;1121;Pelunasan piutang penjualan malkist ke Bu Tati MBS Wanayasa (penjualan 18/11);kas di bank;;621600
27/11/2025;2111;Pelunasan utang pembelian 200 kg telur tadus (pembelian 22/11);kas di bank;5160000;
27/11/2025;5221;Pelunasan utang pembelian 200 kg telur tadus (pembelian 22/11);kas di bank;2500;
27/11/2025;1112;Pelunasan utang pembelian 200 kg telur tadus (pembelian 22/11);kas di bank;;5162500
27/11/2025;2111;Pelunasan utang kekurangan ke SBS nota revisi (pembelian 23/11);kas di bank;266700;
27/11/2025;1112;Pelunasan utang kekurangan ke SBS nota revisi (pembelian 23/11);kas di bank;;266700
27/11/2025;1131;Pembelian 110 kg ayam;kredit;4950000;
27/11/2025;2111;Pembelian 110 kg ayam;kredit;;4950000
27/11/2025;5111;Pengiriman barang PO SPPG Kutabanjarnegara (pemesanan 22/11);kredit;XXX;
27/11/2025;1131;Pengiriman barang PO SPPG Kutabanjarnegara (pemesanan 22/11);kredit;;XXX
27/11/2025;1211;Pembelian pallet di shopee;uang Pak Galih;504300;
27/11/2025;2111;Pembelian pallet di shopee;uang Pak Galih;;504300
27/11/2025;1121;Pemesanan 500 kg beras SPPG Susukan ;kredit;7500000;
27/11/2025;4111;Pemesanan 500 kg beras SPPG Susukan ;kredit;;7500000
27/11/2025;1131;Pembelian 500 kg beras SPPG Susukan ke supplier beras Merden NOTA BELUM ADA;kredit;6750000;
27/11/2025;2111;Pembelian 500 kg beras SPPG Susukan ke supplier beras Merden NOTA BELUM ADA;kredit;;6750000
27/11/2025;5111;Pengiriman 500 kg beras SPPG Susukan dari supplier beras Merden (pemesanan 27/11);kredit;6750000;
27/11/2025;1131;Pengiriman 500 kg beras SPPG Susukan dari supplier beras Merden (pemesanan 27/11);kredit;;6750000
28/11/2025;1121;Pemesanan dari SPPG MBS Wanayasa;kredit;XXX;
28/11/2025;4111;Pemesanan dari SPPG MBS Wanayasa;kredit;;XXX
29/11/2025;1121;Pemesanan dari SPPG Merden;kredit;XXX;
29/11/2025;4111;Pemesanan dari SPPG Merden;kredit;;XXX
29/11/2025;1121;Pemesanan dari SPPG Kutabanjarnegara;kredit;XXX;
29/11/2025;4111;Pemesanan dari SPPG Kutabanjarnegara;kredit;;XXX
29/11/2025;1121;Pemesanan dari SPPG Susukan ;kredit;XXX;
29/11/2025;4111;Pemesanan dari SPPG Susukan ;kredit;;XXX
29/11/2025;1124;Kas keluar piutang ke SPPG pembuatan prasasti dapur Muhammadiyah;kas di bank;1350000;
29/11/2025;5221;Kas keluar piutang ke SPPG pembuatan prasasti dapur Muhammadiyah;kas di bank;2500;
29/11/2025;1112;Kas keluar piutang ke SPPG pembuatan prasasti dapur Muhammadiyah;kas di bank;;1352500
29/11/2025;1131;Pembelian 100 karton (600 pcs @ 2 L) minyak sania ;kredit;23340000;
29/11/2025;2111;Pembelian 100 karton (600 pcs @ 2 L) minyak sania ;kredit;;23340000
29/11/2025;1131;Pembelian 100 karton susu ultramilk fullcream ;kredit;12200000;
29/11/2025;2111;Pembelian 100 karton susu ultramilk fullcream ;kredit;;12200000
29/11/2025;1131;Pembelian kacang polong;kredit;4680000;
29/11/2025;2111;Pembelian kacang polong;kredit;;4680000
29/11/2025;1112;Pelunasan piutang penjualan SPPG Susukan (pemesanan 22/11);kas di bank;11880400;
29/11/2025;1121;Pelunasan piutang penjualan SPPG Susukan (pemesanan 22/11);kas di bank;;11880400
29/11/2025;1112;Pelunasan piutang penjualan SPPG Susukan (pemesanan 23/11);kas di bank;6125000;
29/11/2025;1121;Pelunasan piutang penjualan SPPG Susukan (pemesanan 23/11);kas di bank;;6125000
29/11/2025;1112;Pelunasan piutang penjualan SPPG Susukan (pemesanan 27/11);kas di bank;7500000;
29/11/2025;1121;Pelunasan piutang penjualan SPPG Susukan (pemesanan 27/11);kas di bank;;7500000
30/11/2025;2111;Pelunasan utang pembelian peralatan laptop, printer, mouse, dan akomodasi BBM ke Pak Anwar;kas di bank;4635000;
30/11/2025;2151;Pelunasan utang pembelian peralatan laptop, printer, mouse, dan akomodasi BBM ke Pak Anwar;kas di bank;100000;
30/11/2025;5221;Pelunasan utang pembelian peralatan laptop, printer, mouse, dan akomodasi BBM ke Pak Anwar;kas di bank;2500;
30/11/2025;1112;Pelunasan utang pembelian peralatan laptop, printer, mouse, dan akomodasi BBM ke Pak Anwar;kas di bank;;4737500
30/11/2025;1131;Pembelian 200 kg telur tadus ;kredit;5140000;
30/11/2025;2111;Pembelian 200 kg telur tadus ;kredit;;5140000
30/11/2025;1131;Pembelian barang persediaan ke SBS;kredit;15387632;
30/11/2025;2111;Pembelian barang persediaan ke SBS;kredit;;15387632
30/11/2025;1131;Pembelian 2100 pcs tahu kulit;kredit;1260000;
30/11/2025;2111;Pembelian 2100 pcs tahu kulit;kredit;;1260000
30/11/2025;1131;Pembelian 175 kg ayam;kredit;5950000;
30/11/2025;2111;Pembelian 175 kg ayam;kredit;;5950000
30/11/2025;1131;Pembelian barang PO SPPG Susukan ke Bu Lis ;kredit;11058000;
30/11/2025;2111;Pembelian barang PO SPPG Susukan ke Bu Lis ;kredit;;11058000
30/11/2025;1131;Pembelian barang PO SPPG Kutabanjarnegara ke Bu Lis ;kredit;2300000;
30/11/2025;2111;Pembelian barang PO SPPG Kutabanjarnegara ke Bu Lis ;kredit;;2300000
30/11/2025;5111;Pengiriman ke SPPG MBS Wanayasa (pemesanan 28/11);kredit;XXX;
30/11/2025;1131;Pengiriman ke SPPG MBS Wanayasa (pemesanan 28/11);kredit;;XXX
30/11/2025;5111;Pengiriman ke SPPG Kutabanjarnegara (pemesanan 29/11);kredit;XXX;
30/11/2025;1131;Pengiriman ke SPPG Kutabanjarnegara (pemesanan 29/11);kredit;;XXX
30/11/2025;5111;Pengiriman ke SPPG Merden (pemesanan 29/11);kredit;XXX;
30/11/2025;1131;Pengiriman ke SPPG Merden (pemesanan 29/11);kredit;;XXX
30/11/2025;5111;Pengiriman ke SPPG Susukan (pemesanan 29/11);kredit;XXX;
30/11/2025;1131;Pengiriman ke SPPG Susukan (pemesanan 29/11);kredit;;XXX
30/11/2025;1111;Kas masuk untuk biaya BBM pengiriman;uang Mas Dandi;150000;
30/11/2025;2111;Kas masuk untuk biaya BBM pengiriman;uang Mas Dandi;;150000
30/11/2025;1122;Kas bon biaya BBM pengiriman;tunai;150000;
30/11/2025;1111;Kas bon biaya BBM pengiriman;tunai;;150000
30/11/2025;1111;Kas masuk untuk akomodasi makan pengiriman;uang Pak Sodik;25000;
30/11/2025;2141;Kas masuk untuk akomodasi makan pengiriman;uang Pak Sodik;;25000
30/11/2025;1123;Kas bon akomodasi makan pengiriman;tunai;25000;
30/11/2025;1111;Kas bon akomodasi makan pengiriman;tunai;;25000
30/11/2025;1111;Pelunasan kas bon biaya BBM pengiriman;tunai;150000;
30/11/2025;1122;Pelunasan kas bon biaya BBM pengiriman;tunai;;150000
30/11/2025;1111;Pelunasan kas bon akomodasi makan pengiriman;tunai;25000;
30/11/2025;1123;Pelunasan kas bon akomodasi makan pengiriman;tunai;;25000
30/11/2025;5181;Biaya BBM pengiriman;tunai;150000;
30/11/2025;1111;Biaya BBM pengiriman;tunai;;150000
30/11/2025;5171;Akomodasi makan pengiriman;tunai;25000;
30/11/2025;1111;Akomodasi makan pengiriman;tunai;;25000
30/11/2025;2111;Pelunasan utang pembelian 100 kg beras SPPG Susukan (pembelian 23/11);kas di bank;1350000;
30/11/2025;1112;Pelunasan utang pembelian 100 kg beras SPPG Susukan (pembelian 23/11);kas di bank;;1350000
30/11/2025;2111;Pelunasan utang pembelian 150 kg beras SPPG Susukan (pembelian 25/11);kas di bank;2025000;
30/11/2025;1112;Pelunasan utang pembelian 150 kg beras SPPG Susukan (pembelian 25/11);kas di bank;;2025000
30/11/2025;2111;Pelunasan utang pembelian ayam (pembelian 24/11, 25/11, 26/11, 27/11);kas di bank;16394500;
30/11/2025;5221;Pelunasan utang pembelian ayam (pembelian 24/11, 25/11, 26/11, 27/11);kas di bank;2500;
30/11/2025;1112;Pelunasan utang pembelian ayam (pembelian 24/11, 25/11, 26/11, 27/11);kas di bank;;16397000
