05/11/2025;Pembelian susu frisian flag UHT 110 ml 2880 pcs;-;1131;6984000;0
05/11/2025;Pembelian susu frisian flag UHT 110 ml 2880 pcs;-;2111;0;6984000
06/11/2025;Pembelian peralatan laptop kantor;-;1211;2985000;0
06/11/2025;Pembelian peralatan laptop kantor;-;2111;0;2985000
06/11/2025;Pembelian peralatan printer kantor;-;1211;1550000;0
06/11/2025;Pembelian peralatan printer kantor;-;2111;0;1550000
06/11/2025;Pembelian peralatan 2 pcs mouse;-;1211;100000;0
06/11/2025;Pembelian peralatan 2 pcs mouse;-;2111;0;100000
07/11/2025;Pembelian akomodasi makan dan minum rapat;-;5171;135000;0
07/11/2025;Pembelian akomodasi makan dan minum rapat;-;2141;0;135000
08/11/2025;Pembelian 20 kg bawang merah dan 20 kg bawang putih;-;1131;1380000;0
08/11/2025;Pembelian 20 kg bawang merah dan 20 kg bawang putih;-;2111;0;1380000
08/11/2025;Pembelian 100 karton minyak sania 2 L (600 pcs);-;1131;23280000;0
08/11/2025;Pembelian 100 karton minyak sania 2 L (600 pcs);-;2111;0;23280000
08/11/2025;Extra 1 karton (6 pcs) pembelian minyak sania 2 L;-;1131;232800;0
08/11/2025;Extra 1 karton (6 pcs) pembelian minyak sania 2 L;-;6111;0;232800
08/11/2025;Pembelian 2500 kg beras;-;1131;35000000;0
08/11/2025;Pembelian 2500 kg beras;-;2111;0;35000000
08/11/2025;Pembelian akomodasi makan;-;5171;40000;0
08/11/2025;Pembelian akomodasi makan;-;2141;0;40000
09/11/2025;Kas masuk dari Pak Anwar untuk belanja persediaan;-;1111;500000;0
09/11/2025;Kas masuk dari Pak Anwar untuk belanja persediaan;-;2111;0;500000
09/11/2025;Pembelian 180 kg melon ke Pak Pur;-;1131;1980000;0
09/11/2025;Pembelian 180 kg melon ke Pak Pur;-;2111;0;1980000
09/11/2025;Pembelian 55 kg timun ke Pak Pur;-;1131;275000;0
09/11/2025;Pembelian 55 kg timun ke Pak Pur;-;2111;0;275000
09/11/2025;Pembelian susu clevo 115 ml 58 pcs;-;1131;168200;0
09/11/2025;Pembelian susu clevo 115 ml 58 pcs;-;2111;0;168200
09/11/2025;Pembelian 25 kg timun;-;1131;200000;0
09/11/2025;Pembelian 25 kg timun;-;2111;0;200000
09/11/2025;Pengiriman SPPG MBS Wanayasa (pemesanan 7/11);-;5111;18313600;0
09/11/2025;Pengiriman SPPG MBS Wanayasa (pemesanan 7/11);-;1131;0;18313600
09/11/2025;Pengiriman SPPG MBS Wanayasa (pemesanan 7/11);-;1121;20330400;0
09/11/2025;Pengiriman SPPG MBS Wanayasa (pemesanan 7/11);-;4111;0;20330400
09/11/2025;Pembelian akomodasi makan pengiriman SPPG MBS Wanayasa;-;5171;83000;0
09/11/2025;Pembelian akomodasi makan pengiriman SPPG MBS Wanayasa;-;2141;0;83000
09/11/2025;Pembelian BBM pengiriman SPPG MBS Wanayasa;-;5171;248608;0
09/11/2025;Pembelian BBM pengiriman SPPG MBS Wanayasa;-;2141;0;248608
09/11/2025;Pembelian persediaan dan perlengkapan di Gunung Mas;-;1131;459600;0
09/11/2025;Pembelian persediaan dan perlengkapan di Gunung Mas;-;1141;4260;0
09/11/2025;Pembelian persediaan dan perlengkapan di Gunung Mas;-;1111;0;463860
09/11/2025;Parkir di Gunung Mas;-;5191;2000;0
09/11/2025;Parkir di Gunung Mas;-;1111;0;2000
09/11/2025;Pembelian 3 pcs tepung di Topaz;-;1131;30600;0
09/11/2025;Pembelian 3 pcs tepung di Topaz;-;5211;500;0
09/11/2025;Pembelian 3 pcs tepung di Topaz;-;1111;0;31100
09/11/2025;Pembelian ATK nota dan kwitansi;-;1141;13000;0
09/11/2025;Pembelian ATK nota dan kwitansi;-;2111;0;13000
10/11/2025;Pembukaan rekening PT SCS;-;1112;1000000;0
10/11/2025;Pembukaan rekening PT SCS;-;2111;0;1000000
10/11/2025;Kas masuk untuk belanja persediaan;-;1111;1000000;0
10/11/2025;Kas masuk untuk belanja persediaan;-;2111;0;1000000
10/11/2025;Pembelian 5 kg bawang merah dan 15 kg bawang putih;-;1131;635000;0
10/11/2025;Pembelian 5 kg bawang merah dan 15 kg bawang putih;-;1111;0;635000
10/11/2025;Pembelian 15 kg gula pasir;-;1131;262500;0
10/11/2025;Pembelian 15 kg gula pasir;-;1111;0;262500
10/11/2025;Pembelian 210 kg anggur SPPG MBS Wanayasa;-;1131;6877500;0
10/11/2025;Pembelian 210 kg anggur SPPG MBS Wanayasa;-;2111;0;6877500
10/11/2025;Pengiriman 210 kg anggur SPPG MBS Wanayasa (pemesanan 7/11);-;5111;6877500;0
10/11/2025;Pengiriman 210 kg anggur SPPG MBS Wanayasa (pemesanan 7/11);-;1131;0;6877500
10/11/2025;Pengiriman 210 kg anggur SPPG MBS Wanayasa (pemesanan 7/11);-;1121;7875000;0
10/11/2025;Pengiriman 210 kg anggur SPPG MBS Wanayasa (pemesanan 7/11);-;4111;0;7875000
10/11/2025;Pembelian 1050 kg beras SPPG Merden;-;1131;14175000;0
10/11/2025;Pembelian 1050 kg beras SPPG Merden;-;2111;0;14175000
10/11/2025;Pembelian 500 kg beras SPPG Susukan;-;1131;6750000;0
10/11/2025;Pembelian 500 kg beras SPPG Susukan;-;2111;0;6750000
10/11/2025;Pembelian persediaan SPPG Merden;-;1131;4686300;0
10/11/2025;Pembelian persediaan SPPG Merden;-;2111;0;4686300
10/11/2025;Pengiriman SPPG Merden (pemesanan 9/11);-;5111;20939100;0
10/11/2025;Pengiriman SPPG Merden (pemesanan 9/11);-;1131;0;20939100
10/11/2025;Pengiriman SPPG Merden (pemesanan 9/11);-;1121;23492000;0
10/11/2025;Pengiriman SPPG Merden (pemesanan 9/11);-;4111;0;23492000
10/11/2025;Pengiriman SPPG Susukan (pemesanan 10/11);-;5111;8368700;0
10/11/2025;Pengiriman SPPG Susukan (pemesanan 10/11);-;1131;0;8368700
10/11/2025;Pengiriman SPPG Susukan (pemesanan 10/11);-;1121;9330000;0
10/11/2025;Pengiriman SPPG Susukan (pemesanan 10/11);-;4111;0;9330000
10/11/2025;Pembelian akomodasi makan pengiriman SPPG Merden dan SPPG Susukan;-;5171;42000;0
10/11/2025;Pembelian akomodasi makan pengiriman SPPG Merden dan SPPG Susukan;-;2141;0;42000
10/11/2025;Kas masuk untuk belanja persediaan;-;1111;1500000;0
10/11/2025;Kas masuk untuk belanja persediaan;-;2111;0;1500000
10/11/2025;Pembelian 7 kg bawang merah, 20 kg bawang putih, dan 4 kg bawang bombai;-;1131;954000;0
10/11/2025;Pembelian 7 kg bawang merah, 20 kg bawang putih, dan 4 kg bawang bombai;-;1111;0;954000
10/11/2025;Pembelian 5 pcs tepung terigu di Topaz;-;1131;51000;0
10/11/2025;Pembelian 5 pcs tepung terigu di Topaz;-;5211;500;0
10/11/2025;Pembelian 5 pcs tepung terigu di Topaz;-;1111;0;51500
10/11/2025;Pembelian 30 kg tepung panir di Topaz;-;1131;375000;0
10/11/2025;Pembelian 30 kg tepung panir di Topaz;-;1111;0;375000
10/11/2025;Parkir di Topaz;-;5191;3000;0
10/11/2025;Parkir di Topaz;-;1111;0;3000
10/11/2025;Pembelian BBM;-;5171;100000;0
10/11/2025;Pembelian BBM;-;2141;0;100000
11/11/2025;Kas masuk untuk belanja persediaan;-;1111;1000000;0
11/11/2025;Kas masuk untuk belanja persediaan;-;2111;0;1000000
11/11/2025;Pembelian 200 kg telur tadus;-;1131;5160000;0
11/11/2025;Pembelian 200 kg telur tadus;-;2111;0;5160000
11/11/2025;Pembelian 250 kg jeruk dan 90 kg jagung pipil SPPG MBS Wanayasa;-;1131;5780000;0
11/11/2025;Pembelian 250 kg jeruk dan 90 kg jagung pipil SPPG MBS Wanayasa;-;2111;0;5780000
11/11/2025;Pengiriman SPPG MBS Wanayasa (pemesanan 10/11);-;5111;17730800;0
11/11/2025;Pengiriman SPPG MBS Wanayasa (pemesanan 10/11);-;1131;0;17730800
11/11/2025;Pengiriman SPPG MBS Wanayasa (pemesanan 10/11);-;1121;19547000;0
11/11/2025;Pengiriman SPPG MBS Wanayasa (pemesanan 10/11);-;4111;0;19547000
11/11/2025;Pembelian 9 pack kantong kresek putih dan 2 pack plastik boyo 2,5 kg;-;1141;100600;0
11/11/2025;Pembelian 9 pack kantong kresek putih dan 2 pack plastik boyo 2,5 kg;-;2111;0;100600
11/11/2025;Pelunasan utang pembelian kantong kresek dan plastik;-;2111;100600;0
11/11/2025;Pelunasan utang pembelian kantong kresek dan plastik;-;1111;0;100600
11/11/2025;Pembelian ATK kertas HVS;-;1141;51500;0
11/11/2025;Pembelian ATK kertas HVS;-;2111;0;51500
11/11/2025;Pelunasan piutang SPPG Merden (pengiriman 10/11);-;1112;23492000;0
11/11/2025;Pelunasan piutang SPPG Merden (pengiriman 10/11);-;1121;0;23492000
11/11/2025;Kas masuk untuk kas harian;-;1111;10000000;0
11/11/2025;Kas masuk untuk kas harian;-;5221;6500;0
11/11/2025;Kas masuk untuk kas harian;-;1112;0;10006500
11/11/2025;Pembelian 430 pcs tempe;-;1131;1032000;0
11/11/2025;Pembelian 430 pcs tempe;-;2111;0;1032000
11/11/2025;Pembelian 350 kg telur UD Pradipta Buah;-;1131;9275000;0
11/11/2025;Pembelian 350 kg telur UD Pradipta Buah;-;2111;0;9275000
11/11/2025;Pembelian 78 kg brokoli, 78 kg tauge, 30 kg selada, 40 kg wortel;-;1131;5715000;0
11/11/2025;Pembelian 78 kg brokoli, 78 kg tauge, 30 kg selada, 40 kg wortel;-;2111;0;5715000
11/11/2025;Pembelian 250 kg jeruk dan 190 kg semangka UD Pradipta Buah;-;1131;5520000;0
11/11/2025;Pembelian 250 kg jeruk dan 190 kg semangka UD Pradipta Buah;-;2111;0;5520000
11/11/2025;Kas masuk untuk belanja persediaan;-;1111;1000000;0
11/11/2025;Kas masuk untuk belanja persediaan;-;2111;0;1000000
11/11/2025;Pembelian 10 kg bawang merah, 10 kg bawang putih, dan 1 kg gula pasir;-;1131;657500;0
11/11/2025;Pembelian 10 kg bawang merah, 10 kg bawang putih, dan 1 kg gula pasir;-;1111;0;657500
11/11/2025;Pelunasan utang ke Pak Galih;-;2111;4900200;0
11/11/2025;Pelunasan utang ke Pak Galih;-;2141;373608;0
11/11/2025;Pelunasan utang ke Pak Galih;-;5221;2500;0
11/11/2025;Pelunasan utang ke Pak Galih;-;1111;0;5276308
11/11/2025;Pembelian persediaan SPPG Merden;-;1131;4625000;0
11/11/2025;Pembelian persediaan SPPG Merden;-;2111;0;4625000
11/11/2025;Pengiriman SPPG Merden (pemesanan 10/11);-;5111;10239000;0
11/11/2025;Pengiriman SPPG Merden (pemesanan 10/11);-;1131;0;10239000
11/11/2025;Pengiriman SPPG Merden (pemesanan 10/11);-;1121;13051000;0
11/11/2025;Pengiriman SPPG Merden (pemesanan 10/11);-;4111;0;13051000
11/11/2025;Pengiriman SPPG Susukan (pemesanan 11/11);-;5111;2318400;0
11/11/2025;Pengiriman SPPG Susukan (pemesanan 11/11);-;1131;0;2318400
11/11/2025;Pengiriman SPPG Susukan (pemesanan 11/11);-;1121;2495000;0
11/11/2025;Pengiriman SPPG Susukan (pemesanan 11/11);-;4111;0;2495000
11/11/2025;Kas bon BBM pengiriman;-;1123;150000;0
11/11/2025;Kas bon BBM pengiriman;-;1111;0;150000
11/11/2025;Penukaran 1 pcs gula pasir pecah SPPG Susukan;-;5311;17500;0
11/11/2025;Penukaran 1 pcs gula pasir pecah SPPG Susukan;-;5111;0;17500
11/11/2025;Penukaran 1 pcs gula pasir pecah SPPG Susukan;-;5111;17500;0
11/11/2025;Penukaran 1 pcs gula pasir pecah SPPG Susukan;-;1131;0;17500
11/11/2025;Gula pasir pecah untuk operasional;-;5171;17500;0
11/11/2025;Gula pasir pecah untuk operasional;-;5311;0;17500
11/11/2025;Pembelian akomodasi makan;-;5171;74000;0
11/11/2025;Pembelian akomodasi makan;-;1111;0;74000
11/11/2025;Penjualan 1 kg telur ke Pak Galih;-;5111;26500;0
11/11/2025;Penjualan 1 kg telur ke Pak Galih;-;1131;0;26500
11/11/2025;Penjualan 1 kg telur ke Pak Galih;-;1121;29500;0
11/11/2025;Penjualan 1 kg telur ke Pak Galih;-;4111;0;29500
12/11/2025;Pelunasan kas bon BBM pengiriman (11/11);-;1111;150000;0
12/11/2025;Pelunasan kas bon BBM pengiriman (11/11);-;1123;0;150000
12/11/2025;Pembelian BBM pengiriman SPPG Merden dan SPPG Susukan (11/11);-;5171;150000;0
12/11/2025;Pembelian BBM pengiriman SPPG Merden dan SPPG Susukan (11/11);-;1111;0;150000
12/11/2025;Pelunasan utang kas masuk untuk belanja persediaan ke Mas Denny;-;2111;1000000;0
12/11/2025;Pelunasan utang kas masuk untuk belanja persediaan ke Mas Denny;-;5221;2500;0
12/11/2025;Pelunasan utang kas masuk untuk belanja persediaan ke Mas Denny;-;1111;0;1002500
12/11/2025;Pembelian persediaan SPPG MBS Wanayasa;-;1131;13688400;0
12/11/2025;Pembelian persediaan SPPG MBS Wanayasa;-;2111;0;13688400
12/11/2025;Pengiriman SPPG MBS Wanayasa (pemesanan 10/11);-;5111;28010500;0
12/11/2025;Pengiriman SPPG MBS Wanayasa (pemesanan 10/11);-;1131;0;28010500
12/11/2025;Pengiriman SPPG MBS Wanayasa (pemesanan 10/11);-;1121;35818800;0
12/11/2025;Pengiriman SPPG MBS Wanayasa (pemesanan 10/11);-;4111;0;35818800
12/11/2025;Kas bon akomodasi makan pengiriman;-;1123;50000;0
12/11/2025;Kas bon akomodasi makan pengiriman;-;1111;0;50000
12/11/2025;Penukaran 2 kg telur pecah SPPG MBS Wanayasa;-;5311;51600;0
12/11/2025;Penukaran 2 kg telur pecah SPPG MBS Wanayasa;-;5111;0;51600
12/11/2025;Penukaran 2 kg telur pecah SPPG MBS Wanayasa;-;5111;53000;0
12/11/2025;Penukaran 2 kg telur pecah SPPG MBS Wanayasa;-;1131;0;53000
12/11/2025;Kas masuk untuk belanja persediaan;-;1111;1000000;0
12/11/2025;Kas masuk untuk belanja persediaan;-;2111;0;1000000
12/11/2025;Pembelian ATK;-;1141;160500;0
12/11/2025;Pembelian ATK;-;1111;0;160500
12/11/2025;Pembelian 14.990 g kecap bango, 1 kg tepung tapioka, dan 6 pcs garam;-;1131;517700;0
12/11/2025;Pembelian 14.990 g kecap bango, 1 kg tepung tapioka, dan 6 pcs garam;-;1111;0;517700
12/11/2025;Pembelian peralatan dan perlengkapan gudang;-;1141;315400;0
12/11/2025;Pembelian peralatan dan perlengkapan gudang;-;1211;336500;0
12/11/2025;Pembelian peralatan dan perlengkapan gudang;-;1111;0;651900
12/11/2025;Pembelian akomodasi minum;-;5171;5500;0
12/11/2025;Pembelian akomodasi minum;-;1111;0;5500
12/11/2025;Parkir di Depo Pelita;-;5191;4000;0
12/11/2025;Parkir di Depo Pelita;-;1111;0;4000
12/11/2025;Pembelian perlengkapan gudang;-;1141;190000;0
12/11/2025;Pembelian perlengkapan gudang;-;1111;0;190000
12/11/2025;Pengiriman SPPG Merden (pemesanan 12/11);-;5111;7567500;0
12/11/2025;Pengiriman SPPG Merden (pemesanan 12/11);-;1131;0;7567500
12/11/2025;Pengiriman SPPG Merden (pemesanan 12/11);-;1121;9964120;0
12/11/2025;Pengiriman SPPG Merden (pemesanan 12/11);-;4111;0;9964120
12/11/2025;Pelunasan kas bon akomodasi makan pengiriman (12/11);-;1111;50000;0
12/11/2025;Pelunasan kas bon akomodasi makan pengiriman (12/11);-;1123;0;50000
12/11/2025;Pembelian akomodasi makan pengiriman SPPG MBS Wanayasa;-;5171;32000;0
12/11/2025;Pembelian akomodasi makan pengiriman SPPG MBS Wanayasa;-;1111;0;32000
12/11/2025;Pembelian akomodasi makan pengiriman SPPG Merden;-;5171;18000;0
12/11/2025;Pembelian akomodasi makan pengiriman SPPG Merden;-;1111;0;18000
12/11/2025;Pembelian persediaan SPPG Susukan;-;1131;4872500;0
12/11/2025;Pembelian persediaan SPPG Susukan;-;2111;0;4872500
12/11/2025;Pengiriman SPPG Susukan (pemesanan 12/11);-;5111;4872500;0
12/11/2025;Pengiriman SPPG Susukan (pemesanan 12/11);-;1131;0;4872500
12/11/2025;Pengiriman SPPG Susukan (pemesanan 12/11);-;1121;5689000;0
12/11/2025;Pengiriman SPPG Susukan (pemesanan 12/11);-;4111;0;5689000
12/11/2025;Pelunasan piutang penjualan 1 kg telur ke Pak Galih;-;1111;29500;0
12/11/2025;Pelunasan piutang penjualan 1 kg telur ke Pak Galih;-;1121;0;29500
13/11/2025;Pelunasan piutang SPPG Susukan (pengiriman 10/11);-;1112;9330000;0
13/11/2025;Pelunasan piutang SPPG Susukan (pengiriman 10/11);-;1121;0;9330000
13/11/2025;Pembelian 200 kg telur tadus;-;1131;5180000;0
13/11/2025;Pembelian 200 kg telur tadus;-;2111;0;5180000
13/11/2025;Pembelian 65 kg kacang panjang SPPG MBS Wanayasa;-;1131;910000;0
13/11/2025;Pembelian 65 kg kacang panjang SPPG MBS Wanayasa;-;2111;0;910000
13/11/2025;Pengiriman 65 kg kacang panjang SPPG MBS Wanayasa (pemesanan 10/11);-;5111;910000;0
13/11/2025;Pengiriman 65 kg kacang panjang SPPG MBS Wanayasa (pemesanan 10/11);-;1131;0;910000
13/11/2025;Pengiriman 65 kg kacang panjang SPPG MBS Wanayasa (pemesanan 10/11);-;1121;1040000;0
13/11/2025;Pengiriman 65 kg kacang panjang SPPG MBS Wanayasa (pemesanan 10/11);-;4111;0;1040000
13/11/2025;Pembelian persediaan SPPG Susukan;-;1131;2528000;0
13/11/2025;Pembelian persediaan SPPG Susukan;-;2111;0;2528000
13/11/2025;Pengiriman SPPG Susukan (pemesanan 13/11);-;5111;6528000;0
13/11/2025;Pengiriman SPPG Susukan (pemesanan 13/11);-;1131;0;6528000
13/11/2025;Pengiriman SPPG Susukan (pemesanan 13/11);-;1121;7667650;0
13/11/2025;Pengiriman SPPG Susukan (pemesanan 13/11);-;4111;0;7667650
13/11/2025;Kas bon akomodasi makan pengiriman;-;1123;50000;0
13/11/2025;Kas bon akomodasi makan pengiriman;-;1111;0;50000
13/11/2025;Pelunasan kas bon akomodasi makan pengiriman (13/11);-;1111;50000;0
13/11/2025;Pelunasan kas bon akomodasi makan pengiriman (13/11);-;1123;0;50000
13/11/2025;Pembelian akomodasi makan pengiriman SPPG Susukan;-;5171;30000;0
13/11/2025;Pembelian akomodasi makan pengiriman SPPG Susukan;-;1111;0;30000
13/11/2025;Pelunasan utang pembelian 500 kg beras SPPG Susukan (pembelian 10/11);-;2111;6750000;0
13/11/2025;Pelunasan utang pembelian 500 kg beras SPPG Susukan (pembelian 10/11);-;1112;0;6750000
13/11/2025;Pelunasan utang kas masuk pembukaan rekening PT SCS ke Pak Anwar;-;2111;1000000;0
13/11/2025;Pelunasan utang kas masuk pembukaan rekening PT SCS ke Pak Anwar;-;5221;6500;0
13/11/2025;Pelunasan utang kas masuk pembukaan rekening PT SCS ke Pak Anwar;-;1112;0;1006500
14/11/2025;Pelunasan utang kas masuk untuk belanja persediaan ke Mas Denny;-;2111;1000000;0
14/11/2025;Pelunasan utang kas masuk untuk belanja persediaan ke Mas Denny;-;5221;2500;0
14/11/2025;Pelunasan utang kas masuk untuk belanja persediaan ke Mas Denny;-;1111;0;1002500
14/11/2025;Pelunasan piutang SPPG Merden (pengiriman 11/11);-;1112;13051000;0
14/11/2025;Pelunasan piutang SPPG Merden (pengiriman 11/11);-;1121;0;13051000
14/11/2025;Pelunasan utang pembelian persediaan ke Berkah Saputra (pembelian 11/11);-;2111;5715000;0
14/11/2025;Pelunasan utang pembelian persediaan ke Berkah Saputra (pembelian 11/11);-;1112;0;5715000
14/11/2025;Pelunasan utang pembelian persediaan ke Bu Lis (pembelian 10/11);-;2111;4686300;0
14/11/2025;Pelunasan utang pembelian persediaan ke Bu Lis (pembelian 10/11);-;5221;2500;0
14/11/2025;Pelunasan utang pembelian persediaan ke Bu Lis (pembelian 10/11);-;1112;0;4688800
14/11/2025;Pengiriman SPPG Kutabanjarnegara (pemesanan 14/11);-;5111;89000;0
14/11/2025;Pengiriman SPPG Kutabanjarnegara (pemesanan 14/11);-;1131;0;89000
14/11/2025;Pengiriman SPPG Kutabanjarnegara (pemesanan 14/11);-;1121;104000;0
14/11/2025;Pengiriman SPPG Kutabanjarnegara (pemesanan 14/11);-;4111;0;104000
14/11/2025;8 kg persediaan semangka busuk;-;5311;64000;0
14/11/2025;8 kg persediaan semangka busuk;-;1131;0;64000
14/11/2025;Penjualan 3,6 kg semangka acara bazar;-;5111;28800;0
14/11/2025;Penjualan 3,6 kg semangka acara bazar;-;1131;0;28800
14/11/2025;Penjualan 3,6 kg semangka acara bazar;-;1111;32500;0
14/11/2025;Penjualan 3,6 kg semangka acara bazar;-;4111;0;32500
15/11/2025;Penjualan 0,5 kg telur acara bazar;-;5111;13250;0
15/11/2025;Penjualan 0,5 kg telur acara bazar;-;1131;0;13250
15/11/2025;Penjualan 0,5 kg telur acara bazar;-;1111;14800;0
15/11/2025;Penjualan 0,5 kg telur acara bazar;-;4111;0;14800
15/11/2025;Penjualan 5 kg beras acara bazar;-;5111;70000;0
15/11/2025;Penjualan 5 kg beras acara bazar;-;1131;0;70000
15/11/2025;Penjualan 5 kg beras acara bazar;-;1111;75000;0
15/11/2025;Penjualan 5 kg beras acara bazar;-;4111;0;75000
15/11/2025;Penjualan 5 kg beras acara bazar;-;5111;70000;0
15/11/2025;Penjualan 5 kg beras acara bazar;-;1131;0;70000
15/11/2025;Penjualan 5 kg beras acara bazar;-;1111;75000;0
15/11/2025;Penjualan 5 kg beras acara bazar;-;4111;0;75000
15/11/2025;Penjualan 3 kg beras acara bazar;-;5111;42000;0
15/11/2025;Penjualan 3 kg beras acara bazar;-;1131;0;42000
15/11/2025;Penjualan 3 kg beras acara bazar;-;1111;45000;0
15/11/2025;Penjualan 3 kg beras acara bazar;-;4111;0;45000
15/11/2025;Pembelian 20 del monte saus BBQ 1 kg di Gunung Mas;-;1131;650000;0
15/11/2025;Pembelian 20 del monte saus BBQ 1 kg di Gunung Mas;-;2111;0;650000
15/11/2025;Penjualan 1 kg telur, 13 kg beras, dan 1 pcs minyak goreng acara bazar;-;5111;247300;0
15/11/2025;Penjualan 1 kg telur, 13 kg beras, dan 1 pcs minyak goreng acara bazar;-;1131;0;247300
15/11/2025;Penjualan 1 kg telur, 13 kg beras, dan 1 pcs minyak goreng acara bazar;-;1111;262400;0
15/11/2025;Penjualan 1 kg telur, 13 kg beras, dan 1 pcs minyak goreng acara bazar;-;4111;0;262400
15/11/2025;Pelunasan utang pembelian del monte saus BBQ ke Mas Dandi;-;2111;650000;0
15/11/2025;Pelunasan utang pembelian del monte saus BBQ ke Mas Dandi;-;1111;0;650000
15/11/2025;Pembelian rak penyimpanan gudang di shopee;-;1211;517300;0
15/11/2025;Pembelian rak penyimpanan gudang di shopee;-;1111;0;517300
15/11/2025;Penjualan 13 kg semangka acara bazar;-;5111;104000;0
15/11/2025;Penjualan 13 kg semangka acara bazar;-;1131;0;104000
15/11/2025;Penjualan 13 kg semangka acara bazar;-;1111;117000;0
15/11/2025;Penjualan 13 kg semangka acara bazar;-;4111;0;117000
15/11/2025;Pelunasan piutang SPPG Susukan (pengiriman 12/11);-;1112;5689000;0
15/11/2025;Pelunasan piutang SPPG Susukan (pengiriman 12/11);-;1121;0;5689000
15/11/2025;Pelunasan piutang SPPG Susukan (pengiriman 13/11);-;1112;7667650;0
15/11/2025;Pelunasan piutang SPPG Susukan (pengiriman 13/11);-;1121;0;7667650
15/11/2025;Pelunasan utang pembelian jeruk dan semangka (pembelian 11/11);-;2111;5520000;0
15/11/2025;Pelunasan utang pembelian jeruk dan semangka (pembelian 11/11);-;1112;0;5520000
15/11/2025;Pelunasan utang pembelian melon dan timun (pembelian 9/11);-;2111;2255000;0
15/11/2025;Pelunasan utang pembelian melon dan timun (pembelian 9/11);-;1112;0;2255000
16/11/2025;Pembelian persediaan ke SBS;-;1131;3099298;0
16/11/2025;Pembelian persediaan ke SBS;-;2111;0;3099298
16/11/2025;Pembelian persediaan SPPG MBS Wanayasa;-;1131;2317800;0
16/11/2025;Pembelian persediaan SPPG MBS Wanayasa;-;2111;0;2317800
16/11/2025;Pengiriman SPPG MBS Wanayasa (pemesanan 15/11);-;5111;16320200;0
16/11/2025;Pengiriman SPPG MBS Wanayasa (pemesanan 15/11);-;1131;0;16320200
16/11/2025;Pengiriman SPPG MBS Wanayasa (pemesanan 15/11);-;1121;18113700;0
16/11/2025;Pengiriman SPPG MBS Wanayasa (pemesanan 15/11);-;4111;0;18113700
16/11/2025;Kas bon BBM dan akomodasi makan pengiriman;-;1123;150000;0
16/11/2025;Kas bon BBM dan akomodasi makan pengiriman;-;1111;0;150000
16/11/2025;Pelunasan kas bon BBM dan akomodasi makan pengiriman;-;1111;150000;0
16/11/2025;Pelunasan kas bon BBM dan akomodasi makan pengiriman;-;1123;0;150000
16/11/2025;Pembelian BBM;-;5171;100000;0
16/11/2025;Pembelian BBM;-;1111;0;100000
16/11/2025;Pembelian akomodasi makan pengiriman;-;5171;50000;0
16/11/2025;Pembelian akomodasi makan pengiriman;-;1111;0;50000
16/11/2025;Pengiriman SPPG Merden kecuali anggur (pemesanan 15/11);-;5111;8568628;0
16/11/2025;Pengiriman SPPG Merden kecuali anggur (pemesanan 15/11);-;1131;0;8568628
16/11/2025;Pengiriman SPPG Merden kecuali anggur (pemesanan 15/11);-;1121;9992140;0
16/11/2025;Pengiriman SPPG Merden kecuali anggur (pemesanan 15/11);-;4111;0;9992140
16/11/2025;Pembelian persediaan SPPG Susukan;-;1131;2220500;0
16/11/2025;Pembelian persediaan SPPG Susukan;-;2111;0;2220500
16/11/2025;Pembelian 500 kg beras SPPG Susukan;-;1131;6750000;0
16/11/2025;Pembelian 500 kg beras SPPG Susukan;-;2111;0;6750000
16/11/2025;Pengiriman SPPG Susukan (pemesanan 15/11);-;5111;11966470;0
16/11/2025;Pengiriman SPPG Susukan (pemesanan 15/11);-;1131;0;11966470
16/11/2025;Pengiriman SPPG Susukan (pemesanan 15/11);-;1121;13602360;0
16/11/2025;Pengiriman SPPG Susukan (pemesanan 15/11);-;4111;0;13602360
16/11/2025;Pelunasan piutang SPPG Merden (pengiriman 12/11);-;1112;9964120;0
16/11/2025;Pelunasan piutang SPPG Merden (pengiriman 12/11);-;1121;0;9964120
16/11/2025;Pembelian timbangan digital 300 kg shopee COD;-;1211;638700;0
16/11/2025;Pembelian timbangan digital 300 kg shopee COD;-;2111;0;638700
16/11/2025;Pembelian troli besi 150 kg shopee COD;-;1211;359368;0
16/11/2025;Pembelian troli besi 150 kg shopee COD;-;2111;0;359368
16/11/2025;Pembelian 5 pcs krat keranjang 90 liter shopee COD;-;1211;432680;0
16/11/2025;Pembelian 5 pcs krat keranjang 90 liter shopee COD;-;2111;0;432680
16/11/2025;Pembelian timbangan crown shopee COD;-;1211;111120;0
16/11/2025;Pembelian timbangan crown shopee COD;-;2111;0;111120
16/11/2025;Pembelian krat keranjang shopee COD;-;1211;349455;0
16/11/2025;Pembelian krat keranjang shopee COD;-;2111;0;349455
16/11/2025;12 kg persediaan semangka busuk;-;5311;96000;0
16/11/2025;12 kg persediaan semangka busuk;-;1131;0;96000
17/11/2025;Pelunasan piutang SPPG Susukan (pengiriman 11/11);-;1112;2495000;0
17/11/2025;Pelunasan piutang SPPG Susukan (pengiriman 11/11);-;1121;0;2495000
17/11/2025;Pembelian 805 kg beras SPPG Merden;-;1131;10867500;0
17/11/2025;Pembelian 805 kg beras SPPG Merden;-;2111;0;10867500
17/11/2025;Pembelian persediaan ke SBS;-;1131;7109400;0
17/11/2025;Pembelian persediaan ke SBS;-;2111;0;7109400
17/11/2025;Pembelian 160 kg anggur SPPG Merden;-;1131;5376000;0
17/11/2025;Pembelian 160 kg anggur SPPG Merden;-;2111;0;5376000
17/11/2025;Pengiriman 160 kg anggur SPPG Merden (pemesanan 15/11);-;5111;5376000;0
17/11/2025;Pengiriman 160 kg anggur SPPG Merden (pemesanan 15/11);-;1131;0;5376000
17/11/2025;Pengiriman 160 kg anggur SPPG Merden (pemesanan 15/11);-;1121;6000000;0
17/11/2025;Pengiriman 160 kg anggur SPPG Merden (pemesanan 15/11);-;4111;0;6000000
17/11/2025;Pembelian persediaan SPPG MBS Wanayasa;-;1131;18837700;0
17/11/2025;Pembelian persediaan SPPG MBS Wanayasa;-;2111;0;18837700
17/11/2025;Pembelian 959 pcs sari roti;-;1131;12946500;0
17/11/2025;Pembelian 959 pcs sari roti;-;2111;0;12946500
17/11/2025;Pengiriman SPPG MBS Wanayasa (pemesanan 15/11);-;5111;12946500;0
17/11/2025;Pengiriman SPPG MBS Wanayasa (pemesanan 15/11);-;1131;0;12946500
17/11/2025;Pengiriman SPPG MBS Wanayasa (pemesanan 15/11);-;1121;17262000;0
17/11/2025;Pengiriman SPPG MBS Wanayasa (pemesanan 15/11);-;4111;0;17262000
17/11/2025;Pengiriman SPPG Susukan (pemesanan 16/11);-;5111;4054800;0
17/11/2025;Pengiriman SPPG Susukan (pemesanan 16/11);-;1131;0;4054800
17/11/2025;Pengiriman SPPG Susukan (pemesanan 16/11);-;1121;5006500;0
17/11/2025;Pengiriman SPPG Susukan (pemesanan 16/11);-;4111;0;5006500
17/11/2025;Penjualan 50 kg beras dan 24 kg semangka untuk Pandanarum ke Pak Anwar;-;5111;892000;0
17/11/2025;Penjualan 50 kg beras dan 24 kg semangka untuk Pandanarum ke Pak Anwar;-;1131;0;892000
17/11/2025;Penjualan 50 kg beras dan 24 kg semangka untuk Pandanarum ke Pak Anwar;-;1121;941000;0
17/11/2025;Penjualan 50 kg beras dan 24 kg semangka untuk Pandanarum ke Pak Anwar;-;4111;0;941000
17/11/2025;39,1 kg persediaan semangka dibagikan;-;5171;312800;0
17/11/2025;39,1 kg persediaan semangka dibagikan;-;1131;0;312800
17/11/2025;Utang untuk pembelian BBM;-;5171;100000;0
17/11/2025;Utang untuk pembelian BBM;-;2141;0;100000
17/11/2025;Utang untuk pembelian akomodasi makan pengiriman;-;5171;40000;0
17/11/2025;Utang untuk pembelian akomodasi makan pengiriman;-;2141;0;40000
18/11/2025;Pelunasan utang pembelian BBM ke Pak Sodik;-;2141;100000;0
18/11/2025;Pelunasan utang pembelian BBM ke Pak Sodik;-;1111;0;100000
18/11/2025;Pelunasan utang pembelian akomodasi makan pengiriman ke Pak Sodik;-;2141;40000;0
18/11/2025;Pelunasan utang pembelian akomodasi makan pengiriman ke Pak Sodik;-;1111;0;40000
18/11/2025;Pembelian 200 kg telur tadus;-;1131;5160000;0
18/11/2025;Pembelian 200 kg telur tadus;-;2111;0;5160000
18/11/2025;Pembelian 5 pcs santan 1 liter di Gunung Mas;-;1131;292500;0
18/11/2025;Pembelian 5 pcs santan 1 liter di Gunung Mas;-;1111;0;292500
18/11/2025;Parkir di Topaz;-;5191;2000;0
18/11/2025;Parkir di Topaz;-;1111;0;2000
18/11/2025;Parkir di Gunung Mas;-;5191;2000;0
18/11/2025;Parkir di Gunung Mas;-;1111;0;2000
18/11/2025;Pengiriman SPPG Merden (pemesanan 17/11);-;5111;4169050;0
18/11/2025;Pengiriman SPPG Merden (pemesanan 17/11);-;1131;0;4169050
18/11/2025;Pengiriman SPPG Merden (pemesanan 17/11);-;1121;4917500;0
18/11/2025;Pengiriman SPPG Merden (pemesanan 17/11);-;4111;0;4917500
18/11/2025;Pembelian persediaan SPPG MBS Wanayasa;-;1131;5250100;0
18/11/2025;Pembelian persediaan SPPG MBS Wanayasa;-;2111;0;5250100
18/11/2025;Pengiriman SPPG MBS Wanayasa (pemesanan 15/11);-;5111;4758000;0
18/11/2025;Pengiriman SPPG MBS Wanayasa (pemesanan 15/11);-;1131;0;4758000
18/11/2025;Pengiriman SPPG MBS Wanayasa (pemesanan 15/11);-;1121;5496000;0
18/11/2025;Pengiriman SPPG MBS Wanayasa (pemesanan 15/11);-;4111;0;5496000
18/11/2025;Penjualan 518 pcs malkist ke Bu Tati MBS Wanayasa;-;5111;492100;0
18/11/2025;Penjualan 518 pcs malkist ke Bu Tati MBS Wanayasa;-;1131;0;492100
18/11/2025;Penjualan 518 pcs malkist ke Bu Tati MBS Wanayasa;-;1121;621600;0
18/11/2025;Penjualan 518 pcs malkist ke Bu Tati MBS Wanayasa;-;4111;0;621600
18/11/2025;Pembelian persediaan SPPG Susukan;-;1131;796500;0
18/11/2025;Pembelian persediaan SPPG Susukan;-;2111;0;796500
18/11/2025;Pengiriman SPPG Susukan (pemesanan 16/11);-;5111;796500;0
18/11/2025;Pengiriman SPPG Susukan (pemesanan 16/11);-;1131;0;796500
18/11/2025;Pengiriman SPPG Susukan (pemesanan 16/11);-;1121;943500;0
18/11/2025;Pengiriman SPPG Susukan (pemesanan 16/11);-;4111;0;943500
18/11/2025;Pelunasan utang pembelian 959 pcs sari roti (pembelian 17/11);-;2111;12946500;0
18/11/2025;Pelunasan utang pembelian 959 pcs sari roti (pembelian 17/11);-;5221;2500;0
18/11/2025;Pelunasan utang pembelian 959 pcs sari roti (pembelian 17/11);-;1112;0;12949000
18/11/2025;Pelunasan utang pembelian 1050 kg beras SPPG Merden (pembelian 10/11);-;2111;14175000;0
18/11/2025;Pelunasan utang pembelian 1050 kg beras SPPG Merden (pembelian 10/11);-;5221;2500;0
18/11/2025;Pelunasan utang pembelian 1050 kg beras SPPG Merden (pembelian 10/11);-;1112;0;14177500
18/11/2025;Pelunasan utang pembelian persediaan ke SBS (pembelian 16/11);-;2111;3099298;0
18/11/2025;Pelunasan utang pembelian persediaan ke SBS (pembelian 16/11);-;6111;0;1
18/11/2025;Pelunasan utang pembelian persediaan ke SBS (pembelian 16/11);-;1112;0;3099297
18/11/2025;Kas masuk dari BSI a.n. Galih Febianto;-;1112;5000000;0
18/11/2025;Kas masuk dari BSI a.n. Galih Febianto;-;2111;0;5000000
18/11/2025;Pelunasan utang pembelian telur tadus (pembelian 11/11);-;2111;5160000;0
18/11/2025;Pelunasan utang pembelian telur tadus (pembelian 11/11);-;5221;2500;0
18/11/2025;Pelunasan utang pembelian telur tadus (pembelian 11/11);-;1112;0;5162500
18/11/2025;Pelunasan sebagian utang pembelian susu UHT sebanyak 2480 pcs;-;2111;6014000;0
18/11/2025;Pelunasan sebagian utang pembelian susu UHT sebanyak 2480 pcs;-;5221;2500;0
18/11/2025;Pelunasan sebagian utang pembelian susu UHT sebanyak 2480 pcs;-;1112;0;6016500
19/11/2025;Pelunasan pembelian timbangan digital 300 kg shopee COD;-;2111;638700;0
19/11/2025;Pelunasan pembelian timbangan digital 300 kg shopee COD;-;5211;300;0
19/11/2025;Pelunasan pembelian timbangan digital 300 kg shopee COD;-;1111;0;639000
19/11/2025;Pembelian persediaan SPPG MBS Wanayasa;-;1131;19457000;0
19/11/2025;Pembelian persediaan SPPG MBS Wanayasa;-;2111;0;19457000
19/11/2025;Pengiriman SPPG MBS Wanayasa (pemesanan 15/11);-;5111;38294700;0
19/11/2025;Pengiriman SPPG MBS Wanayasa (pemesanan 15/11);-;1131;0;38294700
19/11/2025;Pengiriman SPPG MBS Wanayasa (pemesanan 15/11);-;1121;45009500;0
19/11/2025;Pengiriman SPPG MBS Wanayasa (pemesanan 15/11);-;4111;0;45009500
19/11/2025;Pembayaran upah tenaga bantu pengiriman (16/11);-;5121;50000;0
19/11/2025;Pembayaran upah tenaga bantu pengiriman (16/11);-;1111;0;50000
20/11/2025;Pembelian galon isi ulang;-;5171;35000;0
20/11/2025;Pembelian galon isi ulang;-;1111;0;35000
20/11/2025;Pelunasan pembelian troli besi dan krat keranjang shopee COD (pembelian 16/11);-;2111;792048;0
20/11/2025;Pelunasan pembelian troli besi dan krat keranjang shopee COD (pembelian 16/11);-;1111;0;792048
20/11/2025;Pembelian makanan ringan untuk gudang;-;5171;25000;0
20/11/2025;Pembelian makanan ringan untuk gudang;-;2141;0;25000
20/11/2025;Pelunasan piutang SPPG Susukan (pengiriman 16/11);-;1112;13602360;0
20/11/2025;Pelunasan piutang SPPG Susukan (pengiriman 16/11);-;1121;0;13602360
20/11/2025;Pelunasan piutang SPPG Susukan (pengiriman 17/11);-;1112;5006500;0
20/11/2025;Pelunasan piutang SPPG Susukan (pengiriman 17/11);-;1121;0;5006500
20/11/2025;Pelunasan piutang SPPG Susukan (pengiriman 18/11);-;1112;943500;0
20/11/2025;Pelunasan piutang SPPG Susukan (pengiriman 18/11);-;1121;0;943500
20/11/2025;Interest on Account;-;1112;3135;0
20/11/2025;Interest on Account;-;4121;0;3135
20/11/2025;Tax;-;5222;627;0
20/11/2025;Tax;-;1112;0;627
21/11/2025;Pelunasan utang pembelian 500 kg beras SPPG Susukan;-;2111;6750000;0
21/11/2025;Pelunasan utang pembelian 500 kg beras SPPG Susukan;-;1112;0;6750000
21/11/2025;Pelunasan utang pembelian telur tadus dan pembayaran 60 peti kosong (pembelian 13/11);-;2111;5180000;0
21/11/2025;Pelunasan utang pembelian telur tadus dan pembayaran 60 peti kosong (pembelian 13/11);-;5211;300000;0
21/11/2025;Pelunasan utang pembelian telur tadus dan pembayaran 60 peti kosong (pembelian 13/11);-;5221;2500;0
21/11/2025;Pelunasan utang pembelian telur tadus dan pembayaran 60 peti kosong (pembelian 13/11);-;1112;0;5482500
21/11/2025;Pelunasan piutang SPPG MBS Wanayasa (pengiriman 9/11 dan 10/11);-;1112;28205400;0
21/11/2025;Pelunasan piutang SPPG MBS Wanayasa (pengiriman 9/11 dan 10/11);-;1121;0;28205400
21/11/2025;Pelunasan piutang SPPG MBS Wanayasa (pengiriman 11/11);-;1112;19547000;0
21/11/2025;Pelunasan piutang SPPG MBS Wanayasa (pengiriman 11/11);-;1121;0;19547000
21/11/2025;Pelunasan piutang SPPG MBS Wanayasa (pengiriman 12/11 dan 13/11);-;1112;36858800;0
21/11/2025;Pelunasan piutang SPPG MBS Wanayasa (pengiriman 12/11 dan 13/11);-;1121;0;36858800
21/11/2025;Pelunasan piutang SPPG MBS Wanayasa (pengiriman 16/11);-;1112;18113700;0
21/11/2025;Pelunasan piutang SPPG MBS Wanayasa (pengiriman 16/11);-;1121;0;18113700
21/11/2025;Pelunasan piutang SPPG MBS Wanayasa (pengiriman 17/11);-;1112;17262000;0
21/11/2025;Pelunasan piutang SPPG MBS Wanayasa (pengiriman 17/11);-;1121;0;17262000
21/11/2025;Pelunasan piutang SPPG MBS Wanayasa (pengiriman 18/11);-;1112;5496000;0
21/11/2025;Pelunasan piutang SPPG MBS Wanayasa (pengiriman 18/11);-;1121;0;5496000
21/11/2025;Pelunasan piutang SPPG MBS Wanayasa (pengiriman 19/11);-;1112;45009500;0
21/11/2025;Pelunasan piutang SPPG MBS Wanayasa (pengiriman 19/11);-;1121;0;45009500
21/11/2025;Pelunasan piutang SPPG Merden (pengiriman 16/11 dan 17/11);-;1112;15992140;0
21/11/2025;Pelunasan piutang SPPG Merden (pengiriman 16/11 dan 17/11);-;1121;0;15992140
21/11/2025;Pelunasan piutang SPPG Merden (pengiriman 18/11);-;1112;4917500;0
21/11/2025;Pelunasan piutang SPPG Merden (pengiriman 18/11);-;1121;0;4917500
21/11/2025;Penjualan 0,5 kg telur ke Mas Denny;-;5111;12900;0
21/11/2025;Penjualan 0,5 kg telur ke Mas Denny;-;1131;0;12900
21/11/2025;Penjualan 0,5 kg telur ke Mas Denny;-;1121;14800;0
21/11/2025;Penjualan 0,5 kg telur ke Mas Denny;-;4111;0;14800
22/11/2025;Pelunasan pembelian timbangan crown shopee COD (pembelian 16/11);-;2111;111120;0
22/11/2025;Pelunasan pembelian timbangan crown shopee COD (pembelian 16/11);-;5221;2500;0
22/11/2025;Pelunasan pembelian timbangan crown shopee COD (pembelian 16/11);-;1111;0;113620
22/11/2025;Pembelian alat toolkit;-;1141;35000;0
22/11/2025;Pembelian alat toolkit;-;1111;0;35000
22/11/2025;Pembelian 200 kg telur tadus;-;1131;5160000;0
22/11/2025;Pembelian 200 kg telur tadus;-;2111;0;5160000
22/11/2025;Penjualan 1 kg telur ke Pak Galih;-;5111;26500;0
22/11/2025;Penjualan 1 kg telur ke Pak Galih;-;1131;0;26500
22/11/2025;Penjualan 1 kg telur ke Pak Galih;-;1111;29500;0
22/11/2025;Penjualan 1 kg telur ke Pak Galih;-;4111;0;29500
22/11/2025;Pelunasan pembelian krat keranjang shopee COD (pembelian 16/11);-;2111;349455;0
22/11/2025;Pelunasan pembelian krat keranjang shopee COD (pembelian 16/11);-;1111;0;349455
22/11/2025;Pelunasan utang kas masuk dan kas bon pembelian freezer ke BSI a.n. Galih Febianto;-;2111;5000000;0
22/11/2025;Pelunasan utang kas masuk dan kas bon pembelian freezer ke BSI a.n. Galih Febianto;-;1121;6950000;0
22/11/2025;Pelunasan utang kas masuk dan kas bon pembelian freezer ke BSI a.n. Galih Febianto;-;5221;2500;0
22/11/2025;Pelunasan utang kas masuk dan kas bon pembelian freezer ke BSI a.n. Galih Febianto;-;1112;0;11952500
22/11/2025;Pelunasan kas bon pembelian freezer;-;1111;6950000;0
22/11/2025;Pelunasan kas bon pembelian freezer;-;1121;0;6950000
22/11/2025;Pembelian freezer;-;1211;6950000;0
22/11/2025;Pembelian freezer;-;1111;0;6950000
22/11/2025;Pelunasan utang pembelian persediaan ke Bu Lis (pembelian 10/11 - 16/11);-;2111;42909700;0
22/11/2025;Pelunasan utang pembelian persediaan ke Bu Lis (pembelian 10/11 - 16/11);-;1124;10000;0
22/11/2025;Pelunasan utang pembelian persediaan ke Bu Lis (pembelian 10/11 - 16/11);-;5221;2500;0
22/11/2025;Pelunasan utang pembelian persediaan ke Bu Lis (pembelian 10/11 - 16/11);-;1112;0;42922200
22/11/2025;Pelunasan utang pembelian persediaan ke SBS (pembelian 17/11);-;2111;7109400;0
22/11/2025;Pelunasan utang pembelian persediaan ke SBS (pembelian 17/11);-;1112;0;7109400
22/11/2025;Pelunasan utang pembelian telur tadus (pembelian 18/11);-;2111;5160000;0
22/11/2025;Pelunasan utang pembelian telur tadus (pembelian 18/11);-;5221;2500;0
22/11/2025;Pelunasan utang pembelian telur tadus (pembelian 18/11);-;1112;0;5162500
22/11/2025;Pelunasan sebagian utang 4139 pcs susu uht 125 ml (pembelian 21/10);-;2111;12417000;0
22/11/2025;Pelunasan sebagian utang 4139 pcs susu uht 125 ml (pembelian 21/10);-;5221;2500;0
22/11/2025;Pelunasan sebagian utang 4139 pcs susu uht 125 ml (pembelian 21/10);-;1112;0;12419500
22/11/2025;Pelunasan utang pembelian persediaan ke Berkah Saputra (pembelian 13/11);-;2111;910000;0
22/11/2025;Pelunasan utang pembelian persediaan ke Berkah Saputra (pembelian 13/11);-;1112;0;910000
23/11/2025;Penjualan 3,5 kg semangka;-;5111;28000;0
23/11/2025;Penjualan 3,5 kg semangka;-;1131;0;28000
23/11/2025;Penjualan 3,5 kg semangka;-;1111;31500;0
23/11/2025;Penjualan 3,5 kg semangka;-;4111;0;31500
23/11/2025;Pembelian persediaan ke SBS;-;1131;14935383;0
23/11/2025;Pembelian persediaan ke SBS;-;2111;0;14935383
23/11/2025;Pembelian 370 kg mix vegetable dan 207,5 kg kentang frozen;-;1131;16377500;0
23/11/2025;Pembelian 370 kg mix vegetable dan 207,5 kg kentang frozen;-;2111;0;16377500
23/11/2025;Pembelian akomodasi bakso;-;5171;150000;0
23/11/2025;Pembelian akomodasi bakso;-;1111;0;150000
23/11/2025;Pembelian persediaan SPPG MBS Wanayasa;-;1131;4954000;0
23/11/2025;Pembelian persediaan SPPG MBS Wanayasa;-;2111;0;4954000
23/11/2025;Pembelian persediaan SPPG Merden;-;1131;5976000;0
23/11/2025;Pembelian persediaan SPPG Merden;-;2111;0;5976000
23/11/2025;Pembelian persediaan SPPG Susukan;-;1131;3104500;0
23/11/2025;Pembelian persediaan SPPG Susukan;-;2111;0;3104500
23/11/2025;Pembelian 100 kg beras SPPG Susukan;-;1131;1350000;0
23/11/2025;Pembelian 100 kg beras SPPG Susukan;-;2111;0;1350000
23/11/2025;Pengiriman SPPG Merden (pemesanan 22/11);-;5111;9406801;0
23/11/2025;Pengiriman SPPG Merden (pemesanan 22/11);-;1131;0;9406801
23/11/2025;Pengiriman SPPG Merden (pemesanan 22/11);-;1121;10640700;0
23/11/2025;Pengiriman SPPG Merden (pemesanan 22/11);-;4111;0;10640700
23/11/2025;Pengiriman SPPG Susukan (pemesanan 22/11);-;5111;10339046;0
23/11/2025;Pengiriman SPPG Susukan (pemesanan 22/11);-;1131;0;10339046
23/11/2025;Pengiriman SPPG Susukan (pemesanan 22/11);-;1121;11880400;0
23/11/2025;Pengiriman SPPG Susukan (pemesanan 22/11);-;4111;0;11880400
23/11/2025;Pengiriman SPPG MBS Wanayasa (pemesanan 21/11);-;5111;5893500;0
23/11/2025;Pengiriman SPPG MBS Wanayasa (pemesanan 21/11);-;1131;0;5893500
23/11/2025;Pengiriman SPPG MBS Wanayasa (pemesanan 21/11);-;1121;6455500;0
23/11/2025;Pengiriman SPPG MBS Wanayasa (pemesanan 21/11);-;4111;0;6455500
23/11/2025;Pembelian akomodasi makan tim website;-;5171;75000;0
23/11/2025;Pembelian akomodasi makan tim website;-;2141;0;75000
24/11/2025;Pembelian persediaan SPPG Kutabanjarnegara;-;1131;4320000;0
24/11/2025;Pembelian persediaan SPPG Kutabanjarnegara;-;2111;0;4320000
24/11/2025;Pembelian 250 kg kentang SPPG Susukan;-;1131;3000000;0
24/11/2025;Pembelian 250 kg kentang SPPG Susukan;-;2111;0;3000000
24/11/2025;Pembelian 50 kg timun;-;1131;500000;0
24/11/2025;Pembelian 50 kg timun;-;2111;0;500000
24/11/2025;Pembelian 2070 pcs tahu kuning;-;1131;1138500;0
24/11/2025;Pembelian 2070 pcs tahu kuning;-;2111;0;1138500
24/11/2025;Pembelian 155 kg edamame;-;1131;5425000;0
24/11/2025;Pembelian 155 kg edamame;-;2111;0;5425000
24/11/2025;Pembelian persediaan ke SBS;-;1131;484800;0
24/11/2025;Pembelian persediaan ke SBS;-;2111;0;484800
24/11/2025;Pembelian 130 kg ayam;-;1131;6370000;0
24/11/2025;Pembelian 130 kg ayam;-;2111;0;6370000
24/11/2025;Pengiriman SPPG MBS Wanayasa (pemesanan 22/11);-;5111;4122500;0
24/11/2025;Pengiriman SPPG MBS Wanayasa (pemesanan 22/11);-;1131;0;4122500
24/11/2025;Pengiriman SPPG MBS Wanayasa (pemesanan 22/11);-;1121;4471000;0
24/11/2025;Pengiriman SPPG MBS Wanayasa (pemesanan 22/11);-;4111;0;4471000
24/11/2025;Pengiriman SPPG Merden (pemesanan 22/11);-;5111;8355900;0
24/11/2025;Pengiriman SPPG Merden (pemesanan 22/11);-;1131;0;8355900
24/11/2025;Pengiriman SPPG Merden (pemesanan 22/11);-;1121;9429600;0
24/11/2025;Pengiriman SPPG Merden (pemesanan 22/11);-;4111;0;9429600
24/11/2025;Pengiriman SPPG Kutabanjarnegara (pemesanan 22/11);-;5111;27143917;0
24/11/2025;Pengiriman SPPG Kutabanjarnegara (pemesanan 22/11);-;1131;0;27143917
24/11/2025;Pengiriman SPPG Kutabanjarnegara (pemesanan 22/11);-;1121;30132400;0
24/11/2025;Pengiriman SPPG Kutabanjarnegara (pemesanan 22/11);-;4111;0;30132400
24/11/2025;Pengiriman SPPG Susukan (pemesanan 22/11);-;5111;3000000;0
24/11/2025;Pengiriman SPPG Susukan (pemesanan 22/11);-;1131;0;3000000
24/11/2025;Pengiriman SPPG Susukan (pemesanan 22/11);-;1121;3875000;0
24/11/2025;Pengiriman SPPG Susukan (pemesanan 22/11);-;4111;0;3875000
24/11/2025;15 kg persediaan edamame busuk;-;5311;525000;0
24/11/2025;15 kg persediaan edamame busuk;-;1131;0;525000
24/11/2025;Pengembalian kelebihan transfer dari Bu Lis (pelunasan 20/11);-;1111;10000;0
24/11/2025;Pengembalian kelebihan transfer dari Bu Lis (pelunasan 20/11);-;1124;0;10000
24/11/2025;Pelunasan pembelian jajanan kering ke Mas Denny (pembelian 20/11);-;2141;25000;0
24/11/2025;Pelunasan pembelian jajanan kering ke Mas Denny (pembelian 20/11);-;1111;0;25000
24/11/2025;Pelunasan pembelian akomodasi makan tim website (pembelian 23/11);-;2141;75000;0
24/11/2025;Pelunasan pembelian akomodasi makan tim website (pembelian 23/11);-;1111;0;75000
24/11/2025;Pelunasan utang pembelian 350 kg telur UD Pradipta Buah (pembelian 11/11);-;2111;9275000;0
24/11/2025;Pelunasan utang pembelian 350 kg telur UD Pradipta Buah (pembelian 11/11);-;2151;0;9275000
25/11/2025;Reimburse uang Pak Galih untuk pelunasan utang pembelian 350 kg telur (pelunasan 24/11);-;2151;9275000;0
25/11/2025;Reimburse uang Pak Galih untuk pelunasan utang pembelian 350 kg telur (pelunasan 24/11);-;5221;2500;0
25/11/2025;Reimburse uang Pak Galih untuk pelunasan utang pembelian 350 kg telur (pelunasan 24/11);-;1112;0;9277500
25/11/2025;Kas bon pembelian showcase;-;1121;3550000;0
25/11/2025;Kas bon pembelian showcase;-;5221;2500;0
25/11/2025;Kas bon pembelian showcase;-;1112;0;3552500
25/11/2025;Pelunasan kas bon pembelian showcase;-;1111;3550000;0
25/11/2025;Pelunasan kas bon pembelian showcase;-;1121;0;3550000
25/11/2025;Pembelian showcase;-;1211;3550000;0
25/11/2025;Pembelian showcase;-;1111;0;3550000
25/11/2025;Kas masuk untuk kas bon BBM;-;1111;100000;0
25/11/2025;Kas masuk untuk kas bon BBM;-;2141;0;100000
25/11/2025;Kas bon BBM pengiriman;-;1123;100000;0
25/11/2025;Kas bon BBM pengiriman;-;1111;0;100000
25/11/2025;Kas harian masuk dari kas di bank;-;1111;10000000;0
25/11/2025;Kas harian masuk dari kas di bank;-;5221;2500;0
25/11/2025;Kas harian masuk dari kas di bank;-;1112;0;10002500
25/11/2025;Pembelian 29 kg tomat;-;1131;406000;0
25/11/2025;Pembelian 29 kg tomat;-;2111;0;406000
25/11/2025;Pembelian 2070 pcs tahu kulit;-;1131;1242000;0
25/11/2025;Pembelian 2070 pcs tahu kulit;-;2111;0;1242000
25/11/2025;Pelunasan utang pembelian 155 kg edamame (pembelian 24/11);-;2111;5425000;0
25/11/2025;Pelunasan utang pembelian 155 kg edamame (pembelian 24/11);-;1111;0;5425000
25/11/2025;Pelunasan utang pembelian 2070 pcs tahu kuning (pembelian 24/11);-;2111;1138500;0
25/11/2025;Pelunasan utang pembelian 2070 pcs tahu kuning (pembelian 24/11);-;1111;0;1138000
25/11/2025;Pelunasan utang pembelian 2070 pcs tahu kuning (pembelian 24/11);-;6111;0;500
25/11/2025;Pelunasan utang kas masuk untuk kas bon BBM;-;2141;100000;0
25/11/2025;Pelunasan utang kas masuk untuk kas bon BBM;-;1111;0;100000
25/11/2025;Biaya BBM motor Pak Sodik;-;5171;20000;0
25/11/2025;Biaya BBM motor Pak Sodik;-;1111;0;20000
25/11/2025;Pembayaran upah tenaga bantu pengiriman;-;5121;50000;0
25/11/2025;Pembayaran upah tenaga bantu pengiriman;-;1111;0;50000
25/11/2025;Pelunasan kas bon BBM pengiriman;-;1111;100000;0
25/11/2025;Pelunasan kas bon BBM pengiriman;-;1123;0;100000
25/11/2025;Pembelian BBM pengiriman;-;5171;100000;0
25/11/2025;Pembelian BBM pengiriman;-;1111;0;100000
25/11/2025;Pembelian 3 kg timun;-;1131;30000;0
25/11/2025;Pembelian 3 kg timun;-;1111;0;30000
25/11/2025;Pembelian stop kontak dan T listrik;-;1141;87000;0
25/11/2025;Pembelian stop kontak dan T listrik;-;1111;0;87000
25/11/2025;Pembelian 150 kg beras SPPG Susukan;-;1131;2025000;0
25/11/2025;Pembelian 150 kg beras SPPG Susukan;-;2111;0;2025000
25/11/2025;Pembelian persediaan SPPG Kutabanjarnegara;-;1131;3750000;0
25/11/2025;Pembelian persediaan SPPG Kutabanjarnegara;-;2111;0;3750000
25/11/2025;Pembelian persediaan SPPG MBS Wanayasa;-;1131;6370000;0
25/11/2025;Pembelian persediaan SPPG MBS Wanayasa;-;2111;0;6370000
25/11/2025;Pembelian 1 kg ayam;-;1131;34500;0
25/11/2025;Pembelian 1 kg ayam;-;2111;0;34500
25/11/2025;Pengiriman SPPG Kutabanjarnegara (pemesanan 22/11);-;5111;19003850;0
25/11/2025;Pengiriman SPPG Kutabanjarnegara (pemesanan 22/11);-;1131;0;19003850
25/11/2025;Pengiriman SPPG Kutabanjarnegara (pemesanan 22/11);-;1121;21622100;0
25/11/2025;Pengiriman SPPG Kutabanjarnegara (pemesanan 22/11);-;4111;0;21622100
25/11/2025;Pengiriman SPPG Merden (pemesanan 22/11);-;5111;6011900;0
25/11/2025;Pengiriman SPPG Merden (pemesanan 22/11);-;1131;0;6011900
25/11/2025;Pengiriman SPPG Merden (pemesanan 22/11);-;1121;6619500;0
25/11/2025;Pengiriman SPPG Merden (pemesanan 22/11);-;4111;0;6619500
25/11/2025;Pengiriman 150 kg beras SPPG Susukan (pemesanan 25/11);-;5111;2025000;0
25/11/2025;Pengiriman 150 kg beras SPPG Susukan (pemesanan 25/11);-;1131;0;2025000
25/11/2025;Pengiriman 150 kg beras SPPG Susukan (pemesanan 25/11);-;1121;2250000;0
25/11/2025;Pengiriman 150 kg beras SPPG Susukan (pemesanan 25/11);-;4111;0;2250000
25/11/2025;Pelunasan utang pembelian persediaan ke SBS (pembelian 23/11);-;2111;14668683;0
25/11/2025;Pelunasan utang pembelian persediaan ke SBS (pembelian 23/11);-;1112;0;14668683
25/11/2025;Pelunasan utang pembelian bawang merah dan bawang putih ke Bu Lis (pembelian 8/11);-;2111;1380000;0
25/11/2025;Pelunasan utang pembelian bawang merah dan bawang putih ke Bu Lis (pembelian 8/11);-;5221;2500;0
25/11/2025;Pelunasan utang pembelian bawang merah dan bawang putih ke Bu Lis (pembelian 8/11);-;1112;0;1382500
25/11/2025;Pelunasan utang pembelian persediaan ke Bu Lis (pembelian 17/11);-;2111;18837700;0
25/11/2025;Pelunasan utang pembelian persediaan ke Bu Lis (pembelian 17/11);-;1112;0;18837700
25/11/2025;Pelunasan utang pembelian mix vegetable dan kentang frozen (pembelian 23/11);-;2111;16377500;0
25/11/2025;Pelunasan utang pembelian mix vegetable dan kentang frozen (pembelian 23/11);-;5221;2500;0
25/11/2025;Pelunasan utang pembelian mix vegetable dan kentang frozen (pembelian 23/11);-;1112;0;16380000
25/11/2025;Pembayaran BPOM kopi;-;1124;150000;0
25/11/2025;Pembayaran BPOM kopi;-;5221;2500;0
25/11/2025;Pembayaran BPOM kopi;-;1112;0;152500
25/11/2025;3 kg persediaan semangka dibagikan gratis;-;5171;24000;0
25/11/2025;3 kg persediaan semangka dibagikan gratis;-;1131;0;24000
26/11/2025;Pembelian rak penyimpanan gudang di shopee;-;1211;499750;0
26/11/2025;Pembelian rak penyimpanan gudang di shopee;-;1111;0;499750
26/11/2025;Pembelian ATK;-;1141;155000;0
26/11/2025;Pembelian ATK;-;1111;0;155000
26/11/2025;Pembelian perlengkapan gudang;-;1141;72500;0
26/11/2025;Pembelian perlengkapan gudang;-;5211;500;0
26/11/2025;Pembelian perlengkapan gudang;-;1111;0;73000
26/11/2025;Pembelian perlengkapan kebersihan;-;1141;70000;0
26/11/2025;Pembelian perlengkapan kebersihan;-;1111;0;70000
26/11/2025;Parkir di Topaz;-;5191;2000;0
26/11/2025;Parkir di Topaz;-;1111;0;2000
26/11/2025;Pembelian persediaan ke SBS;-;1131;4999900;0
26/11/2025;Pembelian persediaan ke SBS;-;2111;0;4999900
26/11/2025;Pembelian 200 kg telur tadus;-;1131;5100000;0
26/11/2025;Pembelian 200 kg telur tadus;-;2111;0;5100000
26/11/2025;Pembelian 10 kg bawang putih;-;1131;290000;0
26/11/2025;Pembelian 10 kg bawang putih;-;1111;0;290000
26/11/2025;Pembelian 18 pcs minyak sania 2 L;-;1131;720000;0
26/11/2025;Pembelian 18 pcs minyak sania 2 L;-;1111;0;720000
26/11/2025;Pembelian 175 kg melon SPPG Kutabanjarnegara;-;1131;2712500;0
26/11/2025;Pembelian 175 kg melon SPPG Kutabanjarnegara;-;2111;0;2712500
26/11/2025;Pembelian 130 kg kelengkeng SPPG MBS Wanayasa;-;1131;4875000;0
26/11/2025;Pembelian 130 kg kelengkeng SPPG MBS Wanayasa;-;2111;0;4875000
26/11/2025;Pembelian 210 kg semangka dan 13 botol oregano SPPG MBS Wanayasa;-;1131;2174000;0
26/11/2025;Pembelian 210 kg semangka dan 13 botol oregano SPPG MBS Wanayasa;-;2111;0;2174000
26/11/2025;Pembelian 2600 pcs susu UHT full cream SPPG MBS Wanayasa;-;1131;8060000;0
26/11/2025;Pembelian 2600 pcs susu UHT full cream SPPG MBS Wanayasa;-;2111;0;8060000
26/11/2025;Pembelian 1400 pcs susu UHT full cream SPPG Merden;-;1131;4340000;0
26/11/2025;Pembelian 1400 pcs susu UHT full cream SPPG Merden;-;2111;0;4340000
26/11/2025;Pembelian 42 kg jagung manis;-;1131;420000;0
26/11/2025;Pembelian 42 kg jagung manis;-;2111;0;420000
26/11/2025;Pembelian 25 kg tauge;-;1131;437500;0
26/11/2025;Pembelian 25 kg tauge;-;2111;0;437500
26/11/2025;Pembelian 60 kg jagung putren;-;1131;600000;0
26/11/2025;Pembelian 60 kg jagung putren;-;2111;0;600000
26/11/2025;Pembelian 40 kg jagung putren;-;1131;400000;0
26/11/2025;Pembelian 40 kg jagung putren;-;2111;0;400000
26/11/2025;Pembelian 105 kg ayam;-;1131;5040000;0
26/11/2025;Pembelian 105 kg ayam;-;2111;0;5040000
26/11/2025;Pengiriman SPPG Kutabanjarnegara (pemesanan 22/11);-;5111;16827510;0
26/11/2025;Pengiriman SPPG Kutabanjarnegara (pemesanan 22/11);-;1131;0;16827510
26/11/2025;Pengiriman SPPG Kutabanjarnegara (pemesanan 22/11);-;1121;18577100;0
26/11/2025;Pengiriman SPPG Kutabanjarnegara (pemesanan 22/11);-;4111;0;18577100
26/11/2025;Pengiriman SPPG MBS Wanayasa (pemesanan 22/11);-;5111;27875350;0
26/11/2025;Pengiriman SPPG MBS Wanayasa (pemesanan 22/11);-;1131;0;27875350
26/11/2025;Pengiriman SPPG MBS Wanayasa (pemesanan 22/11);-;1121;30578100;0
26/11/2025;Pengiriman SPPG MBS Wanayasa (pemesanan 22/11);-;4111;0;30578100
26/11/2025;Pengiriman SPPG Merden (pemesanan 22/11);-;5111;15498700;0
26/11/2025;Pengiriman SPPG Merden (pemesanan 22/11);-;1131;0;15498700
26/11/2025;Pengiriman SPPG Merden (pemesanan 22/11);-;1121;17008600;0
26/11/2025;Pengiriman SPPG Merden (pemesanan 22/11);-;4111;0;17008600
26/11/2025;Kas bon BBM dan akomodasi makan pengiriman;-;1123;200000;0
26/11/2025;Kas bon BBM dan akomodasi makan pengiriman;-;1111;0;200000
26/11/2025;Pelunasan kas bon BBM dan akomodasi makan pengiriman;-;1111;200000;0
26/11/2025;Pelunasan kas bon BBM dan akomodasi makan pengiriman;-;1123;0;200000
26/11/2025;Pembelian BBM pengiriman;-;5171;150000;0
26/11/2025;Pembelian BBM pengiriman;-;1111;0;150000
26/11/2025;Pembelian akomodasi makan pengiriman;-;5171;50000;0
26/11/2025;Pembelian akomodasi makan pengiriman;-;1111;0;50000
27/11/2025;Pembelian 2070 pcs tahu kuning;-;1131;1138500;0
27/11/2025;Pembelian 2070 pcs tahu kuning;-;2111;0;1138500
27/11/2025;Pelunasan utang pembelian 50 kg timun (pembelian 24/11);-;2111;500000;0
27/11/2025;Pelunasan utang pembelian 50 kg timun (pembelian 24/11);-;1112;0;500000
27/11/2025;Pelunasan utang pembelian 100 karton minyak goreng ke Bu Lis (pembelian 8/11);-;2111;23280000;0
27/11/2025;Pelunasan utang pembelian 100 karton minyak goreng ke Bu Lis (pembelian 8/11);-;5221;2500;0
27/11/2025;Pelunasan utang pembelian 100 karton minyak goreng ke Bu Lis (pembelian 8/11);-;1112;0;23282500
27/11/2025;Pelunasan piutang penjualan malkist ke Bu Tati MBS Wanayasa (penjualan 18/11);-;1112;621600;0
27/11/2025;Pelunasan piutang penjualan malkist ke Bu Tati MBS Wanayasa (penjualan 18/11);-;1121;0;621600
27/11/2025;Pelunasan utang pembelian telur tadus (pembelian 22/11);-;2111;5160000;0
27/11/2025;Pelunasan utang pembelian telur tadus (pembelian 22/11);-;5221;2500;0
27/11/2025;Pelunasan utang pembelian telur tadus (pembelian 22/11);-;1112;0;5162500
27/11/2025;Pelunasan utang kekurangan nota revisi ke SBS (pembelian 23/11);-;2111;266700;0
27/11/2025;Pelunasan utang kekurangan nota revisi ke SBS (pembelian 23/11);-;1112;0;266700
27/11/2025;Pembelian 110 kg ayam;-;1131;4950000;0
27/11/2025;Pembelian 110 kg ayam;-;2111;0;4950000
27/11/2025;Pembelian 70 kg kelengkeng SPPG Kutabanjarnegara;-;1131;2695000;0
27/11/2025;Pembelian 70 kg kelengkeng SPPG Kutabanjarnegara;-;2111;0;2695000
27/11/2025;Pengiriman SPPG Kutabanjarnegara (pemesanan 22/11);-;5111;15181504;0
27/11/2025;Pengiriman SPPG Kutabanjarnegara (pemesanan 22/11);-;1131;0;15181504
27/11/2025;Pengiriman SPPG Kutabanjarnegara (pemesanan 22/11);-;1121;16686700;0
27/11/2025;Pengiriman SPPG Kutabanjarnegara (pemesanan 22/11);-;4111;0;16686700
27/11/2025;Pembelian pallet di shopee;-;1211;504300;0
27/11/2025;Pembelian pallet di shopee;-;2111;0;504300
27/11/2025;Pembelian 500 kg beras SPPG Susukan;-;1131;6750000;0
27/11/2025;Pembelian 500 kg beras SPPG Susukan;-;2111;0;6750000
27/11/2025;Pengiriman 500 kg beras SPPG Susukan (pemesanan 27/11);-;5111;6750000;0
27/11/2025;Pengiriman 500 kg beras SPPG Susukan (pemesanan 27/11);-;1131;0;6750000
27/11/2025;Pengiriman 500 kg beras SPPG Susukan (pemesanan 27/11);-;1121;7500000;0
27/11/2025;Pengiriman 500 kg beras SPPG Susukan (pemesanan 27/11);-;4111;0;7500000
27/11/2025;Pembelian 1000 kg beras SPPG Merden;-;1131;13500000;0
27/11/2025;Pembelian 1000 kg beras SPPG Merden;-;2111;0;13500000
27/11/2025;Pengiriman 1000 kg beras SPPG Merden (pemesanan 27/11);-;5111;13500000;0
27/11/2025;Pengiriman 1000 kg beras SPPG Merden (pemesanan 27/11);-;1131;0;13500000
27/11/2025;Pengiriman 1000 kg beras SPPG Merden (pemesanan 27/11);-;1121;15000000;0
27/11/2025;Pengiriman 1000 kg beras SPPG Merden (pemesanan 27/11);-;4111;0;15000000
29/11/2025;Kas keluar piutang ke SPPG pembuatan prasasti dapur Muhammadiyah;-;1124;1350000;0
29/11/2025;Kas keluar piutang ke SPPG pembuatan prasasti dapur Muhammadiyah;-;5221;2500;0
29/11/2025;Kas keluar piutang ke SPPG pembuatan prasasti dapur Muhammadiyah;-;1112;0;1352500
29/11/2025;Pembelian 100 karton susu ultramilk full cream;-;1131;12200000;0
29/11/2025;Pembelian 100 karton susu ultramilk full cream;-;2111;0;12200000
29/11/2025;Pembelian 100 karton (600 pcs) minyak goreng sania 2 L;-;1131;23340000;0
29/11/2025;Pembelian 100 karton (600 pcs) minyak goreng sania 2 L;-;2111;0;23340000
29/11/2025;Extra 2 karton (12 pcs) pembelian minyak sania 2 L;-;1131;466800;0
29/11/2025;Extra 2 karton (12 pcs) pembelian minyak sania 2 L;-;6111;0;466800
29/11/2025;Pembelian 90 kg kacang polong;-;1131;4680000;0
29/11/2025;Pembelian 90 kg kacang polong;-;2111;0;4680000
29/11/2025;Pelunasan piutang SPPG Susukan (pengiriman 23/11);-;1112;11880400;0
29/11/2025;Pelunasan piutang SPPG Susukan (pengiriman 23/11);-;1121;0;11880400
29/11/2025;Pelunasan piutang SPPG Susukan (pengiriman 24/11 dan 25/11);-;1112;6125000;0
29/11/2025;Pelunasan piutang SPPG Susukan (pengiriman 24/11 dan 25/11);-;1121;0;6125000
29/11/2025;Pelunasan piutang SPPG Susukan (pengiriman 27/11);-;1112;7500000;0
29/11/2025;Pelunasan piutang SPPG Susukan (pengiriman 27/11);-;1121;0;7500000
30/11/2025;Pelunasan utang pembelian peralatan laptop, printer, mouse, dan pembelian BBM;-;2111;4635000;0
30/11/2025;Pelunasan utang pembelian peralatan laptop, printer, mouse, dan pembelian BBM;-;2141;100000;0
30/11/2025;Pelunasan utang pembelian peralatan laptop, printer, mouse, dan pembelian BBM;-;5221;2500;0
30/11/2025;Pelunasan utang pembelian peralatan laptop, printer, mouse, dan pembelian BBM;-;1112;0;4737500
30/11/2025;Pembelian 200 kg telur tadus;-;1131;5140000;0
30/11/2025;Pembelian 200 kg telur tadus;-;2111;0;5140000
30/11/2025;Pembelian persediaan ke SBS;-;1131;15387632;0
30/11/2025;Pembelian persediaan ke SBS;-;2111;0;15387632
30/11/2025;Pembelian 2100 pcs tahu kulit;-;1131;1260000;0
30/11/2025;Pembelian 2100 pcs tahu kulit;-;2111;0;1260000
30/11/2025;Pembelian 175 kg ayam;-;1131;5950000;0
30/11/2025;Pembelian 175 kg ayam;-;2111;0;5950000
30/11/2025;Pembelian 70 kg labu siam, 50 kg wortel, dan 2,5 kg bawang bombai;-;1131;1285000;0
30/11/2025;Pembelian 70 kg labu siam, 50 kg wortel, dan 2,5 kg bawang bombai;-;2111;0;1285000
30/11/2025;Pembelian persediaan SPPG Susukan;-;1131;11058000;0
30/11/2025;Pembelian persediaan SPPG Susukan;-;2111;0;11058000
30/11/2025;Pembelian persediaan SPPG Kutabanjarnegara;-;1131;2300000;0
30/11/2025;Pembelian persediaan SPPG Kutabanjarnegara;-;2111;0;2300000
30/11/2025;Pengiriman SPPG MBS Wanayasa (pemesanan 28/11);-;5111;11987770;0
30/11/2025;Pengiriman SPPG MBS Wanayasa (pemesanan 28/11);-;1131;0;11987770
30/11/2025;Pengiriman SPPG MBS Wanayasa (pemesanan 28/11);-;1121;13226000;0
30/11/2025;Pengiriman SPPG MBS Wanayasa (pemesanan 28/11);-;4111;0;13226000
30/11/2025;Pengiriman SPPG Kutabanjarnegara (pemesanan 29/11);-;5111;13785196;0
30/11/2025;Pengiriman SPPG Kutabanjarnegara (pemesanan 29/11);-;1131;0;13785196
30/11/2025;Pengiriman SPPG Kutabanjarnegara (pemesanan 29/11);-;1121;15418500;0
30/11/2025;Pengiriman SPPG Kutabanjarnegara (pemesanan 29/11);-;4111;0;15418500
30/11/2025;Pengiriman SPPG Merden pemesanan 29/11);-;5111;9018352;0
30/11/2025;Pengiriman SPPG Merden pemesanan 29/11);-;1131;0;9018352
30/11/2025;Pengiriman SPPG Merden pemesanan 29/11);-;1121;10645750;0
30/11/2025;Pengiriman SPPG Merden pemesanan 29/11);-;4111;0;10645750
30/11/2025;Pengiriman SPPG Susukan (pemesanan 29/11);-;5111;4876450;0
30/11/2025;Pengiriman SPPG Susukan (pemesanan 29/11);-;1131;0;4876450
30/11/2025;Pengiriman SPPG Susukan (pemesanan 29/11);-;1121;5847500;0
30/11/2025;Pengiriman SPPG Susukan (pemesanan 29/11);-;4111;0;5847500
30/11/2025;Kas masuk untuk pembelian BBM;-;1111;150000;0
30/11/2025;Kas masuk untuk pembelian BBM;-;2141;0;150000
30/11/2025;Kas bon pembelian BBM pengiriman;-;1123;150000;0
30/11/2025;Kas bon pembelian BBM pengiriman;-;1111;0;150000
30/11/2025;Pelunasan kas bon pembelian BBM pengiriman;-;1111;150000;0
30/11/2025;Pelunasan kas bon pembelian BBM pengiriman;-;1123;0;150000
30/11/2025;Pembelian BBM pengiriman;-;5171;150000;0
30/11/2025;Pembelian BBM pengiriman;-;1111;0;150000
30/11/2025;Pembelian akomodasi makan pengiriman uang Pak Sodik;-;5171;25000;0
30/11/2025;Pembelian akomodasi makan pengiriman uang Pak Sodik;-;2141;0;25000
30/11/2025;Pelunasan utang pembelian 100 kg beras SPPG Susukan (pembelian 23/11);-;2111;1350000;0
30/11/2025;Pelunasan utang pembelian 100 kg beras SPPG Susukan (pembelian 23/11);-;1112;0;1350000
30/11/2025;Pelunasan utang pembelian 150 kg beras SPPG Susukan (pembelian 25/11);-;2111;2025000;0
30/11/2025;Pelunasan utang pembelian 150 kg beras SPPG Susukan (pembelian 25/11);-;1112;0;2025000
30/11/2025;Pelunasan utang pembelian ayam (pembelian 24/11, 25/11, 26/11, 27/11);-;2111;16394500;0
30/11/2025;Pelunasan utang pembelian ayam (pembelian 24/11, 25/11, 26/11, 27/11);-;5221;2500;0
30/11/2025;Pelunasan utang pembelian ayam (pembelian 24/11, 25/11, 26/11, 27/11);-;1112;0;16397000
30/11/2025;6,7 kg persediaan bawang merah busuk;-;5311;246895;0
30/11/2025;6,7 kg persediaan bawang merah busuk;-;1131;0;246895
30/11/2025;Gaji Mas Dandi bulan November;-;5121;2370475;0
30/11/2025;Gaji Mas Dandi bulan November;-;2121;0;2370475
30/11/2025;Gaji Mba Ruhma bulan November;-;5121;2120035;0
30/11/2025;Gaji Mba Ruhma bulan November;-;2121;0;2120035
30/11/2025;Sewa mobil L300 bulan November;-;5131;6000000;0
30/11/2025;Sewa mobil L300 bulan November;-;2131;0;6000000
30/11/2025;Gaji Pak Anwar bulan November;-;5121;2000000;0
30/11/2025;Gaji Pak Anwar bulan November;-;2121;0;2000000
30/11/2025;Gaji Pak Galih bulan November;-;5121;2000000;0
30/11/2025;Gaji Pak Galih bulan November;-;2121;0;2000000
30/11/2025;Gaji Mas Denny bulan November;-;5121;2000000;0
30/11/2025;Gaji Mas Denny bulan November;-;2121;0;2000000
30/11/2025;Sewa mobil grandmax bulan November;-;5131;4000000;0
30/11/2025;Sewa mobil grandmax bulan November;-;2131;0;4000000
30/11/2025;Sewa gudang bulan November;-;5131;3000000;0
30/11/2025;Sewa gudang bulan November;-;2131;0;3000000
