;03/01/2026;Penetapan profit sharing SPPG Kutabanjarnegara;-;3111;10112342;0
;03/01/2026;Penetapan profit sharing SPPG Kutabanjarnegara;-;3131;0;10112342
;03/01/2026;Penetapan profit sharing SPPG MBS Wanayasa;-;3111;3469794;0
;03/01/2026;Penetapan profit sharing SPPG MBS Wanayasa;-;3131;0;3469794
;03/01/2026;Penetapan profit sharing SPPG Merden;-;3111;2094760;0
;03/01/2026;Penetapan profit sharing SPPG Merden;-;3131;0;2094760
;03/01/2026;Penetapan profit sharing SPPG Susukan;-;3111;1558971;0
;03/01/2026;Penetapan profit sharing SPPG Susukan;-;3131;0;1558971
;03/01/2026;Penetapan profit sharing Korda;-;3111;2154483;0
;03/01/2026;Penetapan profit sharing Korda;-;3131;0;2154483
;03/01/2026;Penetapan profit sharing PDM;-;3111;2154483;0
;03/01/2026;Penetapan profit sharing PDM;-;3131;0;2154483
;03/01/2026;Pembayaran gaji bulan desember Mba Ruhma;-;2121;2149000;0
;03/01/2026;Pembayaran gaji bulan desember Mba Ruhma;-;1112;0;2149000
;03/01/2026;Pembayaran gaji bulan desember Mas Dandi;-;2121;2239000;0
;03/01/2026;Pembayaran gaji bulan desember Mas Dandi;-;5221;2500;0
;03/01/2026;Pembayaran gaji bulan desember Mas Dandi;-;1112;0;2241500
;03/01/2026;Pembayaran gaji bulan desember Pak Sodik;-;2121;2327813;0
;03/01/2026;Pembayaran gaji bulan desember Pak Sodik;-;1112;0;2327813
;03/01/2026;Pembayaran gaji bulan desember Mas Irfan;-;2121;985000;0
;03/01/2026;Pembayaran gaji bulan desember Mas Irfan;-;1112;0;985000
;03/01/2026;Pembayaran gaji bulan desember Mas Rifki;-;2121;1552000;0
;03/01/2026;Pembayaran gaji bulan desember Mas Rifki;-;1112;0;1552000
;03/01/2026;Reimburse pembelian perlengkapan ke Mas Denny (pembelian 21/12);-;2111;43500;0
;03/01/2026;Reimburse pembelian perlengkapan ke Mas Denny (pembelian 21/12);-;1111;0;43500
;03/01/2026;Reimburse pembelian perlengkapan ATK ke Mba Ruhma (pembelian 9/11);-;2111;13000;0
;03/01/2026;Reimburse pembelian perlengkapan ATK ke Mba Ruhma (pembelian 9/11);-;1111;0;13000
;03/01/2026;Pembelian 2 pcs tissue;-;1141;18400;0
;03/01/2026;Pembelian 2 pcs tissue;-;1111;0;18400
;03/01/2026;Extra 21 pcs pembelian susu ultramimi vanila 125 ml;-;1131;63000;0
;03/01/2026;Extra 21 pcs pembelian susu ultramimi vanila 125 ml;-;6111;0;63000
;06/01/2026;Pembelian 1000 kg beras SPPG Merden;-;1131;13500000;0
;06/01/2026;Pembelian 1000 kg beras SPPG Merden;-;2111;0;13500000
;06/01/2026;Pengiriman 780 kg beras SPPG Merden;-;5111;10530000;0
;06/01/2026;Pengiriman 780 kg beras SPPG Merden;-;1131;0;10530000
;06/01/2026;Pengiriman 780 kg beras SPPG Merden;-;1121;11700000;0
;06/01/2026;Pengiriman 780 kg beras SPPG Merden;-;4111;0;11700000
;07/01/2026;Pembelian 500 kg beras SPPG Susukan;-;1131;6750000;0
;07/01/2026;Pembelian 500 kg beras SPPG Susukan;-;2111;0;6750000
;07/01/2026;Pembelian 11 pcs kecap bango 700 ml, 4 pcs garam daun, dan 8 renteng ladaku;-;1131;343800;0
;07/01/2026;Pembelian 11 pcs kecap bango 700 ml, 4 pcs garam daun, dan 8 renteng ladaku;-;2111;0;343800
;07/01/2026;Reimburse pembelian persediaan ke Mas Denny (pembelian 7/1);-;2111;343800;0
;07/01/2026;Reimburse pembelian persediaan ke Mas Denny (pembelian 7/1);-;5221;2500;0
;07/01/2026;Reimburse pembelian persediaan ke Mas Denny (pembelian 7/1);-;1111;0;346300
;07/01/2026;Kas masuk untuk belanja persediaan dari Mas Denny;-;1111;500000;0
;07/01/2026;Kas masuk untuk belanja persediaan dari Mas Denny;-;2111;0;500000
;07/01/2026;Kas bon belanja persediaan;-;1121;4900000;0
;07/01/2026;Kas bon belanja persediaan;-;1111;0;4900000
;07/01/2026;Pembelian persediaan SPPG Kutabanjarnegara ke Pak Wisnu;-;1131;9285500;0
;07/01/2026;Pembelian persediaan SPPG Kutabanjarnegara ke Pak Wisnu;-;2111;0;9285500
;07/01/2026;Pembelian 2120 pcs tahu bakso ke Bu Dewi;-;1131;3757000;0
;07/01/2026;Pembelian 2120 pcs tahu bakso ke Bu Dewi;-;2111;0;3757000
;07/01/2026;Pembelian 77 kg caisim ke Bu Dewi;-;1131;385000;0
;07/01/2026;Pembelian 77 kg caisim ke Bu Dewi;-;2111;0;385000
;07/01/2026;Pembelian 124 kg jeruk santang ke Bu Lis;-;1131;4216000;0
;07/01/2026;Pembelian 124 kg jeruk santang ke Bu Lis;-;2111;0;4216000
;07/01/2026;Pelunasan kas bon belanja persediaan;-;1111;4900000;0
;07/01/2026;Pelunasan kas bon belanja persediaan;-;1121;0;4900000
;07/01/2026;Pembelian persediaan di Gunung Mas;-;1131;1520250;0
;07/01/2026;Pembelian persediaan di Gunung Mas;-;6111;0;250
;07/01/2026;Pembelian persediaan di Gunung Mas;-;1111;0;1520000
;07/01/2026;Parkir di Gunung Mas;-;5191;3000;0
;07/01/2026;Parkir di Gunung Mas;-;1111;0;3000
;07/01/2026;Pembelian 2 pcs knorr beef di Topaz;-;1131;192000;0
;07/01/2026;Pembelian 2 pcs knorr beef di Topaz;-;1111;0;192000
;07/01/2026;Parkir di Topaz;-;5191;3000;0
;07/01/2026;Parkir di Topaz;-;1111;0;3000
;07/01/2026;Pembelian 5 kg gula merah dan 108 pcs kerupuk finna di Pasar Induk;-;1131;196000;0
;07/01/2026;Pembelian 5 kg gula merah dan 108 pcs kerupuk finna di Pasar Induk;-;1111;0;196000
;07/01/2026;Parkir di Pasar Induk;-;5191;5000;0
;07/01/2026;Parkir di Pasar Induk;-;1111;0;5000
;07/01/2026;Pembelian 18 pcs sunlight 1,5 L dan 6 pcs sunlight 2,2 L di Depo Pelita;-;1131;672000;0
;07/01/2026;Pembelian 18 pcs sunlight 1,5 L dan 6 pcs sunlight 2,2 L di Depo Pelita;-;1111;0;672000
;07/01/2026;Parkir di Depo Pelita;-;5191;4000;0
;07/01/2026;Parkir di Depo Pelita;-;1111;0;4000
;07/01/2026;Pembelian 1 dus dan 4 pcs kerupuk finna di Toko Grevin Cell;-;1131;98500;0
;07/01/2026;Pembelian 1 dus dan 4 pcs kerupuk finna di Toko Grevin Cell;-;1111;0;98500
;07/01/2026;Pembelian 53 pcs kerupuk finna di Toko Royo Al-Barokah 2;-;1131;53000;0
;07/01/2026;Pembelian 53 pcs kerupuk finna di Toko Royo Al-Barokah 2;-;1111;0;53000
;07/01/2026;Pembelian 18 pcs kerupuk finna di Toko Royo Al-Barokah 3;-;1131;18000;0
;07/01/2026;Pembelian 18 pcs kerupuk finna di Toko Royo Al-Barokah 3;-;2111;0;18000
;07/01/2026;Pembelian 314 pcs kerupuk finna di Toko Al Zahra 4.0;-;1131;243350;0
;07/01/2026;Pembelian 314 pcs kerupuk finna di Toko Al Zahra 4.0;-;6111;0;350
;07/01/2026;Pembelian 314 pcs kerupuk finna di Toko Al Zahra 4.0;-;2111;0;243000
;07/01/2026;Pembelian 122 pcs kerupuk udang finna;-;1131;122000;0
;07/01/2026;Pembelian 122 pcs kerupuk udang finna;-;1111;0;122000
;07/01/2026;Pengiriman SPPG Kutabanjarnegara (pemesanan 6/1);-;5111;18719800;0
;07/01/2026;Pengiriman SPPG Kutabanjarnegara (pemesanan 6/1);-;1131;0;18719800
;07/01/2026;Pengiriman SPPG Kutabanjarnegara (pemesanan 6/1);-;1121;20145000;0
;07/01/2026;Pengiriman SPPG Kutabanjarnegara (pemesanan 6/1);-;4111;0;20145000
;07/01/2026;Pengiriman SPPG Susukan (pemesanan 7/1);-;5111;5014420;0
;07/01/2026;Pengiriman SPPG Susukan (pemesanan 7/1);-;1131;0;5014420
;07/01/2026;Pengiriman SPPG Susukan (pemesanan 7/1);-;1121;6176800;0
;07/01/2026;Pengiriman SPPG Susukan (pemesanan 7/1);-;4111;0;6176800
;07/01/2026;Pengiriman 500 kg beras SPPG Susukan;-;5111;6750000;0
;07/01/2026;Pengiriman 500 kg beras SPPG Susukan;-;1131;0;6750000
;07/01/2026;Pengiriman 500 kg beras SPPG Susukan;-;1121;7500000;0
;07/01/2026;Pengiriman 500 kg beras SPPG Susukan;-;4111;0;7500000
;07/01/2026;Pembelian akomodasi makan;-;5171;25000;0
;07/01/2026;Pembelian akomodasi makan;-;1111;0;25000
;08/01/2026;Pembelian BBM;-;5172;200000;0
;08/01/2026;Pembelian BBM;-;1111;0;200000
;08/01/2026;Pelunasan utang pembelian 2120 pcs tahu bakso ke Bu Dewi (pembelian 7/1);-;2111;3757000;0
;08/01/2026;Pelunasan utang pembelian 2120 pcs tahu bakso ke Bu Dewi (pembelian 7/1);-;1112;0;3757000
;08/01/2026;Pembelian 48 kg timun ke Pak Pur;-;1131;288000;0
;08/01/2026;Pembelian 48 kg timun ke Pak Pur;-;2111;0;288000
;08/01/2026;Kas masuk untuk belanja persediaan dari Mas Denny;-;1111;2000000;0
;08/01/2026;Kas masuk untuk belanja persediaan dari Mas Denny;-;2111;0;2000000
;08/01/2026;Kas bon belanja persediaan;-;1121;2000000;0
;08/01/2026;Kas bon belanja persediaan;-;1112;0;2000000
;08/01/2026;Pelunasan kas bon belanja persediaan;-;1111;2000000;0
;08/01/2026;Pelunasan kas bon belanja persediaan;-;1121;0;2000000
;08/01/2026;Pembelian 9 renteng keju prochizz slice isi 2 di Toko Buntala Plastik;-;1131;216000;0
;08/01/2026;Pembelian 9 renteng keju prochizz slice isi 2 di Toko Buntala Plastik;-;1111;0;216000
;08/01/2026;Parkir di Toko Buntala Plastik;-;5191;2000;0
;08/01/2026;Parkir di Toko Buntala Plastik;-;1111;0;2000
;08/01/2026;Pembelian 27 renteng keju prochizz slice isi 2 di Toko Syahreena Chiki;-;1131;391500;0
;08/01/2026;Pembelian 27 renteng keju prochizz slice isi 2 di Toko Syahreena Chiki;-;1111;0;391500
;08/01/2026;Parkir di Toko Syahreena Chiki;-;5191;2000;0
;08/01/2026;Parkir di Toko Syahreena Chiki;-;1111;0;2000
;08/01/2026;Pembelian 21 renteng keju prochizz slice isi 2 di Rita Pasaraya Sokaraja;-;1131;311325;0
;08/01/2026;Pembelian 21 renteng keju prochizz slice isi 2 di Rita Pasaraya Sokaraja;-;5211;75;0
;08/01/2026;Pembelian 21 renteng keju prochizz slice isi 2 di Rita Pasaraya Sokaraja;-;1111;0;311400
;08/01/2026;Parkir di Rita Pasaraya Sokaraja;-;5191;2000;0
;08/01/2026;Parkir di Rita Pasaraya Sokaraja;-;1111;0;2000
;08/01/2026;Pembelian 101 pcs keju prochizz slice isi 12 dan 98 pack saus tomat sachet di Rita Supermall Purwokerto;-;1131;1660700;0
;08/01/2026;Pembelian 101 pcs keju prochizz slice isi 12 dan 98 pack saus tomat sachet di Rita Supermall Purwokerto;-;1111;0;1660700
;08/01/2026;Parkir di Rita Supermall Purwokerto;-;5191;6000;0
;08/01/2026;Parkir di Rita Supermall Purwokerto;-;1111;0;6000
;08/01/2026;Parkir di Topaz;-;5191;3000;0
;08/01/2026;Parkir di Topaz;-;1111;0;3000
;08/01/2026;Parkir di Depo Pelita;-;5191;4000;0
;08/01/2026;Parkir di Depo Pelita;-;1111;0;4000
;08/01/2026;Pembelian 32 pcs keju prochizz quick melt slice isi 5 di Yu Bar Frozen Food;-;1131;352000;0
;08/01/2026;Pembelian 32 pcs keju prochizz quick melt slice isi 5 di Yu Bar Frozen Food;-;2111;0;352000
;08/01/2026;Pembelian 10 renteng dan 5 pcs keju prochizz slice isi 2;-;1131;121000;0
;08/01/2026;Pembelian 10 renteng dan 5 pcs keju prochizz slice isi 2;-;2111;0;121000
;08/01/2026;Pembelian 2345 pcs beef patty ke CV Mas Brengozz;-;1131;6331500;0
;08/01/2026;Pembelian 2345 pcs beef patty ke CV Mas Brengozz;-;2111;0;6331500
;08/01/2026;Pembelian 391 pack roti bun di Sokaraja;-;1131;3519000;0
;08/01/2026;Pembelian 391 pack roti bun di Sokaraja;-;2111;0;3519000
;08/01/2026;Pembelian 22 kg selada dan 30 kg tomat ke Bu Dewi;-;1131;600000;0
;08/01/2026;Pembelian 22 kg selada dan 30 kg tomat ke Bu Dewi;-;2111;0;600000
;08/01/2026;Pembelian 2345 pcs pisang ulin SPPG Kutabanjarnegara ke Bu Lis;-;1131;2227750;0
;08/01/2026;Pembelian 2345 pcs pisang ulin SPPG Kutabanjarnegara ke Bu Lis;-;2111;0;2227750
;08/01/2026;Pembelian 400 kg apel fuji SPPG Kutabanjarnegara ke Bu Lis;-;1131;13600000;0
;08/01/2026;Pembelian 400 kg apel fuji SPPG Kutabanjarnegara ke Bu Lis;-;2111;0;13600000
;08/01/2026;Pembelian 1050 pcs bollen pisang dan 1295 roti abon ke Bu Sri;-;1131;6510000;0
;08/01/2026;Pembelian 1050 pcs bollen pisang dan 1295 roti abon ke Bu Sri;-;2111;0;6498000
;08/01/2026;Pembelian 1050 pcs bollen pisang dan 1295 roti abon ke Bu Sri;-;6111;0;12000
;08/01/2026;Pengiriman SPPG Kutabanjarnegara;-;5111;42932775;0
;08/01/2026;Pengiriman SPPG Kutabanjarnegara;-;1131;0;42932775
;08/01/2026;Pengiriman SPPG Kutabanjarnegara;-;1121;52648730;0
;08/01/2026;Pengiriman SPPG Kutabanjarnegara;-;4111;0;52648730
;08/01/2026;Reimburse pembelian kerupuk finna ke Mas Denny (pembelian 7/1);-;2111;261000;0
;08/01/2026;Reimburse pembelian kerupuk finna ke Mas Denny (pembelian 7/1);-;1111;0;261000
;08/01/2026;Reimburse pembelian keju slice ke Mas Denny (pembelian 8/1);-;2111;473000;0
;08/01/2026;Reimburse pembelian keju slice ke Mas Denny (pembelian 8/1);-;1111;0;473000
;08/01/2026;Piutang Pak Sodik;-;1121;48900;0
;08/01/2026;Piutang Pak Sodik;-;1111;0;48900
;08/01/2026;Penjualan 2 pcs minyak goreng dan 1 karus beras 25 kg ke Pak Sodik;-;5111;425700;0
;08/01/2026;Penjualan 2 pcs minyak goreng dan 1 karus beras 25 kg ke Pak Sodik;-;1131;0;425700
;08/01/2026;Penjualan 2 pcs minyak goreng dan 1 karus beras 25 kg ke Pak Sodik;-;1121;442500;0
;08/01/2026;Penjualan 2 pcs minyak goreng dan 1 karus beras 25 kg ke Pak Sodik;-;4111;0;442500
;08/01/2026;Pembelian BBM;-;5172;100000;0
;08/01/2026;Pembelian BBM;-;2142;0;100000
;09/01/2026;Pembelian akomodasi makan Mas Denny;-;5171;61000;0
;09/01/2026;Pembelian akomodasi makan Mas Denny;-;2141;0;61000
;09/01/2026;Pembelian akomodasi makan Mas Denny;-;5171;21100;0
;09/01/2026;Pembelian akomodasi makan Mas Denny;-;2141;0;21100
;10/01/2026;Pelunasan utang pembelian mie mocaf dll ke Pak Wisnu (pembelian 7/1);-;2111;9285500;0
;10/01/2026;Pelunasan utang pembelian mie mocaf dll ke Pak Wisnu (pembelian 7/1);-;5221;2500;0
;10/01/2026;Pelunasan utang pembelian mie mocaf dll ke Pak Wisnu (pembelian 7/1);-;1112;0;9288000
;10/01/2026;Kas bon belanja persediaan;-;1121;2000000;0
;10/01/2026;Kas bon belanja persediaan;-;1112;0;2000000
;10/01/2026;Pelunasan kas bon belanja persediaan;-;1111;2000000;0
;10/01/2026;Pelunasan kas bon belanja persediaan;-;1121;0;2000000
;10/01/2026;Pembelian persediaan di Gunung Mas;-;1131;2484000;0
;10/01/2026;Pembelian persediaan di Gunung Mas;-;1111;0;2484000
;10/01/2026;Parkir di Topaz;-;5191;3000;0
;10/01/2026;Parkir di Topaz;-;1111;0;3000
;10/01/2026;Parkir di BRI;-;5191;3000;0
;10/01/2026;Parkir di BRI;-;1111;0;3000
;10/01/2026;Parkir di Topaz;-;5191;3000;0
;10/01/2026;Parkir di Topaz;-;1111;0;3000
;10/01/2026;Pembelian 2400 pcs kerupuk udang finna ke Bu Lis;-;1131;2280000;0
;10/01/2026;Pembelian 2400 pcs kerupuk udang finna ke Bu Lis;-;2111;0;2280000
;11/01/2026;Kas masuk untuk belanja persediaan dari Mas Denny;-;1111;1500000;0
;11/01/2026;Kas masuk untuk belanja persediaan dari Mas Denny;-;2111;0;1500000
;11/01/2026;Kas bon belanja persediaan;-;1121;2000000;0
;11/01/2026;Kas bon belanja persediaan;-;1112;0;2000000
;11/01/2026;Pelunasan kas bon belanja persediaan;-;1111;2000000;0
;11/01/2026;Pelunasan kas bon belanja persediaan;-;1121;0;2000000
;11/01/2026;Parkir di BRI;-;5191;3000;0
;11/01/2026;Parkir di BRI;-;1111;0;3000
;11/01/2026;Pembelian persediaan di Topaz;-;1131;1130400;0
;11/01/2026;Pembelian persediaan di Topaz;-;1111;0;1130400
;11/01/2026;Parkir di Topaz;-;5191;3000;0
;11/01/2026;Parkir di Topaz;-;1111;0;3000
;11/01/2026;Pembelian 13 pcs tepung serbaguna sajiku di Gunung Mas;-;1131;292500;0
;11/01/2026;Pembelian 13 pcs tepung serbaguna sajiku di Gunung Mas;-;1111;0;292500
;11/01/2026;Parkir di Gunung Mas;-;5191;3000;0
;11/01/2026;Parkir di Gunung Mas;-;1111;0;3000
;11/01/2026;Pembelian persediaan di Pasar Induk;-;1131;906000;0
;11/01/2026;Pembelian persediaan di Pasar Induk;-;1111;0;906000
;11/01/2026;Parkir di Pasar Induk;-;5191;3000;0
;11/01/2026;Parkir di Pasar Induk;-;1111;0;3000
;11/01/2026;Pembelian persediaan di Depo Pelita;-;1131;999000;0
;11/01/2026;Pembelian persediaan di Depo Pelita;-;1111;0;999000
;11/01/2026;Parkir di Depo Pelita;-;5191;4000;0
;11/01/2026;Parkir di Depo Pelita;-;1111;0;4000
;11/01/2026;Pembelian persediaan di Topaz + kresek putih;-;1131;150400;0
;11/01/2026;Pembelian persediaan di Topaz + kresek putih;-;5211;500;0
;11/01/2026;Pembelian persediaan di Topaz + kresek putih;-;1111;0;150900
;11/01/2026;Parkir di Topaz;-;5191;3000;0
;11/01/2026;Parkir di Topaz;-;1111;0;3000
;11/01/2026;Pembelian 4 pcs kaldu jamur 200 g di Sahabat Grosir;-;1131;120000;0
;11/01/2026;Pembelian 4 pcs kaldu jamur 200 g di Sahabat Grosir;-;1111;0;120000
;11/01/2026;Pembelian 120 kg melon SPPG Kutabanjarnegara ke Bu Lis;-;1131;2040000;0
;11/01/2026;Pembelian 120 kg melon SPPG Kutabanjarnegara ke Bu Lis;-;2111;0;2040000
;11/01/2026;Pembelian 160 kg buah naga SPPG MBS Wanayasa ke Bu Lis;-;1131;1536000;0
;11/01/2026;Pembelian 160 kg buah naga SPPG MBS Wanayasa ke Bu Lis;-;2111;0;1536000
;11/01/2026;Pembelian 48 kg abon ayam ke Bu Fitri;-;1131;9600000;0
;11/01/2026;Pembelian 48 kg abon ayam ke Bu Fitri;-;2111;0;9600000
;11/01/2026;Pembelian 45 kg timun ke Pak Pur;-;1131;270000;0
;11/01/2026;Pembelian 45 kg timun ke Pak Pur;-;2111;0;270000
;11/01/2026;Pembelian 60 kg jagung putren ke Bu Dewi;-;1131;300000;0
;11/01/2026;Pembelian 60 kg jagung putren ke Bu Dewi;-;2111;0;300000
;11/01/2026;Pembelian persediaan ke Pak Wisnu;-;1131;2002000;0
;11/01/2026;Pembelian persediaan ke Pak Wisnu;-;2111;0;2002000
;11/01/2026;Pembelian BBM;-;5172;100000;0
;11/01/2026;Pembelian BBM;-;2142;0;100000
;11/01/2026;Pembelian akomodasi makan Mas Denny;-;5171;50000;0
;11/01/2026;Pembelian akomodasi makan Mas Denny;-;2141;0;50000
;11/01/2026;Pembelian akomodasi makan Pak Sodik;-;5171;25000;0
;11/01/2026;Pembelian akomodasi makan Pak Sodik;-;2141;0;25000
;11/01/2026;Pengiriman SPPG Kutabanjarnegara;-;5111;19499050;0
;11/01/2026;Pengiriman SPPG Kutabanjarnegara;-;1131;0;19499050
;11/01/2026;Pengiriman SPPG Kutabanjarnegara;-;1121;22156000;0
;11/01/2026;Pengiriman SPPG Kutabanjarnegara;-;4111;0;22156000
;11/01/2026;Pengiriman SPPG MBS Wanayasa;-;5111;1916000;0
;11/01/2026;Pengiriman SPPG MBS Wanayasa;-;1131;0;1916000
;11/01/2026;Pengiriman SPPG MBS Wanayasa;-;1121;3193000;0
;11/01/2026;Pengiriman SPPG MBS Wanayasa;-;4111;0;3193000
;11/01/2026;Pengiriman SPPG Merden;-;5111;4810650;0
;11/01/2026;Pengiriman SPPG Merden;-;1131;0;4810650
;11/01/2026;Pengiriman SPPG Merden;-;1121;5767500;0
;11/01/2026;Pengiriman SPPG Merden;-;4111;0;5767500
;11/01/2026;Pengiriman SPPG Susukan;-;5111;4194500;0
;11/01/2026;Pengiriman SPPG Susukan;-;1131;0;4194500
;11/01/2026;Pengiriman SPPG Susukan;-;1121;4645500;0
;11/01/2026;Pengiriman SPPG Susukan;-;4111;0;4645500
;12/01/2026;Pembelian 2 pcs nota di Toko Ria;-;1141;7000;0
;12/01/2026;Pembelian 2 pcs nota di Toko Ria;-;1111;0;7000
;12/01/2026;Kas bon belanja persediaan;-;1121;600000;0
;12/01/2026;Kas bon belanja persediaan;-;1111;0;600000
;12/01/2026;Pelunasan kas bon belanja persediaan;-;1111;600000;0
;12/01/2026;Pelunasan kas bon belanja persediaan;-;1121;0;600000
;12/01/2026;Pembelian 7 pcs delmonte saus tomat 1 kg di Topaz + kresek putih;-;1131;113400;0
;12/01/2026;Pembelian 7 pcs delmonte saus tomat 1 kg di Topaz + kresek putih;-;5211;500;0
;12/01/2026;Pembelian 7 pcs delmonte saus tomat 1 kg di Topaz + kresek putih;-;1111;0;113900
;12/01/2026;Parkir di Topaz;-;5191;3000;0
;12/01/2026;Parkir di Topaz;-;1111;0;3000
;12/01/2026;Parkir di Gunung Mas;-;5191;3000;0
;12/01/2026;Parkir di Gunung Mas;-;1111;0;3000
;12/01/2026;Pembelian persediaan di Depo Pelita;-;1131;229000;0
;12/01/2026;Pembelian persediaan di Depo Pelita;-;1111;0;229000
;12/01/2026;Parkir di Depo Pelita;-;5191;4000;0
;12/01/2026;Parkir di Depo Pelita;-;1111;0;4000
;12/01/2026;Pembelian 9 pcs delmonte saus tomat 1 kg di Vanqis;-;1131;166500;0
;12/01/2026;Pembelian 9 pcs delmonte saus tomat 1 kg di Vanqis;-;1111;0;166500
;12/01/2026;Reimburse ke Mas Denny (transaksi 11/12, 8/1, 9/1, dan 11/1);-;2141;152100;0
;12/01/2026;Reimburse ke Mas Denny (transaksi 11/12, 8/1, 9/1, dan 11/1);-;2142;200000;0
;12/01/2026;Reimburse ke Mas Denny (transaksi 11/12, 8/1, 9/1, dan 11/1);-;1111;0;352100
;12/01/2026;Reimburse ke Pak Sodik (transaksi 11/1);-;2141;25000;0
;12/01/2026;Reimburse ke Pak Sodik (transaksi 11/1);-;1111;0;25000
;12/01/2026;Kas bon pembelian BBM;-;1122;150000;0
;12/01/2026;Kas bon pembelian BBM;-;1111;0;150000
;12/01/2026;Pembelian 2345 pcs pisang ulin SPPG Kutabanjarnegara ke Bu Lis;-;1131;2227750;0
;12/01/2026;Pembelian 2345 pcs pisang ulin SPPG Kutabanjarnegara ke Bu Lis;-;2111;0;2227750
;12/01/2026;Pembelian 195 kg jeruk medan SPPG MBS Wanayasa ke Bu Lis;-;1131;3802500;0
;12/01/2026;Pembelian 195 kg jeruk medan SPPG MBS Wanayasa ke Bu Lis;-;2111;0;3802500
;12/01/2026;Pembelian 50 kg kubis ke Bu Dewi;-;1131;250000;0
;12/01/2026;Pembelian 50 kg kubis ke Bu Dewi;-;2111;0;250000
;12/01/2026;Pembelian 45 kg timun ke Pak Pur;-;1131;270000;0
;12/01/2026;Pembelian 45 kg timun ke Pak Pur;-;2111;0;270000
;12/01/2026;Pembelian 180 kg telur ke Tadus;-;1131;4662000;0
;12/01/2026;Pembelian 180 kg telur ke Tadus;-;2111;0;4662000
;12/01/2026;Pembelian persediaan ke Pak Wisnu;-;1131;14111000;0
;12/01/2026;Pembelian persediaan ke Pak Wisnu;-;2111;0;14111000
;12/01/2026;Pengiriman SPPG Kutabanjarnegara;-;5111;19160829;0
;12/01/2026;Pengiriman SPPG Kutabanjarnegara;-;1131;0;19160829
;12/01/2026;Pengiriman SPPG Kutabanjarnegara;-;1121;22074600;0
;12/01/2026;Pengiriman SPPG Kutabanjarnegara;-;4111;0;22074600
;12/01/2026;Pengiriman SPPG MBS Wanayasa;-;5111;5098400;0
;12/01/2026;Pengiriman SPPG MBS Wanayasa;-;1131;0;5098400
;12/01/2026;Pengiriman SPPG MBS Wanayasa;-;1121;6690000;0
;12/01/2026;Pengiriman SPPG MBS Wanayasa;-;4111;0;6690000
;12/01/2026;Pengiriman SPPG Merden;-;5111;5165900;0
;12/01/2026;Pengiriman SPPG Merden;-;1131;0;5165900
;12/01/2026;Pengiriman SPPG Merden;-;1121;5865000;0
;12/01/2026;Pengiriman SPPG Merden;-;4111;0;5865000
;12/01/2026;Pengiriman SPPG Susukan;-;5111;1396000;0
;12/01/2026;Pengiriman SPPG Susukan;-;1131;0;1396000
;12/01/2026;Pengiriman SPPG Susukan;-;1121;1482000;0
;12/01/2026;Pengiriman SPPG Susukan;-;4111;0;1482000
;12/01/2026;Pelunasan piutang SPPG Kutabanjarnegara (pengiriman 7/1);-;1112;20145000;0
;12/01/2026;Pelunasan piutang SPPG Kutabanjarnegara (pengiriman 7/1);-;1121;0;20145000
;12/01/2026;Pelunasan piutang SPPG Kutabanjarnegara (pengiriman 8/1);-;1112;52648730;0
;12/01/2026;Pelunasan piutang SPPG Kutabanjarnegara (pengiriman 8/1);-;1121;0;52648730
;12/01/2026;Pelunasan kas bon pembelian BBM;-;1111;150000;0
;12/01/2026;Pelunasan kas bon pembelian BBM;-;1122;0;150000
;12/01/2026;Pembelian BBM;-;5172;150000;0
;12/01/2026;Pembelian BBM;-;1111;0;150000
;12/01/2026;Pembelian akomodasi makan Pak Sodik;-;5171;50000;0
;12/01/2026;Pembelian akomodasi makan Pak Sodik;-;2141;0;50000
;12/01/2026;Reimburse ke Pak Sodik (transaksi 12/1);-;2141;50000;0
;12/01/2026;Reimburse ke Pak Sodik (transaksi 12/1);-;1121;0;48900
;12/01/2026;Reimburse ke Pak Sodik (transaksi 12/1);-;1111;0;1100
;13/01/2026;Pembelian akomodasi minum Mas Denny;-;5171;13600;0
;13/01/2026;Pembelian akomodasi minum Mas Denny;-;2141;0;13600
;13/01/2026;Pembelian 2 pcs batu baterai ABC;-;5151;6000;0
;13/01/2026;Pembelian 2 pcs batu baterai ABC;-;1111;0;6000
;13/01/2026;Kas bon belanja persediaan;-;1121;850000;0
;13/01/2026;Kas bon belanja persediaan;-;1111;0;850000
;13/01/2026;Pembelian 5 kg bawang bombay ke Bu Lis;-;1131;170000;0
;13/01/2026;Pembelian 5 kg bawang bombay ke Bu Lis;-;2111;0;170000
;13/01/2026;Pembelian 75 kg kelengkeng SPPG Kutabanjarnegara ke Bu Lis;-;1131;2850000;0
;13/01/2026;Pembelian 75 kg kelengkeng SPPG Kutabanjarnegara ke Bu Lis;-;2111;0;2850000
;13/01/2026;Pembelian 1 dus kaldu jamur SPPG Merden ke Bu Lis;-;1131;1100000;0
;13/01/2026;Pembelian 1 dus kaldu jamur SPPG Merden ke Bu Lis;-;2111;0;1100000
;13/01/2026;Pembelian 6 karton susu ultramilk full cream 750 ml ke Bu Lis;-;1131;1130400;0
;13/01/2026;Pembelian 6 karton susu ultramilk full cream 750 ml ke Bu Lis;-;2111;0;1130400
;13/01/2026;Pembelian 170 pcs galantin ke KDMP Ledug;-;1131;3400000;0
;13/01/2026;Pembelian 170 pcs galantin ke KDMP Ledug;-;2111;0;3400000
;13/01/2026;Pembelian 1 pack paper clip di Toko Ria;-;1141;7500;0
;13/01/2026;Pembelian 1 pack paper clip di Toko Ria;-;1111;0;7500
;13/01/2026;Pelunasan kas bon belanja persediaan;-;1111;850000;0
;13/01/2026;Pelunasan kas bon belanja persediaan;-;1121;0;850000
;13/01/2026;Pembelian persediaan di Yu Bar;-;1131;203000;0
;13/01/2026;Pembelian persediaan di Yu Bar;-;1111;0;203000
;13/01/2026;Pembelian persediaan di Toko Delima;-;1131;138000;0
;13/01/2026;Pembelian persediaan di Toko Delima;-;1111;0;138000
;13/01/2026;Pembelian persediaan di Usaha Mandiri Grosir;-;1131;100000;0
;13/01/2026;Pembelian persediaan di Usaha Mandiri Grosir;-;1111;0;100000
;13/01/2026;Pembelian persediaan di Toko Al Zahra 4.0;-;1131;130000;0
;13/01/2026;Pembelian persediaan di Toko Al Zahra 4.0;-;2111;0;130000
;13/01/2026;Pembelian persediaan di UD Rini Sayur;-;1131;359000;0
;13/01/2026;Pembelian persediaan di UD Rini Sayur;-;1111;0;359000
;13/01/2026;Pembelian persediaan di Toko Delima;-;1131;220000;0
;13/01/2026;Pembelian persediaan di Toko Delima;-;6111;0;8800
;13/01/2026;Pembelian persediaan di Toko Delima;-;2111;0;211200
;13/01/2026;Parkir di Pasar Induk;-;5191;3000;0
;13/01/2026;Parkir di Pasar Induk;-;1111;0;3000
;13/01/2026;Parkir di Toko;-;5191;2000;0
;13/01/2026;Parkir di Toko;-;1111;0;2000
;13/01/2026;Parkir di Depo Pelita;-;5191;4000;0
;13/01/2026;Parkir di Depo Pelita;-;1111;0;4000
;13/01/2026;Pembelian persediaan ke Pak Wisnu;-;1131;5679750;0
;13/01/2026;Pembelian persediaan ke Pak Wisnu;-;2111;0;5679750
;13/01/2026;Pembelian 250 kg kentang ke Mas Fajar;-;1131;2500000;0
;13/01/2026;Pembelian 250 kg kentang ke Mas Fajar;-;2111;0;2500000
;13/01/2026;Pembelian 72 pack tusuk sate di Shopee;-;1131;781000;0
;13/01/2026;Pembelian 72 pack tusuk sate di Shopee;-;2111;0;781000
;13/01/2026;Pengiriman SPPG Kutabanjarnegara;-;5111;14102050;0
;13/01/2026;Pengiriman SPPG Kutabanjarnegara;-;1131;0;14102050
;13/01/2026;Pengiriman SPPG Kutabanjarnegara;-;1121;15815500;0
;13/01/2026;Pengiriman SPPG Kutabanjarnegara;-;4111;0;15815500
;13/01/2026;Pengiriman SPPG MBS Wanayasa;-;5111;3419700;0
;13/01/2026;Pengiriman SPPG MBS Wanayasa;-;1131;0;3419700
;13/01/2026;Pengiriman SPPG MBS Wanayasa;-;1121;3784000;0
;13/01/2026;Pengiriman SPPG MBS Wanayasa;-;4111;0;3784000
;13/01/2026;Pengiriman SPPG Merden;-;5111;1100000;0
;13/01/2026;Pengiriman SPPG Merden;-;1131;0;1100000
;13/01/2026;Pengiriman SPPG Merden;-;1121;1315000;0
;13/01/2026;Pengiriman SPPG Merden;-;4111;0;1315000
;13/01/2026;Pembelian 160 kg kentang frozen ke Bu Dewi;-;1131;6080000;0
;13/01/2026;Pembelian 160 kg kentang frozen ke Bu Dewi;-;2111;0;6080000
;13/01/2026;Pembelian akomodasi makan Mas Denny;-;5171;75000;0
;13/01/2026;Pembelian akomodasi makan Mas Denny;-;2141;0;75000
;13/01/2026;Pembelian BBM;-;5172;100000;0
;13/01/2026;Pembelian BBM;-;2142;0;100000
;14/01/2026;Pembelian persediaan di Toko Al Zahra 4.0;-;1131;228072;0
;14/01/2026;Pembelian persediaan di Toko Al Zahra 4.0;-;6111;0;72
;14/01/2026;Pembelian persediaan di Toko Al Zahra 4.0;-;2111;0;228000
;14/01/2026;Pembelian 2 pcs tepung panir di Gunung Mas;-;1131;14000;0
;14/01/2026;Pembelian 2 pcs tepung panir di Gunung Mas;-;2111;0;14000
;14/01/2026;Pembelian 5 pcs kecap bango di Toko Delima;-;1131;115000;0
;14/01/2026;Pembelian 5 pcs kecap bango di Toko Delima;-;2111;0;115000
;14/01/2026;Pembelian 3 pcs gula pasir di Toko Al Zahra 4.0;-;1131;55500;0
;14/01/2026;Pembelian 3 pcs gula pasir di Toko Al Zahra 4.0;-;2111;0;55500
;14/01/2026;Pembelian persediaan di UD Rini Sayur;-;1131;797000;0
;14/01/2026;Pembelian persediaan di UD Rini Sayur;-;2111;0;797000
;14/01/2026;Pembelian 1 pcs knorr sapi di Yu Bar;-;1131;96000;0
;14/01/2026;Pembelian 1 pcs knorr sapi di Yu Bar;-;2111;0;96000
;14/01/2026;Pembelian 16 kg kacang tanah ke Bu Dewi;-;1131;688000;0
;14/01/2026;Pembelian 16 kg kacang tanah ke Bu Dewi;-;2111;0;688000
;14/01/2026;Pembelian 1730 pcs ketupat sedang dan 615 ketupat kecil ke Bu Dewi;-;1131;2222000;0
;14/01/2026;Pembelian 1730 pcs ketupat sedang dan 615 ketupat kecil ke Bu Dewi;-;2111;0;2222000
;14/01/2026;Pembelian 150 kg ayam dada fillet ke CV Restu Jaya;-;1131;6750000;0
;14/01/2026;Pembelian 150 kg ayam dada fillet ke CV Restu Jaya;-;2111;0;6750000
;14/01/2026;Pembelian 32 kg abon ayam ke Bu Fitri;-;1131;6400000;0
;14/01/2026;Pembelian 32 kg abon ayam ke Bu Fitri;-;2111;0;6400000
;14/01/2026;Pembelian 300 kg beras ke Bu Lis;-;1131;4020000;0
;14/01/2026;Pembelian 300 kg beras ke Bu Lis;-;2111;0;4020000
;14/01/2026;Pembelian 2350 pcs keripik tahu ke Bu Lis;-;1131;3525000;0
;14/01/2026;Pembelian 2350 pcs keripik tahu ke Bu Lis;-;2111;0;3525000
;14/01/2026;Pembelian 180 kg semangka SPPG MBS Wanayasa ke Bu Lis;-;1131;1800000;0
;14/01/2026;Pembelian 180 kg semangka SPPG MBS Wanayasa ke Bu Lis;-;2111;0;1800000
;14/01/2026;Pembelian 130 kg jeruk santang SPPG Kutabanjarnegara ke Bu Lis;-;1131;4420000;0
;14/01/2026;Pembelian 130 kg jeruk santang SPPG Kutabanjarnegara ke Bu Lis;-;2111;0;4420000
;14/01/2026;Pembelian 4700 pcs pisang ulin SPPG Kutabanjarnegara ke Bu Lis;-;1131;4465000;0
;14/01/2026;Pembelian 4700 pcs pisang ulin SPPG Kutabanjarnegara ke Bu Lis;-;2111;0;4465000
;14/01/2026;Pembelian 48 kg wortel ke Mas Fajar;-;1131;480000;0
;14/01/2026;Pembelian 48 kg wortel ke Mas Fajar;-;2111;0;480000
;14/01/2026;Pembelian 50 kg timun ke Pak Pur;-;1131;300000;0
;14/01/2026;Pembelian 50 kg timun ke Pak Pur;-;2111;0;300000
;14/01/2026;Pembelian 785 pcs susu 125 ml ke Baturaden Milk;-;1131;2119500;0
;14/01/2026;Pembelian 785 pcs susu 125 ml ke Baturaden Milk;-;2111;0;2119500
;14/01/2026;Pelunasan utang pembelian persediaan ke Bu Dewi (pembelian 7/1, 8/1, 11/1, 12/1, dan 13/1);-;2111;7615000;0
;14/01/2026;Pelunasan utang pembelian persediaan ke Bu Dewi (pembelian 7/1, 8/1, 11/1, 12/1, dan 13/1);-;1112;0;7615000
;14/01/2026;Pelunasan utang pembelian persediaan ke Pak Wisnu (pembelian 12/1);-;2111;14111000;0
;14/01/2026;Pelunasan utang pembelian persediaan ke Pak Wisnu (pembelian 12/1);-;5221;2500;0
;14/01/2026;Pelunasan utang pembelian persediaan ke Pak Wisnu (pembelian 12/1);-;1112;0;14113500
;14/01/2026;Reimburse kas masuk dan pembelian persediaan ke Mas Denny (transaksi 7/1 dan 8/1);-;2111;6019000;0
;14/01/2026;Reimburse kas masuk dan pembelian persediaan ke Mas Denny (transaksi 7/1 dan 8/1);-;1112;0;6019000
;14/01/2026;Pelunasan utang pembelian abon ke Bu Fitri (pembelian 11/1);-;2111;9600000;0
;14/01/2026;Pelunasan utang pembelian abon ke Bu Fitri (pembelian 11/1);-;5221;2500;0
;14/01/2026;Pelunasan utang pembelian abon ke Bu Fitri (pembelian 11/1);-;1112;0;9602500
;14/01/2026;Pelunasan utang pembelian beef patty ke CV Mas Brengozz (pembelian 8/1);-;2111;6331500;0
;14/01/2026;Pelunasan utang pembelian beef patty ke CV Mas Brengozz (pembelian 8/1);-;5221;2500;0
;14/01/2026;Pelunasan utang pembelian beef patty ke CV Mas Brengozz (pembelian 8/1);-;1112;0;6334000
;14/01/2026;Pengiriman SPPG Kutabanjarnegara;-;5111;37917072;0
;14/01/2026;Pengiriman SPPG Kutabanjarnegara;-;1131;0;37917072
;14/01/2026;Pengiriman SPPG Kutabanjarnegara;-;1121;43745450;0
;14/01/2026;Pengiriman SPPG Kutabanjarnegara;-;4111;0;43745450
;14/01/2026;Pengiriman SPPG Susukan;-;5111;6827500;0
;14/01/2026;Pengiriman SPPG Susukan;-;1131;0;6827500
;14/01/2026;Pengiriman SPPG Susukan;-;1121;7255000;0
;14/01/2026;Pengiriman SPPG Susukan;-;4111;0;7255000
;14/01/2026;Pengiriman SPPG MBS Wanayasa;-;5111;4427200;0
;14/01/2026;Pengiriman SPPG MBS Wanayasa;-;1131;0;4427200
;14/01/2026;Pengiriman SPPG MBS Wanayasa;-;1121;4947500;0
;14/01/2026;Pengiriman SPPG MBS Wanayasa;-;4111;0;4947500
;14/01/2026;Pembelian akomodasi makan Mas Denny;-;5171;72000;0
;14/01/2026;Pembelian akomodasi makan Mas Denny;-;2141;0;72000
;14/01/2026;Pembelian BBM;-;5172;100000;0
;14/01/2026;Pembelian BBM;-;2142;0;100000
;15/01/2026;Pembayaran utang beras SCS retail ke Pak Toto;-;1124;13600000;0
;15/01/2026;Pembayaran utang beras SCS retail ke Pak Toto;-;1112;0;13600000
;15/01/2026;Penggantian pembayaran beras dengan uang SCS retail;-;2151;13600000;0
;15/01/2026;Penggantian pembayaran beras dengan uang SCS retail;-;1124;0;13600000
;15/01/2026;Pelunasan utang pembelian roti ke Bu Sri (pembelian 8/1);-;2111;6498000;0
;15/01/2026;Pelunasan utang pembelian roti ke Bu Sri (pembelian 8/1);-;5211;2500;0
;15/01/2026;Pelunasan utang pembelian roti ke Bu Sri (pembelian 8/1);-;1112;0;6500500
;16/01/2026;Pelunasan piutang SPPG Susukan (pengiriman 7/1);-;1112;6176800;0
;16/01/2026;Pelunasan piutang SPPG Susukan (pengiriman 7/1);-;1121;0;6176800
;16/01/2026;Kelebihan transfer dari SPPG Susukan;-;1112;19200;0
;16/01/2026;Kelebihan transfer dari SPPG Susukan;-;2151;0;19200
;16/01/2026;Admin bulanan kas harian;-;5221;9000;0
;16/01/2026;Admin bulanan kas harian;-;1111;0;9000
;17/01/2026;Pembelian 1000 kg beras ke Bu Lis;-;1131;13900000;0
;17/01/2026;Pembelian 1000 kg beras ke Bu Lis;-;2111;0;13900000
;18/01/2026;Kas masuk ke kas harian dari kas di bank untuk belanja persediaan;-;1111;5000000;0
;18/01/2026;Kas masuk ke kas harian dari kas di bank untuk belanja persediaan;-;1112;0;5000000
;18/01/2026;Kas bon belanja persediana;-;1121;5000000;0
;18/01/2026;Kas bon belanja persediana;-;1111;0;5000000
;18/01/2026;Pelunasan kas bon belanja persediaan;-;1111;5000000;0
;18/01/2026;Pelunasan kas bon belanja persediaan;-;1121;0;5000000
;18/01/2026;Pembelian persediaan di Toko Delima;-;1131;313000;0
;18/01/2026;Pembelian persediaan di Toko Delima;-;1111;0;313000
;18/01/2026;Pembelian persediaan di Topaz;-;1131;454900;0
;18/01/2026;Pembelian persediaan di Topaz;-;1111;0;454900
;18/01/2026;Parkir di Topaz;-;5191;3000;0
;18/01/2026;Parkir di Topaz;-;1111;0;3000
;18/01/2026;Pembelian persediaan di UD Rini Sayur;-;1131;1963000;0
;18/01/2026;Pembelian persediaan di UD Rini Sayur;-;1111;0;1963000
;18/01/2026;Parkir di Pasar Induk;-;5191;3000;0
;18/01/2026;Parkir di Pasar Induk;-;1111;0;3000
;18/01/2026;Pembelian persediaan di Gunung Mas;-;1131;1446250;0
;18/01/2026;Pembelian persediaan di Gunung Mas;-;6111;0;50
;18/01/2026;Pembelian persediaan di Gunung Mas;-;1111;0;1446200
;18/01/2026;Pembelian persediaan di Depo Pelita;-;1131;697800;0
;18/01/2026;Pembelian persediaan di Depo Pelita;-;1111;0;697800
;18/01/2026;Parkir di Depo Pelita;-;5191;4000;0
;18/01/2026;Parkir di Depo Pelita;-;1111;0;4000
;18/01/2026;Pembelian 16,7 kg selada ke Bu Dewi;-;1131;289000;0
;18/01/2026;Pembelian 16,7 kg selada ke Bu Dewi;-;2111;0;289000
;18/01/2026;Pembelian 154 pcs roti pizza ke Bu Sri;-;1131;462000;0
;18/01/2026;Pembelian 154 pcs roti pizza ke Bu Sri;-;2111;0;462000
;18/01/2026;Pembelian 194 kg ayam potong ke Restu Jaya;-;1131;6499000;0
;18/01/2026;Pembelian 194 kg ayam potong ke Restu Jaya;-;2111;0;6499000
;18/01/2026;Pembelian 37,5 kg timun ke Pak Pur;-;1131;225000;0
;18/01/2026;Pembelian 37,5 kg timun ke Pak Pur;-;2111;0;225000
;18/01/2026;Pembelian 1 box sarung tangan latex ke Bu Lis;-;1131;52000;0
;18/01/2026;Pembelian 1 box sarung tangan latex ke Bu Lis;-;2111;0;52000
;18/01/2026;Pembelian 40 kg kacang sangrai SPPG Susukan ke Bu Lis;-;1131;2600000;0
;18/01/2026;Pembelian 40 kg kacang sangrai SPPG Susukan ke Bu Lis;-;2111;0;2600000
;18/01/2026;Pembelian 25 kg nanas madu kupas SPPG MBS Wanayasa ke Bu Lis;-;1131;750000;0
;18/01/2026;Pembelian 25 kg nanas madu kupas SPPG MBS Wanayasa ke Bu Lis;-;2111;0;750000
;18/01/2026;Pembelian 95 kg kelengkeng SPPG MBS Wanayasa ke Bu Lis;-;1131;3610000;0
;18/01/2026;Pembelian 95 kg kelengkeng SPPG MBS Wanayasa ke Bu Lis;-;2111;0;3610000
;18/01/2026;Pembelian 85 kg kelengkeng SPPG Kutabanjarnegara ke Bu Lis;-;1131;3230000;0
;18/01/2026;Pembelian 85 kg kelengkeng SPPG Kutabanjarnegara ke Bu Lis;-;2111;0;3230000
;18/01/2026;Pembelian 1940 pcs keripik tahu SPPG Kutabanjarnegara ke Bu Lis;-;1131;2910000;0
;18/01/2026;Pembelian 1940 pcs keripik tahu SPPG Kutabanjarnegara ke Bu Lis;-;2111;0;2910000
;18/01/2026;Pembelian 500 kg beras SPPG Susukan;-;1131;6750000;0
;18/01/2026;Pembelian 500 kg beras SPPG Susukan;-;2111;0;6750000
;18/01/2026;Pembelian 1000 kg beras SPPG Merden;-;1131;13500000;0
;18/01/2026;Pembelian 1000 kg beras SPPG Merden;-;2111;0;13500000
;18/01/2026;Pembelian 4 pcs kaldu jamur 80 g di Toko Ada;-;1131;60000;0
;18/01/2026;Pembelian 4 pcs kaldu jamur 80 g di Toko Ada;-;2111;0;60000
;18/01/2026;Pembelian 1 pcs knorr ayam di Dayinta Frozen Food;-;1131;99000;0
;18/01/2026;Pembelian 1 pcs knorr ayam di Dayinta Frozen Food;-;2111;0;99000
;18/01/2026;Pengiriman SPPG Kutabanjarnegara;-;5111;17371672;0
;18/01/2026;Pengiriman SPPG Kutabanjarnegara;-;1131;0;17371672
;18/01/2026;Pengiriman SPPG Kutabanjarnegara;-;1121;19835725;0
;18/01/2026;Pengiriman SPPG Kutabanjarnegara;-;4111;0;19835725
;18/01/2026;Pengiriman SPPG MBS Wanayasa;-;5111;6644600;0
;18/01/2026;Pengiriman SPPG MBS Wanayasa;-;1131;0;6644600
;18/01/2026;Pengiriman SPPG MBS Wanayasa;-;1121;7501950;0
;18/01/2026;Pengiriman SPPG MBS Wanayasa;-;4111;0;7501950
;18/01/2026;Pengiriman SPPG Susukan;-;5111;12858050;0
;18/01/2026;Pengiriman SPPG Susukan;-;1131;0;12858050
;18/01/2026;Pengiriman SPPG Susukan;-;1121;14112800;0
;18/01/2026;Pengiriman SPPG Susukan;-;4111;0;14112800
;18/01/2026;Pengiriman beras SPPG Merden (1000 kg + 220 kg);-;5111;16470000;0
;18/01/2026;Pengiriman beras SPPG Merden (1000 kg + 220 kg);-;1131;0;16470000
;18/01/2026;Pengiriman beras SPPG Merden (1000 kg + 220 kg);-;1121;18300000;0
;18/01/2026;Pengiriman beras SPPG Merden (1000 kg + 220 kg);-;4111;0;18300000
;18/01/2026;Pembelian BBM;-;5172;200000;0
;18/01/2026;Pembelian BBM;-;2142;0;200000
;18/01/2026;Pelunasan piutang SPPG Merden (780 kg beras pengiriman 6/1);-;1112;11700000;0
;18/01/2026;Pelunasan piutang SPPG Merden (780 kg beras pengiriman 6/1);-;1121;0;11700000
;18/01/2026;Pelunasan piutang SPPG Merden (pengiriman 11/1);-;1112;5767500;0
;18/01/2026;Pelunasan piutang SPPG Merden (pengiriman 11/1);-;1121;0;5767500
;18/01/2026;Pelunasan piutang SPPG Merden (pengiriman 12/1);-;1112;5865000;0
;18/01/2026;Pelunasan piutang SPPG Merden (pengiriman 12/1);-;1121;0;5865000
;18/01/2026;Pelunasan piutang SPPG Merden (pengiriman 13/1);-;1112;1315000;0
;18/01/2026;Pelunasan piutang SPPG Merden (pengiriman 13/1);-;1121;0;1315000
;19/01/2026;Kas masuk untuk belanja persediaan dari Mas Denny;-;1111;1500000;0
;19/01/2026;Kas masuk untuk belanja persediaan dari Mas Denny;-;2111;0;1500000
;19/01/2026;Kas bon belanja persediaan;-;1121;1500000;0
;19/01/2026;Kas bon belanja persediaan;-;1111;0;1500000
;19/01/2026;Pembayaran listrik bulan Januari;-;5141;173888;0
;19/01/2026;Pembayaran listrik bulan Januari;-;5221;3000;0
;19/01/2026;Pembayaran listrik bulan Januari;-;1112;0;176888
;19/01/2026;Reimburse kas masuk dan akomodasi ke Mas Denny (transaksi 11/1 - 14/1);-;2111;3831700;0
;19/01/2026;Reimburse kas masuk dan akomodasi ke Mas Denny (transaksi 11/1 - 14/1);-;2141;160600;0
;19/01/2026;Reimburse kas masuk dan akomodasi ke Mas Denny (transaksi 11/1 - 14/1);-;2142;200000;0
;19/01/2026;Reimburse kas masuk dan akomodasi ke Mas Denny (transaksi 11/1 - 14/1);-;1112;0;4192300
;19/01/2026;Reimburse kas masuk ke Mas Denny (transaksi 19/1);-;2111;1500000;0
;19/01/2026;Reimburse kas masuk ke Mas Denny (transaksi 19/1);-;1112;0;1500000
;19/01/2026;Pelunasan utang pembelian galantin ke KDMP Ledug (pembelian 13/1);-;2111;3400000;0
;19/01/2026;Pelunasan utang pembelian galantin ke KDMP Ledug (pembelian 13/1);-;1112;0;3400000
;19/01/2026;Pelunasan utang pembelian ayam ke CV Restu Jaya (pembelian 14/1);-;2111;6750000;0
;19/01/2026;Pelunasan utang pembelian ayam ke CV Restu Jaya (pembelian 14/1);-;5221;2500;0
;19/01/2026;Pelunasan utang pembelian ayam ke CV Restu Jaya (pembelian 14/1);-;1112;0;6752500
;19/01/2026;Pelunasan utang pembelian abon ayam ke Bu Fitri (pembelian 14/1);-;2111;6400000;0
;19/01/2026;Pelunasan utang pembelian abon ayam ke Bu Fitri (pembelian 14/1);-;5221;2500;0
;19/01/2026;Pelunasan utang pembelian abon ayam ke Bu Fitri (pembelian 14/1);-;1112;0;6402500
;19/01/2026;Pelunasan utang pembelian persediaan ke Pak Wisnu (pembelian 11/1 dan 13/1);-;2111;7681750;0
;19/01/2026;Pelunasan utang pembelian persediaan ke Pak Wisnu (pembelian 11/1 dan 13/1);-;5221;2500;0
;19/01/2026;Pelunasan utang pembelian persediaan ke Pak Wisnu (pembelian 11/1 dan 13/1);-;1112;0;7684250
;19/01/2026;Pelunasan utang pembelian kacang tanah dan ketupat ke Bu Dewi (pembelian 14/1 dan 15/1);-;2111;2910000;0
;19/01/2026;Pelunasan utang pembelian kacang tanah dan ketupat ke Bu Dewi (pembelian 14/1 dan 15/1);-;1112;0;2910000
;19/01/2026;Pembelian 62 kg jagung putren ke Bu Dewi;-;1131;372000;0
;19/01/2026;Pembelian 62 kg jagung putren ke Bu Dewi;-;2111;0;372000
;19/01/2026;Pembelian 210 kg buah naga SPPG MBS Wanayasa ke Bu Lis;-;1131;2415000;0
;19/01/2026;Pembelian 210 kg buah naga SPPG MBS Wanayasa ke Bu Lis;-;2111;0;2415000
;19/01/2026;Pembelian 58 kg melon SPPG Kutabanjarnegara ke Bu Lis;-;1131;986000;0
;19/01/2026;Pembelian 58 kg melon SPPG Kutabanjarnegara ke Bu Lis;-;2111;0;986000
;19/01/2026;Pembelian 50 kg melon ke Pak Pur;-;1131;675000;0
;19/01/2026;Pembelian 50 kg melon ke Pak Pur;-;2111;0;675000
;19/01/2026;Pelunasan kas bon belanja persediaan;-;1111;1500000;0
;19/01/2026;Pelunasan kas bon belanja persediaan;-;1121;0;1500000
;19/01/2026;Pembelian 39 pcs sedani spiral di Rifky Frozen Foods;-;1131;721500;0
;19/01/2026;Pembelian 39 pcs sedani spiral di Rifky Frozen Foods;-;1111;0;721500
;19/01/2026;Parkir di Pasar Mandiraja;-;5191;3000;0
;19/01/2026;Parkir di Pasar Mandiraja;-;1111;0;3000
;19/01/2026;Parkir di Toko Sri Rejeki;-;5191;3000;0
;19/01/2026;Parkir di Toko Sri Rejeki;-;1111;0;3000
;19/01/2026;Parkir di Toko Mendre;-;5191;3000;0
;19/01/2026;Parkir di Toko Mendre;-;1111;0;3000
;19/01/2026;Parkir di Toko Brayan Maju;-;5191;5000;0
;19/01/2026;Parkir di Toko Brayan Maju;-;1111;0;5000
;19/01/2026;Parkir di Pasar Purwonegoro;-;5191;3000;0
;19/01/2026;Parkir di Pasar Purwonegoro;-;1111;0;3000
;19/01/2026;Parkir di Pasar Tapen;-;5191;3000;0
;19/01/2026;Parkir di Pasar Tapen;-;1111;0;3000
;19/01/2026;Parkir di Pasar Wanadadi;-;5191;3000;0
;19/01/2026;Parkir di Pasar Wanadadi;-;1111;0;3000
;19/01/2026;Pembelian persediaan ke UD Rini Sayur;-;1131;8641000;0
;19/01/2026;Pembelian persediaan ke UD Rini Sayur;-;2111;0;8641000
;19/01/2026;Pembelian 5 kg bawang bombay ke UD Berkah Buah;-;1131;250000;0
;19/01/2026;Pembelian 5 kg bawang bombay ke UD Berkah Buah;-;1111;0;250000
;19/01/2026;Parkir ke Depo Pelita;-;5191;4000;0
;19/01/2026;Parkir ke Depo Pelita;-;1111;0;4000
;19/01/2026;Pembelian 5 pcs kaldu jamur di Yu Bar Frozen Food;-;1131;140000;0
;19/01/2026;Pembelian 5 pcs kaldu jamur di Yu Bar Frozen Food;-;2111;0;140000
;19/01/2026;Pembelian 2345 pcs keripik tempe ke Pak Wisnu;-;1131;1758750;0
;19/01/2026;Pembelian 2345 pcs keripik tempe ke Pak Wisnu;-;2111;0;1758750
;19/01/2026;Pembelian akomodasi makan Pak Sodik;-;5171;25000;0
;19/01/2026;Pembelian akomodasi makan Pak Sodik;-;1111;0;25000
;19/01/2026;Pelunasan piutang SPPG MBS Wanayasa (pengiriman 14/1);-;1112;4947500;0
;19/01/2026;Pelunasan piutang SPPG MBS Wanayasa (pengiriman 14/1);-;1121;0;4947500
;19/01/2026;Pelunasan piutang SPPG MBS Wanayasa (pengiriman 13/1);-;1112;3784000;0
;19/01/2026;Pelunasan piutang SPPG MBS Wanayasa (pengiriman 13/1);-;1121;0;3784000
;19/01/2026;Pelunasan piutang SPPG MBS Wanayasa (pengiriman 12/1);-;1112;6690000;0
;19/01/2026;Pelunasan piutang SPPG MBS Wanayasa (pengiriman 12/1);-;1121;0;6690000
;19/01/2026;Pelunasan piutang SPPG MBS Wanayasa (pengiriman 11/1);-;1112;3193000;0
;19/01/2026;Pelunasan piutang SPPG MBS Wanayasa (pengiriman 11/1);-;1121;0;3193000
;19/01/2026;Pengiriman SPPG Kutabanjarnegara;-;5111;15258450;0
;19/01/2026;Pengiriman SPPG Kutabanjarnegara;-;1131;0;15258450
;19/01/2026;Pengiriman SPPG Kutabanjarnegara;-;1121;18578400;0
;19/01/2026;Pengiriman SPPG Kutabanjarnegara;-;4111;0;18578400
;19/01/2026;Pengiriman SPPG MBS Wanayasa;-;5111;4874500;0
;19/01/2026;Pengiriman SPPG MBS Wanayasa;-;1131;0;4874500
;19/01/2026;Pengiriman SPPG MBS Wanayasa;-;1121;6251000;0
;19/01/2026;Pengiriman SPPG MBS Wanayasa;-;4111;0;6251000
;19/01/2026;Pembelian akomodasi makan Mas Denny;-;5171;50000;0
;19/01/2026;Pembelian akomodasi makan Mas Denny;-;2141;0;50000
;20/01/2026;Pembelian 95 kg anggur SPPG Kutabanjarnegara ke Bu Lis;-;1131;3610000;0
;20/01/2026;Pembelian 95 kg anggur SPPG Kutabanjarnegara ke Bu Lis;-;2111;0;3610000
;20/01/2026;Pembelian 170 kg semangka ke Pak Safrudin;-;1131;1309000;0
;20/01/2026;Pembelian 170 kg semangka ke Pak Safrudin;-;2111;0;1309000
;20/01/2026;Pembelian 65 kg edamame ke Bu Dewi;-;1131;1430000;0
;20/01/2026;Pembelian 65 kg edamame ke Bu Dewi;-;2111;0;1430000
;20/01/2026;Kas masuk ke kas harian untuk belanja persediaan;-;1111;10000000;0
;20/01/2026;Kas masuk ke kas harian untuk belanja persediaan;-;1112;0;10000000
;20/01/2026;Pembelian persediaan di UD Rini Sayur;-;1131;9298000;0
;20/01/2026;Pembelian persediaan di UD Rini Sayur;-;1111;0;9298000
;20/01/2026;Pembelian 1 bal garam di Kios Djaladri;-;1131;83000;0
;20/01/2026;Pembelian 1 bal garam di Kios Djaladri;-;1111;0;83000
;20/01/2026;Parkir di Pasar Induk;-;5191;3000;0
;20/01/2026;Parkir di Pasar Induk;-;1111;0;3000
;20/01/2026;Pembelian 12 pcs susu sapi murni di Toko Al Zahra 4.0;-;1131;324000;0
;20/01/2026;Pembelian 12 pcs susu sapi murni di Toko Al Zahra 4.0;-;1111;0;324000
;20/01/2026;Pembelian 5 pcs kaldu jamur 200 gr di Yu Bar Frozen Food;-;1131;140000;0
;20/01/2026;Pembelian 5 pcs kaldu jamur 200 gr di Yu Bar Frozen Food;-;1111;0;140000
;20/01/2026;Parkir di Gayam;-;5191;3000;0
;20/01/2026;Parkir di Gayam;-;1111;0;3000
;20/01/2026;Parkir di Depo Pelita;-;5191;4000;0
;20/01/2026;Parkir di Depo Pelita;-;1111;0;4000
;20/01/2026;Reimburse pembelian akomodasi makan ke Mas Denny (transaksi 19/1);-;2141;50000;0
;20/01/2026;Reimburse pembelian akomodasi makan ke Mas Denny (transaksi 19/1);-;1111;0;50000
;20/01/2026;Pembelian 48 pack beef patty di Sumber Sari Frozen Foods;-;1131;528000;0
;20/01/2026;Pembelian 48 pack beef patty di Sumber Sari Frozen Foods;-;2111;0;528000
;20/01/2026;Pembelian 8 pcs margarin simas 500 gr di Gunung Mas;-;1131;92000;0
;20/01/2026;Pembelian 8 pcs margarin simas 500 gr di Gunung Mas;-;2111;0;92000
;20/01/2026;Pembelian 4 renteng lada dan 1 pcs gula pasir 1 kg;-;1131;59000;0
;20/01/2026;Pembelian 4 renteng lada dan 1 pcs gula pasir 1 kg;-;2111;0;59000
;20/01/2026;Pengiriman SPPG Kutabanjarnegara;-;5111;17663150;0
;20/01/2026;Pengiriman SPPG Kutabanjarnegara;-;1131;0;17663150
;20/01/2026;Pengiriman SPPG Kutabanjarnegara;-;1121;21704750;0
;20/01/2026;Pengiriman SPPG Kutabanjarnegara;-;4111;0;21704750
;20/01/2026;Pengiriman SPPG MBS Wanayasa;-;5111;4304600;0
;20/01/2026;Pengiriman SPPG MBS Wanayasa;-;1131;0;4304600
;20/01/2026;Pengiriman SPPG MBS Wanayasa;-;1121;5228000;0
;20/01/2026;Pengiriman SPPG MBS Wanayasa;-;4111;0;5228000
;20/01/2026;Pelunasan piutang SPPG Kutabanjarnegara (pengiriman 11/1);-;1112;22156000;0
;20/01/2026;Pelunasan piutang SPPG Kutabanjarnegara (pengiriman 11/1);-;1121;0;22156000
;20/01/2026;Pelunasan piutang SPPG Kutabanjarnegara (pengiriman 12/1);-;1112;22074600;0
;20/01/2026;Pelunasan piutang SPPG Kutabanjarnegara (pengiriman 12/1);-;1121;0;22074600
;20/01/2026;Pelunasan piutang SPPG Kutabanjarnegara (pengiriman 13/1);-;1112;15815500;0
;20/01/2026;Pelunasan piutang SPPG Kutabanjarnegara (pengiriman 13/1);-;1121;0;15815500
;20/01/2026;Pelunasan piutang SPPG Kutabanjarnegara (pengiriman 14/1);-;1112;43745450;0
;20/01/2026;Pelunasan piutang SPPG Kutabanjarnegara (pengiriman 14/1);-;1121;0;43745450
;20/01/2026;Pelunasan piutang SPPG Kutabanjarnegara (pengiriman 18/1);-;1112;19835725;0
;20/01/2026;Pelunasan piutang SPPG Kutabanjarnegara (pengiriman 18/1);-;1121;0;19835725
;20/01/2026;Bunga bank;-;1112;33093;0
;20/01/2026;Bunga bank;-;4121;0;33093
;20/01/2026;Tax;-;5222;6619;0
;20/01/2026;Tax;-;1112;0;6619
;21/01/2026;Pembelian BBM;-;5172;200000;0
;21/01/2026;Pembelian BBM;-;2142;0;200000
;21/01/2026;Pembelian 42 renteng bumbu marinasi;-;1131;35000;0
;21/01/2026;Pembelian 42 renteng bumbu marinasi;-;2111;0;35000
;21/01/2026;Pembelian 7 renteng desaku marinasi di Topaz;-;1131;34300;0
;21/01/2026;Pembelian 7 renteng desaku marinasi di Topaz;-;2111;0;34300
;21/01/2026;Parkir di Topaz;-;5191;3000;0
;21/01/2026;Parkir di Topaz;-;2111;0;3000
;21/01/2026;Pembelian persediaan di Toko Al Zahra 4.0 + pembulatan 50;-;1131;373750;0
;21/01/2026;Pembelian persediaan di Toko Al Zahra 4.0 + pembulatan 50;-;5211;50;0
;21/01/2026;Pembelian persediaan di Toko Al Zahra 4.0 + pembulatan 50;-;2111;0;373800
;21/01/2026;Pembelian 1 pcs sasa 250 g di Usaha Mandiri Grosir;-;1131;13500;0
;21/01/2026;Pembelian 1 pcs sasa 250 g di Usaha Mandiri Grosir;-;2111;0;13500
;21/01/2026;Pembelian 7 renteng ladaku di Toko Delima + pembulatan 50;-;1131;71750;0
;21/01/2026;Pembelian 7 renteng ladaku di Toko Delima + pembulatan 50;-;5211;50;0
;21/01/2026;Pembelian 7 renteng ladaku di Toko Delima + pembulatan 50;-;2111;0;71800
;21/01/2026;Pembelian persediaan di UD Rini Sayur;-;1131;2765000;0
;21/01/2026;Pembelian persediaan di UD Rini Sayur;-;2111;0;2765000
;21/01/2026;Pembelian 9500 pcs bola daging ke CV Mas Brengozz Sejahtera;-;1131;8075000;0
;21/01/2026;Pembelian 9500 pcs bola daging ke CV Mas Brengozz Sejahtera;-;2111;0;8075000
;21/01/2026;Pembelian 2540 pcs tahu kuning ke Pak Safrudin;-;1131;1402000;0
;21/01/2026;Pembelian 2540 pcs tahu kuning ke Pak Safrudin;-;2111;0;1402000
;21/01/2026;Pembelian 2535 pcs pisang ulin SPPG Kutabanjarnegara ke Bu Lis;-;1131;2408250;0
;21/01/2026;Pembelian 2535 pcs pisang ulin SPPG Kutabanjarnegara ke Bu Lis;-;2111;0;2408250
;21/01/2026;Pembelian 4 pcs knorr sapi 1 kg ke Bu Lis;-;1131;404000;0
;21/01/2026;Pembelian 4 pcs knorr sapi 1 kg ke Bu Lis;-;2111;0;404000
;21/01/2026;Pembelian 141 kg jeruk santang SPPG Kutabanjarnegara ke Bu Lis;-;1131;5505500;0
;21/01/2026;Pembelian 141 kg jeruk santang SPPG Kutabanjarnegara ke Bu Lis;-;2111;0;5505500
;21/01/2026;Pembelian 25 kg selada ke Bu Dewi;-;1131;375000;0
;21/01/2026;Pembelian 25 kg selada ke Bu Dewi;-;2111;0;375000
;21/01/2026;Pembelian 51 pcs roti abon ke Bu Sri;-;1131;153000;0
;21/01/2026;Pembelian 51 pcs roti abon ke Bu Sri;-;2111;0;153000
;21/01/2026;Pengiriman SPPG Kutabanjarnegara;-;5111;17100102;0
;21/01/2026;Pengiriman SPPG Kutabanjarnegara;-;1131;0;17100102
;21/01/2026;Pengiriman SPPG Kutabanjarnegara;-;1121;20487750;0
;21/01/2026;Pengiriman SPPG Kutabanjarnegara;-;4111;0;20487750
;21/01/2026;Pengiriman SPPG MBS Wanayasa;-;5111;734200;0
;21/01/2026;Pengiriman SPPG MBS Wanayasa;-;1131;0;734200
;21/01/2026;Pengiriman SPPG MBS Wanayasa;-;1121;834000;0
;21/01/2026;Pengiriman SPPG MBS Wanayasa;-;4111;0;834000
;21/01/2026;Penjualan 45 karton susu UHT 125 ml ke Kalibening;-;5111;5400000;0
;21/01/2026;Penjualan 45 karton susu UHT 125 ml ke Kalibening;-;1131;0;5400000
;21/01/2026;Penjualan 45 karton susu UHT 125 ml ke Kalibening;-;1121;4860000;0
;21/01/2026;Penjualan 45 karton susu UHT 125 ml ke Kalibening;-;4111;0;4860000
;21/01/2026;Pembelian akomodasi makan;-;5171;35000;0
;21/01/2026;Pembelian akomodasi makan;-;2141;0;35000
;21/01/2026;Pembelian BBM;-;5172;50000;0
;21/01/2026;Pembelian BBM;-;2142;0;50000
;21/01/2026;Pelunasan utang pembelian beras SPPG Merden ke Pak Slamet (pembelian 6/1);-;2111;11000000;0
;21/01/2026;Pelunasan utang pembelian beras SPPG Merden ke Pak Slamet (pembelian 6/1);-;5221;2500;0
;21/01/2026;Pelunasan utang pembelian beras SPPG Merden ke Pak Slamet (pembelian 6/1);-;1112;0;11002500
;21/01/2026;Pelunasan piutang SPPG MBS Wanayasa (pengiriman 18/1);-;1112;7501950;0
;21/01/2026;Pelunasan piutang SPPG MBS Wanayasa (pengiriman 18/1);-;1121;0;7501950
;22/01/2026;Beban perlengkapan 2 pack tissue (pembelian 3/1);-;5151;18400;0
;22/01/2026;Beban perlengkapan 2 pack tissue (pembelian 3/1);-;1141;0;18400
;22/01/2026;Beban perlengkapan 1 pcs nota 2 ply (pembelian 12/1);-;5151;3500;0
;22/01/2026;Beban perlengkapan 1 pcs nota 2 ply (pembelian 12/1);-;1141;0;3500
;22/01/2026;Pelunasan utang pembelian beras ke Pak Slamet (pembelian 6/1, 7/1, dan 18/1);-;2111;29500000;0
;22/01/2026;Pelunasan utang pembelian beras ke Pak Slamet (pembelian 6/1, 7/1, dan 18/1);-;5221;2500;0
;22/01/2026;Pelunasan utang pembelian beras ke Pak Slamet (pembelian 6/1, 7/1, dan 18/1);-;1112;0;29502500
;22/01/2026;Kas bon belanja persediaan;-;1121;3500000;0
;22/01/2026;Kas bon belanja persediaan;-;1112;0;3500000
;22/01/2026;Pelunasan kas bon belanja persediaan;-;1111;3500000;0
;22/01/2026;Pelunasan kas bon belanja persediaan;-;1121;0;3500000
;22/01/2026;Pembelian persediaan di Rifky Frozen Foods;-;1131;1002500;0
;22/01/2026;Pembelian persediaan di Rifky Frozen Foods;-;1111;0;1002500
;22/01/2026;Parkir di Pasar Mandiraja;-;5191;3000;0
;22/01/2026;Parkir di Pasar Mandiraja;-;1111;0;3000
;22/01/2026;Parkir di Rita Supermall Purwokerto;-;5191;6000;0
;22/01/2026;Parkir di Rita Supermall Purwokerto;-;1111;0;6000
;22/01/2026;Reimburse uang heviitro untuk pembelian persediaan, akomodasi, dan BBM (transaksi 21/1);-;2111;531400;0
;22/01/2026;Reimburse uang heviitro untuk pembelian persediaan, akomodasi, dan BBM (transaksi 21/1);-;2141;35000;0
;22/01/2026;Reimburse uang heviitro untuk pembelian persediaan, akomodasi, dan BBM (transaksi 21/1);-;2142;200000;0
;22/01/2026;Reimburse uang heviitro untuk pembelian persediaan, akomodasi, dan BBM (transaksi 21/1);-;1111;0;766400
;22/01/2026;Pembelian 204,2 melon ke Pak Pur;-;1131;2756700;0
;22/01/2026;Pembelian 204,2 melon ke Pak Pur;-;2111;0;2756700
;22/01/2026;Pembelian 10 renteng ladaku di Gunung Mas;-;1131;100000;0
;22/01/2026;Pembelian 10 renteng ladaku di Gunung Mas;-;2111;0;100000
;22/01/2026;Pembelian persediaan di Gunung Mas;-;1131;902000;0
;22/01/2026;Pembelian persediaan di Gunung Mas;-;2111;0;902000
;22/01/2026;Pembelian 8 kg bawang putih di UD Rini Sayur;-;1131;284000;0
;22/01/2026;Pembelian 8 kg bawang putih di UD Rini Sayur;-;2111;0;284000
;22/01/2026;Pembelian 1 pcs double tape dan 1 pcs lem tembak di Toko Ria;-;1141;17500;0
;22/01/2026;Pembelian 1 pcs double tape dan 1 pcs lem tembak di Toko Ria;-;2111;0;17500
;22/01/2026;Pembelian persediaan ke Pak Safrudin;-;1131;2127000;0
;22/01/2026;Pembelian persediaan ke Pak Safrudin;-;2111;0;2127000
;22/01/2026;Pembelian 221 kg ayam dada fillet ke CV Restu Jaya;-;1131;10166000;0
;22/01/2026;Pembelian 221 kg ayam dada fillet ke CV Restu Jaya;-;2111;0;10166000
;22/01/2026;Pembelian 2535 pcs roti cokelat SPPG Kutabanjarnegara ke Bu Lis;-;1131;5830500;0
;22/01/2026;Pembelian 2535 pcs roti cokelat SPPG Kutabanjarnegara ke Bu Lis;-;2111;0;5830500
;22/01/2026;Pembelian 2535 pcs pisang ambon SPPG Kutabanjarnegara ke Bu Lis;-;1131;4309500;0
;22/01/2026;Pembelian 2535 pcs pisang ambon SPPG Kutabanjarnegara ke Bu Lis;-;2111;0;4309500
;22/01/2026;Pembelian 106 karton susu ultramilk full cream 200 ml ke Bu Lis;-;1131;12465600;0
;22/01/2026;Pembelian 106 karton susu ultramilk full cream 200 ml ke Bu Lis;-;2111;0;12465600
;22/01/2026;Pelunasan utang pembelian minyak dan susu ke Bu Lis (pembelian 12/12 dan 23/12);-;2111;41460000;0
;22/01/2026;Pelunasan utang pembelian minyak dan susu ke Bu Lis (pembelian 12/12 dan 23/12);-;1112;0;41460000
;22/01/2026;Pengiriman SPPG Kutabanjarnegara;-;5111;24987885;0
;22/01/2026;Pengiriman SPPG Kutabanjarnegara;-;1131;0;24987885
;22/01/2026;Pengiriman SPPG Kutabanjarnegara;-;1121;26638200;0
;22/01/2026;Pengiriman SPPG Kutabanjarnegara;-;4111;0;26638200
;22/01/2026;Pengiriman SPPG Kutabanjarnegara;-;5111;22992750;0
;22/01/2026;Pengiriman SPPG Kutabanjarnegara;-;1131;0;22992750
;22/01/2026;Pengiriman SPPG Kutabanjarnegara;-;1121;25730250;0
;22/01/2026;Pengiriman SPPG Kutabanjarnegara;-;4111;0;25730250
;22/01/2026;Pembelian 1 pcs penggaris dan 1 pcs boxfile di Toko Ria;-;1141;50000;0
;22/01/2026;Pembelian 1 pcs penggaris dan 1 pcs boxfile di Toko Ria;-;1111;0;50000
;22/01/2026;Kas masuk untuk belanja minyak SPPG MBS Wanayasa dari Ruhma;-;1111;1100000;0
;22/01/2026;Kas masuk untuk belanja minyak SPPG MBS Wanayasa dari Ruhma;-;2111;0;1100000
;22/01/2026;Pembelian 6 karton minyak goreng 2 L di Warung Wanayasa;-;1131;1356000;0
;22/01/2026;Pembelian 6 karton minyak goreng 2 L di Warung Wanayasa;-;1111;0;1100000
;22/01/2026;Pembelian 6 karton minyak goreng 2 L di Warung Wanayasa;-;2111;0;256000
;22/01/2026;Pengiriman SPPG MBS Wanayasa;-;5111;6111200;0
;22/01/2026;Pengiriman SPPG MBS Wanayasa;-;1131;0;6111200
;22/01/2026;Pengiriman SPPG MBS Wanayasa;-;1121;7319600;0
;22/01/2026;Pengiriman SPPG MBS Wanayasa;-;4111;0;7319600
;22/01/2026;Pembelian 500 kg beras SPPG Susukan;-;1131;6750000;0
;22/01/2026;Pembelian 500 kg beras SPPG Susukan;-;2111;0;6750000
;22/01/2026;Pengiriman SPPG Susukan;-;5111;6750000;0
;22/01/2026;Pengiriman SPPG Susukan;-;1131;0;6750000
;22/01/2026;Pengiriman SPPG Susukan;-;1121;7500000;0
;22/01/2026;Pengiriman SPPG Susukan;-;4111;0;7500000
;22/01/2026;Pembelian akomodasi makan;-;5171;66000;0
;22/01/2026;Pembelian akomodasi makan;-;1111;0;66000
;22/01/2026;Pembelian vitamin;-;5171;14000;0
;22/01/2026;Pembelian vitamin;-;1111;0;14000
;23/01/2026;Pembelian BBM;-;5172;200000;0
;23/01/2026;Pembelian BBM;-;1111;0;200000
;23/01/2026;Pembelian 11,5 kg kelengkeng SPPG Kutabanjarnegara ke Bu Lis;-;1131;431250;0
;23/01/2026;Pembelian 11,5 kg kelengkeng SPPG Kutabanjarnegara ke Bu Lis;-;2111;0;431250
;23/01/2026;11,5 kg kelengkeng masuk kerugian penggantian kekurangan pisang ambon 22/1;-;5311;431250;0
;23/01/2026;11,5 kg kelengkeng masuk kerugian penggantian kekurangan pisang ambon 22/1;-;1131;0;431250
;24/01/2026;Pembelian 2 pack tissue di Topaz;-;1141;18000;0
;24/01/2026;Pembelian 2 pack tissue di Topaz;-;1111;0;18000
;24/01/2026;Pembelian 2 pcs spons, 1 pack sticky hook, dan 1 pcs sikat kamar mandi di Topaz;-;1141;32500;0
;24/01/2026;Pembelian 2 pcs spons, 1 pack sticky hook, dan 1 pcs sikat kamar mandi di Topaz;-;1111;0;32500
;24/01/2026;Parkir di Topaz;-;5191;2000;0
;24/01/2026;Parkir di Topaz;-;1111;0;2000
;24/01/2026;Pembelian 1 pcs gunting di Toko Buku Dhian;-;1141;6000;0
;24/01/2026;Pembelian 1 pcs gunting di Toko Buku Dhian;-;1111;0;6000
;24/01/2026;Penjualan 139 karton susu UHT 125 ml ke Topaz (CV Argo Jene);-;5111;16680000;0
;24/01/2026;Penjualan 139 karton susu UHT 125 ml ke Topaz (CV Argo Jene);-;1131;0;16680000
;24/01/2026;Penjualan 139 karton susu UHT 125 ml ke Topaz (CV Argo Jene);-;1111;15012000;0
;24/01/2026;Penjualan 139 karton susu UHT 125 ml ke Topaz (CV Argo Jene);-;4111;0;15012000
;24/01/2026;Parkir di Topaz;-;5191;5000;0
;24/01/2026;Parkir di Topaz;-;1111;0;5000
;24/01/2026;Pembelian 100 karton (600 pcs) minyak goreng 2 L ke Bu Lis;-;1131;23520000;0
;24/01/2026;Pembelian 100 karton (600 pcs) minyak goreng 2 L ke Bu Lis;-;2111;0;23520000
;24/01/2026;Reimburse kas pembelian minyak SPPG MBS Wanayasa ke Ruhma (pembelian 22/1);-;2111;1100000;0
;24/01/2026;Reimburse kas pembelian minyak SPPG MBS Wanayasa ke Ruhma (pembelian 22/1);-;5221;2500;0
;24/01/2026;Reimburse kas pembelian minyak SPPG MBS Wanayasa ke Ruhma (pembelian 22/1);-;1112;0;1102500
;24/01/2026;Kas masuk ke kas harian dari kas di bank;-;1111;13589225;0
;24/01/2026;Kas masuk ke kas harian dari kas di bank;-;1112;0;13589225
;24/01/2026;Reimburse pembelian persediaan dll ke Mas Denny (transaksi 28/12, 14/1, 18/1 - 22/1);-;2111;13539225;0
;24/01/2026;Reimburse pembelian persediaan dll ke Mas Denny (transaksi 28/12, 14/1, 18/1 - 22/1);-;2142;50000;0
;24/01/2026;Reimburse pembelian persediaan dll ke Mas Denny (transaksi 28/12, 14/1, 18/1 - 22/1);-;5221;2500;0
;24/01/2026;Reimburse pembelian persediaan dll ke Mas Denny (transaksi 28/12, 14/1, 18/1 - 22/1);-;1111;0;13591725
;24/01/2026;Reimburse kekurangan pembelian persediaan ke Mas Denny (pembelian 20/1);-;2111;5500;0
;24/01/2026;Reimburse kekurangan pembelian persediaan ke Mas Denny (pembelian 20/1);-;1111;0;5500
;24/01/2026;Reimburse pembelian minyak ke Mas Denny (pembelian 22/1);-;2111;256000;0
;24/01/2026;Reimburse pembelian minyak ke Mas Denny (pembelian 22/1);-;1111;0;256000
;24/01/2026;Pelunasan utang pembelian susu UHT 125 ml ke Pak Tatas;-;2111;25000000;0
;24/01/2026;Pelunasan utang pembelian susu UHT 125 ml ke Pak Tatas;-;5221;2500;0
;24/01/2026;Pelunasan utang pembelian susu UHT 125 ml ke Pak Tatas;-;1112;0;25002500
;24/01/2026;Pembelian 2 pcs galon isi ulang di Dimqua;-;5171;12000;0
;24/01/2026;Pembelian 2 pcs galon isi ulang di Dimqua;-;1111;0;12000
;24/01/2026;Beban perlengkapan 1 pack kertas HVS (pembelian 15/12);-;5151;45000;0
;24/01/2026;Beban perlengkapan 1 pack kertas HVS (pembelian 15/12);-;1141;0;45000
;24/01/2026;Pembelian akomodasi makan SCS;-;5171;248850;0
;24/01/2026;Pembelian akomodasi makan SCS;-;2141;0;248850
;25/01/2026;Pembelian 2 pack kertas HVS di Toko Ratna;-;1141;90000;0
;25/01/2026;Pembelian 2 pack kertas HVS di Toko Ratna;-;1111;0;90000
;25/01/2026;Pembelian 145 kg ikan dori glazing 10% ke Pak Wandi;-;1131;10875000;0
;25/01/2026;Pembelian 145 kg ikan dori glazing 10% ke Pak Wandi;-;2111;0;10875000
;25/01/2026;Kas bon belanja persediaan;-;1121;9000000;0
;25/01/2026;Kas bon belanja persediaan;-;1111;0;9000000
;25/01/2026;Pelunasan kas bon belanja persediaan;-;1111;9000000;0
;25/01/2026;Pelunasan kas bon belanja persediaan;-;1121;0;9000000
;25/01/2026;Pembelian persediaan di Depo Pelita;-;1131;2141000;0
;25/01/2026;Pembelian persediaan di Depo Pelita;-;1111;0;2141000
;25/01/2026;Parkir di Depo Pelita;-;5191;4000;0
;25/01/2026;Parkir di Depo Pelita;-;1111;0;4000
;25/01/2026;Pembelian persediaan di Topaz;-;1131;279200;0
;25/01/2026;Pembelian persediaan di Topaz;-;5211;1000;0
;25/01/2026;Pembelian persediaan di Topaz;-;1111;0;280200
;25/01/2026;Parkir di Topaz;-;5191;3000;0
;25/01/2026;Parkir di Topaz;-;1111;0;3000
;25/01/2026;Pembelian persediaan di UD Rini Sayur;-;1131;1533000;0
;25/01/2026;Pembelian persediaan di UD Rini Sayur;-;1111;0;1533000
;25/01/2026;Pembelian 3 zak tepung terigu 25 kg di Pasar Induk;-;1131;648000;0
;25/01/2026;Pembelian 3 zak tepung terigu 25 kg di Pasar Induk;-;1111;0;648000
;25/01/2026;Parkir di Pasar Induk;-;5191;3000;0
;25/01/2026;Parkir di Pasar Induk;-;1111;0;3000
;25/01/2026;Parkir di Topaz Pasar;-;5191;5000;0
;25/01/2026;Parkir di Topaz Pasar;-;1111;0;5000
;25/01/2026;Pembelian persediaan di Gunung Mas;-;1131;430000;0
;25/01/2026;Pembelian persediaan di Gunung Mas;-;1111;0;430000
;25/01/2026;Parkir di Gunung Mas;-;5191;3000;0
;25/01/2026;Parkir di Gunung Mas;-;1111;0;3000
;25/01/2026;Pembelian 6 pcs kacang polong di Dayinta Frozen Food;-;1131;213000;0
;25/01/2026;Pembelian 6 pcs kacang polong di Dayinta Frozen Food;-;1111;0;213000
;25/01/2026;Setoran kas harian ke kas di bank;-;1112;5000000;0
;25/01/2026;Setoran kas harian ke kas di bank;-;1111;0;5000000
;25/01/2026;Kas bon pembelian BBM;-;1122;200000;0
;25/01/2026;Kas bon pembelian BBM;-;1111;0;200000
;25/01/2026;Pembelian 1 bal rafia warna di Toko Plastik Rajawali;-;1131;260000;0
;25/01/2026;Pembelian 1 bal rafia warna di Toko Plastik Rajawali;-;1111;0;260000
;25/01/2026;Pembelian 2 bal rafia merah;-;1131;210000;0
;25/01/2026;Pembelian 2 bal rafia merah;-;1111;0;210000
;25/01/2026;Pembelian 50 kg tepung serbaguna hagoz ke Hagoz Chicken;-;1131;800000;0
;25/01/2026;Pembelian 50 kg tepung serbaguna hagoz ke Hagoz Chicken;-;2111;0;800000
;25/01/2026;Pembelian 57 kg timun ke Pak Pur;-;1131;342000;0
;25/01/2026;Pembelian 57 kg timun ke Pak Pur;-;2111;0;342000
;25/01/2026;Pembelian 5 pcs kacang polong di Dayinta Frozen Food;-;1131;177500;0
;25/01/2026;Pembelian 5 pcs kacang polong di Dayinta Frozen Food;-;1111;0;177500
;25/01/2026;Pembelian 255 kg ayam potong ke CV Restu Jaya;-;1131;8670000;0
;25/01/2026;Pembelian 255 kg ayam potong ke CV Restu Jaya;-;2111;0;8670000
;25/01/2026;Pembelian 255 pcs tempe ke Pak Safrudin;-;1131;663000;0
;25/01/2026;Pembelian 255 pcs tempe ke Pak Safrudin;-;2111;0;663000
;25/01/2026;Pembelian 29 kg selada ke Pak Safrudin;-;1131;841000;0
;25/01/2026;Pembelian 29 kg selada ke Pak Safrudin;-;2111;0;841000
;25/01/2026;Pembelian 100 kg anggur merah SPPG Kutabanjarnegara ke Bu Lis;-;1131;4100000;0
;25/01/2026;Pembelian 100 kg anggur merah SPPG Kutabanjarnegara ke Bu Lis;-;2111;0;4100000
;25/01/2026;Pembelian 95 kg anggur merah SPPG MBS Wanayasa ke Bu Lis;-;1131;3895000;0
;25/01/2026;Pembelian 95 kg anggur merah SPPG MBS Wanayasa ke Bu Lis;-;2111;0;3895000
;25/01/2026;Pembelian 51 pcs roti pisang ke Bu Lis;-;1131;117300;0
;25/01/2026;Pembelian 51 pcs roti pisang ke Bu Lis;-;6111;0;2300
;25/01/2026;Pembelian 51 pcs roti pisang ke Bu Lis;-;2111;0;115000
;25/01/2026;Pengiriman SPPG Kutabanjarnegara;-;5111;19557000;0
;25/01/2026;Pengiriman SPPG Kutabanjarnegara;-;1131;0;19557000
;25/01/2026;Pengiriman SPPG Kutabanjarnegara;-;1121;22513950;0
;25/01/2026;Pengiriman SPPG Kutabanjarnegara;-;4111;0;22513950
;25/01/2026;Pengiriman SPPG MBS Wanayasa;-;5111;5908500;0
;25/01/2026;Pengiriman SPPG MBS Wanayasa;-;1131;0;5908500
;25/01/2026;Pengiriman SPPG MBS Wanayasa;-;1121;6840000;0
;25/01/2026;Pengiriman SPPG MBS Wanayasa;-;4111;0;6840000
;25/01/2026;Pengiriman SPPG Susukan;-;5111;18990600;0
;25/01/2026;Pengiriman SPPG Susukan;-;1131;0;18990600
;25/01/2026;Pengiriman SPPG Susukan;-;1121;20470436;0
;25/01/2026;Pengiriman SPPG Susukan;-;4111;0;20470436
;25/01/2026;Pembelian 1 pcs jam dinding kantor;-;1141;39525;0
;25/01/2026;Pembelian 1 pcs jam dinding kantor;-;2111;0;39525
;25/01/2026;Pembelian 1 pcs timbangan duduk;-;1211;716900;0
;25/01/2026;Pembelian 1 pcs timbangan duduk;-;2111;0;716900
;25/01/2026;Pembelian 1 pcs trolley lipat;-;1211;179000;0
;25/01/2026;Pembelian 1 pcs trolley lipat;-;2111;0;179000
;25/01/2026;2 pcs mouse masuk perlengkapan (pembelian 6/11);-;1141;100000;0
;25/01/2026;2 pcs mouse masuk perlengkapan (pembelian 6/11);-;1211;0;100000
;25/01/2026;Pelunasan piutang SPPG Kutabanjarnegara (pengiriman 19/1);-;1112;18578400;0
;25/01/2026;Pelunasan piutang SPPG Kutabanjarnegara (pengiriman 19/1);-;1121;0;18578400
;25/01/2026;Pelunasan piutang SPPG Kutabanjarnegara (pengiriman 20/1);-;1112;21704750;0
;25/01/2026;Pelunasan piutang SPPG Kutabanjarnegara (pengiriman 20/1);-;1121;0;21704750
;25/01/2026;Pelunasan piutang SPPG Kutabanjarnegara (pengiriman 21/1);-;1112;20487750;0
;25/01/2026;Pelunasan piutang SPPG Kutabanjarnegara (pengiriman 21/1);-;1121;0;20487750
;25/01/2026;Pelunasan piutang SPPG Kutabanjarnegara (pengiriman 22/1);-;1112;26638200;0
;25/01/2026;Pelunasan piutang SPPG Kutabanjarnegara (pengiriman 22/1);-;1121;0;26638200
;25/01/2026;Pelunasan piutang SPPG Kutabanjarnegara (pengiriman 22/1);-;1112;25730250;0
;25/01/2026;Pelunasan piutang SPPG Kutabanjarnegara (pengiriman 22/1);-;1121;0;25730250
;25/01/2026;Pelunasan utang pembelian persediaan ke Bu Lis (pembelian 7/1 dan 8/1);-;2111;20043750;0
;25/01/2026;Pelunasan utang pembelian persediaan ke Bu Lis (pembelian 7/1 dan 8/1);-;5221;2500;0
;25/01/2026;Pelunasan utang pembelian persediaan ke Bu Lis (pembelian 7/1 dan 8/1);-;1112;0;20046250
;25/01/2026;Pelunasan piutang SPPG Susukan (pengiriman 18/1);-;1112;14112800;0
;25/01/2026;Pelunasan piutang SPPG Susukan (pengiriman 18/1);-;1121;0;14112800
;25/01/2026;Pelunasan piutang SPPG Susukan (pengiriman beras 7/1);-;1112;7500000;0
;25/01/2026;Pelunasan piutang SPPG Susukan (pengiriman beras 7/1);-;1121;0;7500000
;25/01/2026;Pembelian akomodasi makan;-;5171;30700;0
;25/01/2026;Pembelian akomodasi makan;-;1111;0;30700
;25/01/2026;Pembelian akomodasi makan;-;5171;25000;0
;25/01/2026;Pembelian akomodasi makan;-;1111;0;25000
;25/01/2026;Pelunasan kas bon pembelian BBM;-;1111;200000;0
;25/01/2026;Pelunasan kas bon pembelian BBM;-;1122;0;200000
;25/01/2026;Pembelian BBM;-;5172;200000;0
;25/01/2026;Pembelian BBM;-;1111;0;200000
;26/01/2026;Instalasi wifi dan internet 4 bulan;-;1211;500000;0
;26/01/2026;Instalasi wifi dan internet 4 bulan;-;1161;554500;0
;26/01/2026;Instalasi wifi dan internet 4 bulan;-;1111;0;1054500
;26/01/2026;Pembelian perlengkapan memasak gudang;-;1141;132000;0
;26/01/2026;Pembelian perlengkapan memasak gudang;-;1111;0;132000
;26/01/2026;Pembelian 80 kg melon di UD Berkah Buah;-;1131;1320000;0
;26/01/2026;Pembelian 80 kg melon di UD Berkah Buah;-;2111;0;1320000
;26/01/2026;Pembelian persediaan di UD Rini Sayur;-;1131;2075000;0
;26/01/2026;Pembelian persediaan di UD Rini Sayur;-;1111;0;2075000
;26/01/2026;Pembelian 2 pcs cuka sukasari di Toko Eka sari;-;1131;26000;0
;26/01/2026;Pembelian 2 pcs cuka sukasari di Toko Eka sari;-;1111;0;26000
;26/01/2026;Pembelian 30 kg selada ke Pak safrudin;-;1131;870000;0
;26/01/2026;Pembelian 30 kg selada ke Pak safrudin;-;2111;0;870000
;26/01/2026;Pembelian 180 kg buah naga SPPG MBS Wanayasa ke Bu Lis;-;1131;2070000;0
;26/01/2026;Pembelian 180 kg buah naga SPPG MBS Wanayasa ke Bu Lis;-;2111;0;2070000
;26/01/2026;Pembelian 1000 kg beras ke Bu Lis;-;1131;13900000;0
;26/01/2026;Pembelian 1000 kg beras ke Bu Lis;-;2111;0;13900000
;26/01/2026;Pembelian 2570 pcs bandeng presto ke Pak Wandi;-;1131;5782500;0
;26/01/2026;Pembelian 2570 pcs bandeng presto ke Pak Wandi;-;2111;0;5782500
;26/01/2026;Pembelian 2 peti telur ke Tadus;-;1131;490000;0
;26/01/2026;Pembelian 2 peti telur ke Tadus;-;2111;0;490000
;26/01/2026;Pembelian 2550 pcs tahu pong ke Pak Safrudin;-;1131;1275000;0
;26/01/2026;Pembelian 2550 pcs tahu pong ke Pak Safrudin;-;2111;0;1275000
;26/01/2026;Pembelian 500 pcs bandeng presto ke Bu Dewi;-;1131;1500000;0
;26/01/2026;Pembelian 500 pcs bandeng presto ke Bu Dewi;-;2111;0;1500000
;26/01/2026;Pembelian 550 kg beras SPPG Merden ke Pak Slamet;-;1131;7425000;0
;26/01/2026;Pembelian 550 kg beras SPPG Merden ke Pak Slamet;-;2111;0;7425000
;26/01/2026;Pengiriman SPPG Merden (beras 550 kg);-;5111;7425000;0
;26/01/2026;Pengiriman SPPG Merden (beras 550 kg);-;1131;0;7425000
;26/01/2026;Pengiriman SPPG Merden (beras 550 kg);-;1121;8250000;0
;26/01/2026;Pengiriman SPPG Merden (beras 550 kg);-;4111;0;8250000
;26/01/2026;Pengiriman SPPG Kutabanjarnegara;-;5111;17321565;0
;26/01/2026;Pengiriman SPPG Kutabanjarnegara;-;1131;0;17321565
;26/01/2026;Pengiriman SPPG Kutabanjarnegara;-;1121;21823900;0
;26/01/2026;Pengiriman SPPG Kutabanjarnegara;-;4111;0;21823900
;26/01/2026;Pengiriman SPPG MBS Wanayasa;-;5111;4144800;0
;26/01/2026;Pengiriman SPPG MBS Wanayasa;-;1131;0;4144800
;26/01/2026;Pengiriman SPPG MBS Wanayasa;-;1121;5313000;0
;26/01/2026;Pengiriman SPPG MBS Wanayasa;-;4111;0;5313000
;26/01/2026;Pelunasan utang pembelian ayam ke CV Restu Jaya (pembelian 18/1 dan 22/1);-;2111;16665000;0
;26/01/2026;Pelunasan utang pembelian ayam ke CV Restu Jaya (pembelian 18/1 dan 22/1);-;5221;2500;0
;26/01/2026;Pelunasan utang pembelian ayam ke CV Restu Jaya (pembelian 18/1 dan 22/1);-;1112;0;16667500
;26/01/2026;Pelunasan utang pembelian persediaan ke Pak Wisnu (pembelian 19/1);-;2111;1758750;0
;26/01/2026;Pelunasan utang pembelian persediaan ke Pak Wisnu (pembelian 19/1);-;5221;2500;0
;26/01/2026;Pelunasan utang pembelian persediaan ke Pak Wisnu (pembelian 19/1);-;1112;0;1761250
;26/01/2026;Pelunasan utang pembelian 180 kg telur ke Tadus (pembelian 12/1);-;2111;4662000;0
;26/01/2026;Pelunasan utang pembelian 180 kg telur ke Tadus (pembelian 12/1);-;5221;2500;0
;26/01/2026;Pelunasan utang pembelian 180 kg telur ke Tadus (pembelian 12/1);-;1112;0;4664500
;26/01/2026;Pelunasan utang pembelian kentang dan wortel ke Mas Fajar (pembelian 13/1 - 14/1);-;2111;2980000;0
;26/01/2026;Pelunasan utang pembelian kentang dan wortel ke Mas Fajar (pembelian 13/1 - 14/1);-;1112;0;2980000
;26/01/2026;Pelunasan utang pembelian tahu dan selada ke Pak Safrudin (pembelian 21/1 - 22/1);-;2111;3529000;0
;26/01/2026;Pelunasan utang pembelian tahu dan selada ke Pak Safrudin (pembelian 21/1 - 22/1);-;1112;0;3529000
;26/01/2026;Pelunasan utang pembelian persediaan ke Bu Lis (pembelian 14/12 dan 10/1 - 14/1);-;2111;49266650;0
;26/01/2026;Pelunasan utang pembelian persediaan ke Bu Lis (pembelian 14/12 dan 10/1 - 14/1);-;5221;2500;0
;26/01/2026;Pelunasan utang pembelian persediaan ke Bu Lis (pembelian 14/12 dan 10/1 - 14/1);-;1112;0;49269150
;26/01/2026;Pelunasan utang pembelian susu 125 ml ke Baturaden Milk (pembelian 14/1);-;2111;2119500;0
;26/01/2026;Pelunasan utang pembelian susu 125 ml ke Baturaden Milk (pembelian 14/1);-;5221;2500;0
;26/01/2026;Pelunasan utang pembelian susu 125 ml ke Baturaden Milk (pembelian 14/1);-;1112;0;2122000
;26/01/2026;Pelunasan piutang SPPG Merden (pengiriman beras 6/1 dan 18/1);-;1112;18300000;0
;26/01/2026;Pelunasan piutang SPPG Merden (pengiriman beras 6/1 dan 18/1);-;1121;0;18300000
;27/01/2026;Pembelian 2 pcs stop kontak T di Toko Pijar Elektrik;-;1141;39500;0
;27/01/2026;Pembelian 2 pcs stop kontak T di Toko Pijar Elektrik;-;1111;0;39500
;27/01/2026;Pelunasan piutang SPPG MBS Wanayasa (pengiriman 21/1);-;1112;834000;0
;27/01/2026;Pelunasan piutang SPPG MBS Wanayasa (pengiriman 21/1);-;1121;0;834000
;27/01/2026;Pelunasan piutang SPPG MBS Wanayasa (pengiriman 20/1);-;1112;5228000;0
;27/01/2026;Pelunasan piutang SPPG MBS Wanayasa (pengiriman 20/1);-;1121;0;5228000
;27/01/2026;Pelunasan piutang SPPG MBS Wanayasa (pengiriman 19/1);-;1112;6251000;0
;27/01/2026;Pelunasan piutang SPPG MBS Wanayasa (pengiriman 19/1);-;1121;0;6251000
;27/01/2026;Kas bon pembelian BBM;-;1122;200000;0
;27/01/2026;Kas bon pembelian BBM;-;1111;0;200000
;27/01/2026;Pelunasan kas bon pembelian BBM;-;1111;200000;0
;27/01/2026;Pelunasan kas bon pembelian BBM;-;1122;0;200000
;27/01/2026;Pembelian BBM;-;5172;200000;0
;27/01/2026;Pembelian BBM;-;1111;0;200000
;27/01/2026;Parkir di Depo Pelita;-;5191;4000;0
;27/01/2026;Parkir di Depo Pelita;-;2111;0;4000
;27/01/2026;Parkir di Pasar Induk;-;5191;3000;0
;27/01/2026;Parkir di Pasar Induk;-;2111;0;3000
;27/01/2026;Pembelian 9 pcs tepung maizena di Toko Al Zahra 4.0;-;1131;108000;0
;27/01/2026;Pembelian 9 pcs tepung maizena di Toko Al Zahra 4.0;-;2111;0;108000
;27/01/2026;Pembelian 10 renteng bawang putih bubuk;-;1131;120000;0
;27/01/2026;Pembelian 10 renteng bawang putih bubuk;-;1111;0;120000
;27/01/2026;Pembelian akomodasi kopi mengupas jagung;-;5171;62000;0
;27/01/2026;Pembelian akomodasi kopi mengupas jagung;-;1111;0;62000
;27/01/2026;Kas masuk dari kas di bank untuk belanja persediaan;-;1111;15200000;0
;27/01/2026;Kas masuk dari kas di bank untuk belanja persediaan;-;1112;0;15200000
;27/01/2026;Pembelian persediaan di UD Rini Sayur;-;1131;990000;0
;27/01/2026;Pembelian persediaan di UD Rini Sayur;-;1111;0;990000
;27/01/2026;Parkir di Pasar Induk;-;5191;5000;0
;27/01/2026;Parkir di Pasar Induk;-;1111;0;5000
;27/01/2026;Pembelian 53 kg timun ke Pak Pur;-;1131;318000;0
;27/01/2026;Pembelian 53 kg timun ke Pak Pur;-;2111;0;318000
;27/01/2026;Pembelian 150 pack dimsum ayam (isi 44 pcs) ke Fania Food;-;1131;9900000;0
;27/01/2026;Pembelian 150 pack dimsum ayam (isi 44 pcs) ke Fania Food;-;2111;0;9900000
;27/01/2026;Pembelian 105 pack ekado ikan 1 kg ke Fania Food;-;1131;8400000;0
;27/01/2026;Pembelian 105 pack ekado ikan 1 kg ke Fania Food;-;2111;0;8400000
;27/01/2026;Styrofoam dari Fania Food (include HPP persediaan barang dagang);-;1131;150000;0
;27/01/2026;Styrofoam dari Fania Food (include HPP persediaan barang dagang);-;2111;0;150000
;27/01/2026;Pembelian 70 kg edamame ke Bu Dewi;-;1131;1540000;0
;27/01/2026;Pembelian 70 kg edamame ke Bu Dewi;-;2111;0;1540000
;27/01/2026;Pembelian 2550 pcs tahu putih ke Pak Safrudin;-;1131;1402500;0
;27/01/2026;Pembelian 2550 pcs tahu putih ke Pak Safrudin;-;2111;0;1402500
;27/01/2026;Pembelian 105 kg kelengkeng SPPG Kutabanjarnegara ke Bu Lis;-;1131;3990000;0
;27/01/2026;Pembelian 105 kg kelengkeng SPPG Kutabanjarnegara ke Bu Lis;-;2111;0;3990000
;27/01/2026;Pembelian 220 kg semangka ke Bu Lis;-;1131;2530000;0
;27/01/2026;Pembelian 220 kg semangka ke Bu Lis;-;2111;0;2530000
;27/01/2026;Pembelian 30 kg selada ke Pak Safrudin;-;1131;870000;0
;27/01/2026;Pembelian 30 kg selada ke Pak Safrudin;-;2111;0;870000
;27/01/2026;Pembelian 400 kg jagung manis;-;1131;3510000;0
;27/01/2026;Pembelian 400 kg jagung manis;-;2111;0;3510000
;27/01/2026;Pembelian sembako Lazizmu di Indogrosir;-;1131;9502570;0
;27/01/2026;Pembelian sembako Lazizmu di Indogrosir;-;1111;0;9502570
;27/01/2026;Pembelian sembako Lazizmu di Indogrosir;-;1131;4512000;0
;27/01/2026;Pembelian sembako Lazizmu di Indogrosir;-;1111;0;4512000
;27/01/2026;Pembelian persediaan di Indogrosir;-;1131;1669346;0
;27/01/2026;Pembelian persediaan di Indogrosir;-;5211;4;0
;27/01/2026;Pembelian persediaan di Indogrosir;-;1111;0;109730
;27/01/2026;Pembelian persediaan di Indogrosir;-;2111;0;1559620
;27/01/2026;Pembelian akomodasi gudang di Indogrosir;-;5171;85700;0
;27/01/2026;Pembelian akomodasi gudang di Indogrosir;-;1111;0;85700
;27/01/2026;Pembelian 1 bal garam di Indogrosir;-;1131;81500;0
;27/01/2026;Pembelian 1 bal garam di Indogrosir;-;2111;0;81500
;27/01/2026;Pembelian akomodasi minum di Indogrosir;-;5171;9000;0
;27/01/2026;Pembelian akomodasi minum di Indogrosir;-;2141;0;9000
;27/01/2026;Pembelian akomodasi makan;-;5171;75000;0
;27/01/2026;Pembelian akomodasi makan;-;2141;0;75000
;27/01/2026;Pembelian BBM;-;5172;200000;0
;27/01/2026;Pembelian BBM;-;2142;0;200000
;27/01/2026;Pengiriman SPPG Kutabanjarnegara;-;5111;24177800;0
;27/01/2026;Pengiriman SPPG Kutabanjarnegara;-;1131;0;24177800
;27/01/2026;Pengiriman SPPG Kutabanjarnegara;-;1121;28626100;0
;27/01/2026;Pengiriman SPPG Kutabanjarnegara;-;4111;0;28626100
;27/01/2026;Pengiriman SPPG MBS Wanayasa;-;5111;5249100;0
;27/01/2026;Pengiriman SPPG MBS Wanayasa;-;1131;0;5249100
;27/01/2026;Pengiriman SPPG MBS Wanayasa;-;1121;5494000;0
;27/01/2026;Pengiriman SPPG MBS Wanayasa;-;4111;0;5494000
;28/01/2026;Kas bon belanja persediaan;-;1121;3000000;0
;28/01/2026;Kas bon belanja persediaan;-;1112;0;3000000
;28/01/2026;Kas keluar piutang ke Mas Hanang;-;1124;6000000;0
;28/01/2026;Kas keluar piutang ke Mas Hanang;-;5221;2500;0
;28/01/2026;Kas keluar piutang ke Mas Hanang;-;1112;0;6002500
;28/01/2026;Pelunasan kas bon belanja persediaan;-;1111;3000000;0
;28/01/2026;Pelunasan kas bon belanja persediaan;-;1121;0;3000000
;28/01/2026;Parkir di Pasar Induk;-;5191;3000;0
;28/01/2026;Parkir di Pasar Induk;-;1111;0;3000
;28/01/2026;Pembelian persediaan ke UD Rini Sayur;-;1131;2051000;0
;28/01/2026;Pembelian persediaan ke UD Rini Sayur;-;1111;0;2051000
;28/01/2026;Pembelian 1400 pcs keripik tempe ke Bu Fitri;-;1131;1330000;0
;28/01/2026;Pembelian 1400 pcs keripik tempe ke Bu Fitri;-;2111;0;1330000
;28/01/2026;Pembelian 2535 pcs keripik tempe ke Bu Lis;-;1131;3802500;0
;28/01/2026;Pembelian 2535 pcs keripik tempe ke Bu Lis;-;2111;0;3802500
;28/01/2026;Pembelian 2535 pcs pisang ulin SPPG Kutabanjarnegara ke Bu Lis;-;1131;2408250;0
;28/01/2026;Pembelian 2535 pcs pisang ulin SPPG Kutabanjarnegara ke Bu Lis;-;2111;0;2408250
;28/01/2026;Pembelian 200 kg ikan dori glazing 45% ke Pak Wandi;-;1131;9000000;0
;28/01/2026;Pembelian 200 kg ikan dori glazing 45% ke Pak Wandi;-;2111;0;9000000
;28/01/2026;Pembelian 8 kg kacang polong di Dayinta Frozen Food;-;1131;288000;0
;28/01/2026;Pembelian 8 kg kacang polong di Dayinta Frozen Food;-;1111;0;288000
;28/01/2026;Pembelian 20 kg margarin amanda balok di Gunung Mas;-;1131;355000;0
;28/01/2026;Pembelian 20 kg margarin amanda balok di Gunung Mas;-;1111;0;355000
;28/01/2026;Pengiriman SPPG Kutabanjarnegara;-;5111;20789282;0
;28/01/2026;Pengiriman SPPG Kutabanjarnegara;-;1131;0;20789282
;28/01/2026;Pengiriman SPPG Kutabanjarnegara;-;1121;22524350;0
;28/01/2026;Pengiriman SPPG Kutabanjarnegara;-;4111;0;22524350
;28/01/2026;Penjualan 74 karton susu UHT 125 ml ke Kalibening;-;5111;8880000;0
;28/01/2026;Penjualan 74 karton susu UHT 125 ml ke Kalibening;-;1131;0;8880000
;28/01/2026;Penjualan 74 karton susu UHT 125 ml ke Kalibening;-;1121;7992000;0
;28/01/2026;Penjualan 74 karton susu UHT 125 ml ke Kalibening;-;4111;0;7992000
;28/01/2026;Pelunasan piutang penjualan susu Kalibening (pengiriman 21/1);-;1111;4860000;0
;28/01/2026;Pelunasan piutang penjualan susu Kalibening (pengiriman 21/1);-;1121;0;4860000
;28/01/2026;Service timbangan digital;-;5161;60000;0
;28/01/2026;Service timbangan digital;-;2111;0;60000
;28/01/2026;Pembelian 12 pcs snack box rapat;-;5171;90000;0
;28/01/2026;Pembelian 12 pcs snack box rapat;-;2141;0;90000
;28/01/2026;Pembuatan duplikat kunci;-;1141;75000;0
;28/01/2026;Pembuatan duplikat kunci;-;2111;0;75000
;28/01/2026;Reimburse parkir di Depo Pelita dan Pasar Induk ke Pak Sodik (transaksi 27/1);-;2111;7000;0
;28/01/2026;Reimburse parkir di Depo Pelita dan Pasar Induk ke Pak Sodik (transaksi 27/1);-;1111;0;7000
;28/01/2026;Pembelian 4 kg bawang putih di Toko Berkah Aqmar Sembako;-;1131;132000;0
;28/01/2026;Pembelian 4 kg bawang putih di Toko Berkah Aqmar Sembako;-;1111;0;132000
;28/01/2026;Pengiriman SPPG MBS Wanayasa;-;5111;12098300;0
;28/01/2026;Pengiriman SPPG MBS Wanayasa;-;1131;0;12098300
;28/01/2026;Pengiriman SPPG MBS Wanayasa;-;1121;12979000;0
;28/01/2026;Pengiriman SPPG MBS Wanayasa;-;4111;0;12979000
;28/01/2026;Pembelian akomodasi makan;-;5171;40000;0
;28/01/2026;Pembelian akomodasi makan;-;1111;0;40000
;28/01/2026;Pembelian 15 kg selada ke Mas Fajar;-;1131;435000;0
;28/01/2026;Pembelian 15 kg selada ke Mas Fajar;-;2111;0;435000
;28/01/2026;Pelunasan utang pembelian timun dan melon ke Pak Pur (pembelian 8/1 - 27/1);-;2111;5444700;0
;28/01/2026;Pelunasan utang pembelian timun dan melon ke Pak Pur (pembelian 8/1 - 27/1);-;1112;0;5444700
;29/01/2026;Kas keluar dari kas di bank untuk belanja persediaan;-;1111;3000000;0
;29/01/2026;Kas keluar dari kas di bank untuk belanja persediaan;-;1112;0;3000000
;29/01/2026;Pembelian persediaan ke UD Rini Sayur;-;1131;1265000;0
;29/01/2026;Pembelian persediaan ke UD Rini Sayur;-;1111;0;1265000
;29/01/2026;Parkir di Pasar Induk;-;5191;3000;0
;29/01/2026;Parkir di Pasar Induk;-;1111;0;3000
;29/01/2026;Pembelian persediaan di Toko Eka Sari;-;1131;128000;0
;29/01/2026;Pembelian persediaan di Toko Eka Sari;-;1111;0;128000
;29/01/2026;Parkir di Toko Eka sari;-;5191;3000;0
;29/01/2026;Parkir di Toko Eka sari;-;1111;0;3000
;29/01/2026;Pembelian 90 kg ayam slice ke CV Restu Jaya;-;1131;4140000;0
;29/01/2026;Pembelian 90 kg ayam slice ke CV Restu Jaya;-;2111;0;4140000
;29/01/2026;Pembelian 255 pcs tempe ke Pak Safrudin;-;1131;663000;0
;29/01/2026;Pembelian 255 pcs tempe ke Pak Safrudin;-;2111;0;663000
;29/01/2026;Pembelian 58,5 kg timun ke Pak Pur;-;1131;351000;0
;29/01/2026;Pembelian 58,5 kg timun ke Pak Pur;-;2111;0;351000
;29/01/2026;Pembelian 187 kg melon ke Bu Lis;-;1131;3179000;0
;29/01/2026;Pembelian 187 kg melon ke Bu Lis;-;2111;0;3179000
;29/01/2026;Pembelian 96,15 kg anggur merah ke Bu Lis;-;1131;4230600;0
;29/01/2026;Pembelian 96,15 kg anggur merah ke Bu Lis;-;2111;0;4230600
;29/01/2026;Pembelian 946 kg buah naga ke Bu Lis;-;1131;10879000;0
;29/01/2026;Pembelian 946 kg buah naga ke Bu Lis;-;2111;0;10879000
;29/01/2026;Pembelian 2535 pcs roti cokelat ke Bu Lis;-;1131;6084000;0
;29/01/2026;Pembelian 2535 pcs roti cokelat ke Bu Lis;-;2111;0;6084000
;29/01/2026;Pembelian 106 karton susu ultramilk full cream 250 ml ke Bu Lis;-;1131;15391200;0
;29/01/2026;Pembelian 106 karton susu ultramilk full cream 250 ml ke Bu Lis;-;2111;0;15391200
;29/01/2026;Pembelian box file, clip file, 3 pcs nota 2 ply, dan correction tape di Toko Ria;-;1141;91500;0
;29/01/2026;Pembelian box file, clip file, 3 pcs nota 2 ply, dan correction tape di Toko Ria;-;1111;0;91500
;29/01/2026;Pembelian 4 pcs baterai AAA di Toko Arthajaya 3;-;1141;12000;0
;29/01/2026;Pembelian 4 pcs baterai AAA di Toko Arthajaya 3;-;1111;0;12000
;29/01/2026;Pengiriman SPPG Kutabanjarnegara;-;5111;15063829;0
;29/01/2026;Pengiriman SPPG Kutabanjarnegara;-;1131;0;15063829
;29/01/2026;Pengiriman SPPG Kutabanjarnegara;-;1121;18156750;0
;29/01/2026;Pengiriman SPPG Kutabanjarnegara;-;4111;0;18156750
;29/01/2026;Pengiriman SPPG Kutabanjarnegara;-;5111;16963000;0
;29/01/2026;Pengiriman SPPG Kutabanjarnegara;-;1131;0;16963000
;29/01/2026;Pengiriman SPPG Kutabanjarnegara;-;1121;19488750;0
;29/01/2026;Pengiriman SPPG Kutabanjarnegara;-;4111;0;19488750
;29/01/2026;Pengiriman SPPG MBS Wanayasa;-;5111;4657600;0
;29/01/2026;Pengiriman SPPG MBS Wanayasa;-;1131;0;4657600
;29/01/2026;Pengiriman SPPG MBS Wanayasa;-;1121;5086050;0
;29/01/2026;Pengiriman SPPG MBS Wanayasa;-;4111;0;5086050
;29/01/2026;Pembelian akomodasi makan;-;5171;40000;0
;29/01/2026;Pembelian akomodasi makan;-;1111;0;40000
;29/01/2026;Pembayaran sewa mobil L300 Januari ke Pak Safrudin;-;5133;6000000;0
;29/01/2026;Pembayaran sewa mobil L300 Januari ke Pak Safrudin;-;5221;2500;0
;29/01/2026;Pembayaran sewa mobil L300 Januari ke Pak Safrudin;-;1112;0;6002500
;29/01/2026;Pembayaran sewa mobil grandmax Januari;-;5133;4000000;0
;29/01/2026;Pembayaran sewa mobil grandmax Januari;-;1112;0;4000000
;30/01/2026;Pembelian kaligrafi;-;1141;188400;0
;30/01/2026;Pembelian kaligrafi;-;2111;0;188400
;31/01/2026;Beban perlengkapan 2 pack tissue (pembelian 24/1);-;5151;18000;0
;31/01/2026;Beban perlengkapan 2 pack tissue (pembelian 24/1);-;1141;0;18000
;31/01/2026;Pembelian 6 pcs clip file dan 1 pcs spidol permanen di Toko Ria;-;1141;58000;0
;31/01/2026;Pembelian 6 pcs clip file dan 1 pcs spidol permanen di Toko Ria;-;1111;0;58000
;31/01/2026;Pembelian 4 pack tissue dan 1 pcs pengharum ruangan di Topaz;-;1141;49400;0
;31/01/2026;Pembelian 4 pack tissue dan 1 pcs pengharum ruangan di Topaz;-;5211;500;0
;31/01/2026;Pembelian 4 pack tissue dan 1 pcs pengharum ruangan di Topaz;-;1111;0;49900
;31/01/2026;Parkir di Topaz;-;5191;2000;0
;31/01/2026;Parkir di Topaz;-;1111;0;2000
;31/01/2026;Kas bon belanja persediaan;-;1121;5000000;0
;31/01/2026;Kas bon belanja persediaan;-;1111;0;5000000
;31/01/2026;Kas masuk pembayaran beras Pandanarum ke Lazizmu lewat SCS;-;1112;26400000;0
;31/01/2026;Kas masuk pembayaran beras Pandanarum ke Lazizmu lewat SCS;-;2151;0;26400000
;31/01/2026;Pelunasan utang pembelian beras dan persediaan ke Bu Lis (pembelian 17/1 - 18/1);-;2111;23072000;0
;31/01/2026;Pelunasan utang pembelian beras dan persediaan ke Bu Lis (pembelian 17/1 - 18/1);-;5221;2500;0
;31/01/2026;Pelunasan utang pembelian beras dan persediaan ke Bu Lis (pembelian 17/1 - 18/1);-;1112;0;23074500
;31/01/2026;Pelunasan utang pembelian semangka ke Pak Safrudin (pembelian 20/1);-;2111;1309000;0
;31/01/2026;Pelunasan utang pembelian semangka ke Pak Safrudin (pembelian 20/1);-;1112;0;1309000
;31/01/2026;Pelunasan utang pembelian ayam ke CV Restu Jaya (pembelian 26/1 dan 29/1);-;2111;12810000;0
;31/01/2026;Pelunasan utang pembelian ayam ke CV Restu Jaya (pembelian 26/1 dan 29/1);-;5221;2500;0
;31/01/2026;Pelunasan utang pembelian ayam ke CV Restu Jaya (pembelian 26/1 dan 29/1);-;1112;0;12812500
;31/01/2026;Pelunasan utang pembelian sayur dan bandeng presto ke Bu Dewi (pembelian 18/1 - 27/1);-;2111;5506000;0
;31/01/2026;Pelunasan utang pembelian sayur dan bandeng presto ke Bu Dewi (pembelian 18/1 - 27/1);-;1112;0;5506000
;31/01/2026;Beban gaji Januari Ruhma;-;5121;2148744;0
;31/01/2026;Beban gaji Januari Ruhma;-;2121;0;2148744
;31/01/2026;Beban gaji Januari Triana;-;5121;1003000;0
;31/01/2026;Beban gaji Januari Triana;-;2121;0;1003000
;31/01/2026;Beban gaji Januari Pak Sodik;-;5121;2148744;0
;31/01/2026;Beban gaji Januari Pak Sodik;-;2121;0;2148744
;31/01/2026;Beban gaji Januari Mas Diki;-;5121;940000;0
;31/01/2026;Beban gaji Januari Mas Diki;-;2121;0;940000
;31/01/2026;Beban sewa gedung Januari;-;5132;3000000;0
;31/01/2026;Beban sewa gedung Januari;-;2132;0;3000000
