05/11/2025;Pembelian susu frisian flag UHT 110 ml 2880 pcs;-;1131;6984000;0;;; 6.984.000 ;
05/11/2025;Pembelian susu frisian flag UHT 110 ml 2880 pcs;-;2111;0;6984000;;;; 6.984.000 
06/11/2025;Pembelian peralatan 2 pcs mouse;-;1211;100000;0;;;;
06/11/2025;Pembelian peralatan 2 pcs mouse;-;2111;0;100000;;; 2.985.000 ;
06/11/2025;Pembelian peralatan laptop kantor;-;1211;2985000;0;;;; 2.985.000 
06/11/2025;Pembelian peralatan laptop kantor;-;2111;0;2985000;;;;
06/11/2025;Pembelian peralatan printer kantor;-;1211;1550000;0;;; 1.550.000 ;
06/11/2025;Pembelian peralatan printer kantor;-;2111;0;1550000;;;; 1.550.000 
07/11/2025;Pembelian akomodasi makan dan minum rapat;-;5171;135000;0;;;;
07/11/2025;Pembelian akomodasi makan dan minum rapat;-;2141;0;135000;;; 100.000 ;
08/11/2025;Extra 1 karton (6 pcs) pembelian minyak sania 2 L;-;1131;232800;0;;;; 100.000 
08/11/2025;Extra 1 karton (6 pcs) pembelian minyak sania 2 L;-;6111;0;232800;;;;
08/11/2025;Pembelian 100 karton minyak sania 2 L (600 pcs);-;1131;23280000;0;;; 135.000 ;
08/11/2025;Pembelian 100 karton minyak sania 2 L (600 pcs);-;2111;0;23280000;;;; 135.000 
08/11/2025;Pembelian 20 kg bawang merah dan 20 kg bawang putih;-;1131;1380000;0;;;;
08/11/2025;Pembelian 20 kg bawang merah dan 20 kg bawang putih;-;2111;0;1380000;;; 1.380.000 ;
08/11/2025;Pembelian 2500 kg beras;-;1131;35000000;0;;;; 1.380.000 
08/11/2025;Pembelian 2500 kg beras;-;2111;0;35000000;;;;
08/11/2025;Pembelian akomodasi makan;-;5171;40000;0;;; 23.280.000 ;
08/11/2025;Pembelian akomodasi makan;-;2141;0;40000;;;; 23.280.000 
09/11/2025;Kas masuk dari Pak Anwar untuk belanja persediaan;-;1111;500000;0;;;;
09/11/2025;Kas masuk dari Pak Anwar untuk belanja persediaan;-;2111;0;500000;;; 232.800 ;
09/11/2025;Parkir di Gunung Mas;-;5191;2000;0;;;; 232.800 
09/11/2025;Parkir di Gunung Mas;-;1111;0;2000;;;;
09/11/2025;Pembelian  55 kg timun ke Pak Pur;-;1131;275000;0;;; 35.000.000 ;
09/11/2025;Pembelian  55 kg timun ke Pak Pur;-;2111;0;275000;;;; 35.000.000 
09/11/2025;Pembelian 180 kg melon ke Pak Pur;-;1131;1980000;0;;;;
09/11/2025;Pembelian 180 kg melon ke Pak Pur;-;2111;0;1980000;;; 40.000 ;
09/11/2025;Pembelian 25 kg timun;-;1131;200000;0;;;; 40.000 
09/11/2025;Pembelian 25 kg timun;-;2111;0;200000;;;;
09/11/2025;Pembelian 3 pcs tepung di Topaz;-;1131;30600;0;;; 500.000 ;
09/11/2025;Pembelian 3 pcs tepung di Topaz;-;5211;500;0;;;; 500.000 
09/11/2025;Pembelian 3 pcs tepung di Topaz;-;1111;0;31100;;;;
09/11/2025;Pembelian ATK nota dan kwitansi;-;1141;13000;0;;; 1.980.000 ;
09/11/2025;Pembelian ATK nota dan kwitansi;-;2111;0;13000;;;; 1.980.000 
09/11/2025;Pembelian BBM pengiriman SPPG MBS Wanayasa;-;5171;248608;0;;;;
09/11/2025;Pembelian BBM pengiriman SPPG MBS Wanayasa;-;2141;0;248608;;; 275.000 ;
09/11/2025;Pembelian akomodasi makan pengiriman SPPG MBS Wanayasa;-;5171;83000;0;;;; 275.000 
09/11/2025;Pembelian akomodasi makan pengiriman SPPG MBS Wanayasa;-;2141;0;83000;;;;
09/11/2025;Pembelian persediaan dan perlengkapan di Gunung Mas;-;1131;459600;0;;; 168.200 ;
09/11/2025;Pembelian persediaan dan perlengkapan di Gunung Mas;-;1141;4260;0;;;; 168.200 
09/11/2025;Pembelian persediaan dan perlengkapan di Gunung Mas;-;1111;0;463860;;;;
09/11/2025;Pembelian susu clevo 115 ml 58 pcs;-;1131;168200;0;;; 200.000 ;
09/11/2025;Pembelian susu clevo 115 ml 58 pcs;-;2111;0;168200;;;; 200.000 
09/11/2025;Pengiriman SPPG MBS Wanayasa (pemesanan 7/11);-;5111;18313600;0;;;;
09/11/2025;Pengiriman SPPG MBS Wanayasa (pemesanan 7/11);-;1131;0;18313600;;; 18.313.600 ;
09/11/2025;Pengiriman SPPG MBS Wanayasa (pemesanan 7/11);-;1121;20330400;0;;;; 18.313.600 
09/11/2025;Pengiriman SPPG MBS Wanayasa (pemesanan 7/11);-;4111;0;20330400;;;;
10/11/2025;Kas masuk untuk belanja persediaan;-;1111;1000000;0;;; 20.330.400 ;
10/11/2025;Kas masuk untuk belanja persediaan;-;2111;0;1000000;;;; 20.330.400 
10/11/2025;Kas masuk untuk belanja persediaan;-;1111;1500000;0;;;;
10/11/2025;Kas masuk untuk belanja persediaan;-;2111;0;1500000;;; 83.000 ;
10/11/2025;Parkir di Topaz;-;5191;3000;0;;;; 83.000 
10/11/2025;Parkir di Topaz;-;1111;0;3000;;;;
10/11/2025;Pembelian 1050 kg beras SPPG Merden;-;1131;14175000;0;;; 248.608 ;
10/11/2025;Pembelian 1050 kg beras SPPG Merden;-;2111;0;14175000;;;; 248.608 
10/11/2025;Pembelian 15 kg gula pasir;-;1131;262500;0;;;;
10/11/2025;Pembelian 15 kg gula pasir;-;1111;0;262500;;; 459.600 ;
10/11/2025;Pembelian 210 kg anggur SPPG MBS Wanayasa;-;1131;6877500;0;;; 4.260 ;
10/11/2025;Pembelian 210 kg anggur SPPG MBS Wanayasa;-;2111;0;6877500;;;; 463.860 
10/11/2025;Pembelian 30 kg tepung panir di Topaz;-;1131;375000;0;;;;
10/11/2025;Pembelian 30 kg tepung panir di Topaz;-;1111;0;375000;;; 2.000 ;
10/11/2025;Pembelian 5 kg bawang merah dan 15 kg bawang putih;-;1131;635000;0;;;; 2.000 
10/11/2025;Pembelian 5 kg bawang merah dan 15 kg bawang putih;-;1111;0;635000;;;;
10/11/2025;Pembelian 5 pcs tepung terigu di Topaz;-;1131;51000;0;;; 30.600 ;
10/11/2025;Pembelian 5 pcs tepung terigu di Topaz;-;5211;500;0;;; 500 ;
10/11/2025;Pembelian 5 pcs tepung terigu di Topaz;-;1111;0;51500;;;; 31.100 
10/11/2025;Pembelian 500 kg beras SPPG Susukan;-;1131;6750000;0;;;;
10/11/2025;Pembelian 500 kg beras SPPG Susukan;-;2111;0;6750000;;; 13.000 ;
10/11/2025;Pembelian 7 kg bawang merah, 20 kg bawang putih, dan 4 kg bawang bombai;-;1131;954000;0;;;; 13.000 
10/11/2025;Pembelian 7 kg bawang merah, 20 kg bawang putih, dan 4 kg bawang bombai;-;1111;0;954000;;;;
10/11/2025;Pembelian BBM;-;5171;100000;0;;; 1.000.000 ;
10/11/2025;Pembelian BBM;-;2141;0;100000;;;; 1.000.000 
10/11/2025;Pembelian akomodasi makan pengiriman SPPG Merden dan SPPG Susukan;-;5171;42000;0;;;;
10/11/2025;Pembelian akomodasi makan pengiriman SPPG Merden dan SPPG Susukan;-;2141;0;42000;;; 1.000.000 ;
10/11/2025;Pembelian persediaan SPPG Merden;-;1131;4686300;0;;;; 1.000.000 
10/11/2025;Pembelian persediaan SPPG Merden;-;2111;0;4686300;;;;
10/11/2025;Pembukaan rekening PT SCS;-;1112;1000000;0;;; 635.000 ;
10/11/2025;Pembukaan rekening PT SCS;-;2111;0;1000000;;;; 635.000 
10/11/2025;Pengiriman 210 kg anggur SPPG MBS Wanayasa (pemesanan 7/11);-;5111;6877500;0;;;;
10/11/2025;Pengiriman 210 kg anggur SPPG MBS Wanayasa (pemesanan 7/11);-;1131;0;6877500;;; 262.500 ;
10/11/2025;Pengiriman 210 kg anggur SPPG MBS Wanayasa (pemesanan 7/11);-;1121;7875000;0;;;; 262.500 
10/11/2025;Pengiriman 210 kg anggur SPPG MBS Wanayasa (pemesanan 7/11);-;4111;0;7875000;;;;
10/11/2025;Pengiriman SPPG Merden (pemesanan 9/11);-;5111;20939100;0;;; 6.877.500 ;
10/11/2025;Pengiriman SPPG Merden (pemesanan 9/11);-;1131;0;20939100;;;; 6.877.500 
10/11/2025;Pengiriman SPPG Merden (pemesanan 9/11);-;1121;23492000;0;;;;
10/11/2025;Pengiriman SPPG Merden (pemesanan 9/11);-;4111;0;23492000;;; 6.877.500 ;
10/11/2025;Pengiriman SPPG Susukan (pemesanan 10/11);-;5111;8368700;0;;;; 6.877.500 
10/11/2025;Pengiriman SPPG Susukan (pemesanan 10/11);-;1131;0;8368700;;;;
10/11/2025;Pengiriman SPPG Susukan (pemesanan 10/11);-;1121;9330000;0;;; 7.875.000 ;
10/11/2025;Pengiriman SPPG Susukan (pemesanan 10/11);-;4111;0;9330000;;;; 7.875.000 
11/11/2025;Gula pasir pecah untuk operasional;-;5171;17500;0;;;;
11/11/2025;Gula pasir pecah untuk operasional;-;5311;0;17500;;; 14.175.000 ;
11/11/2025;Kas bon BBM pengiriman;-;1123;150000;0;;;; 14.175.000 
11/11/2025;Kas bon BBM pengiriman;-;1111;0;150000;;;;
11/11/2025;Kas masuk untuk belanja persediaan;-;1111;1000000;0;;; 6.750.000 ;
11/11/2025;Kas masuk untuk belanja persediaan;-;2111;0;1000000;;;; 6.750.000 
11/11/2025;Kas masuk untuk belanja persediaan;-;1111;1000000;0;;;;
11/11/2025;Kas masuk untuk belanja persediaan;-;2111;0;1000000;;; 4.686.300 ;
11/11/2025;Kas masuk untuk kas harian;-;1111;10000000;0;;;; 4.686.300 
11/11/2025;Kas masuk untuk kas harian;-;5221;6500;0;;;;
11/11/2025;Kas masuk untuk kas harian;-;1112;0;10006500;;; 20.939.100 ;
11/11/2025;Pelunasan piutang SPPG Merden (pengiriman  10/11);-;1112;23492000;0;;;; 20.939.100 
11/11/2025;Pelunasan piutang SPPG Merden (pengiriman  10/11);-;1121;0;23492000;;;;
11/11/2025;Pelunasan utang ke Pak Galih;-;2111;4900200;0;;; 23.492.000 ;
11/11/2025;Pelunasan utang ke Pak Galih;-;2141;373608;0;;;; 23.492.000 
11/11/2025;Pelunasan utang ke Pak Galih;-;5221;2500;0;;;;
11/11/2025;Pelunasan utang ke Pak Galih;-;1111;0;5276308;;; 8.368.700 ;
11/11/2025;Pelunasan utang pembelian kantong kresek dan plastik;-;2111;100600;0;;;; 8.368.700 
11/11/2025;Pelunasan utang pembelian kantong kresek dan plastik;-;1111;0;100600;;;;
11/11/2025;Pembelian 10 kg bawang merah, 10 kg bawang putih, dan 1 kg gula pasir;-;1131;657500;0;;; 9.330.000 ;
11/11/2025;Pembelian 10 kg bawang merah, 10 kg bawang putih, dan 1 kg gula pasir;-;1111;0;657500;;;; 9.330.000 
11/11/2025;Pembelian 200 kg telur tadus;-;1131;5160000;0;;;;
11/11/2025;Pembelian 200 kg telur tadus;-;2111;0;5160000;;; 42.000 ;
11/11/2025;Pembelian 250 kg jeruk dan 190 kg semangka UD Pradipta Buah;-;1131;5520000;0;;;; 42.000 
11/11/2025;Pembelian 250 kg jeruk dan 190 kg semangka UD Pradipta Buah;-;2111;0;5520000;;;;
11/11/2025;Pembelian 250 kg jeruk dan 90 kg jagung pipil SPPG MBS Wanayasa;-;1131;5780000;0;;; 1.500.000 ;
11/11/2025;Pembelian 250 kg jeruk dan 90 kg jagung pipil SPPG MBS Wanayasa;-;2111;0;5780000;;;; 1.500.000 
11/11/2025;Pembelian 350 kg telur UD Pradipta Buah;-;1131;9275000;0;;;;
11/11/2025;Pembelian 350 kg telur UD Pradipta Buah;-;2111;0;9275000;;; 954.000 ;
11/11/2025;Pembelian 430 pcs tempe;-;1131;1032000;0;;;; 954.000 
11/11/2025;Pembelian 430 pcs tempe;-;2111;0;1032000;;;;
11/11/2025;Pembelian 78 kg brokoli, 78 kg tauge, 30 kg selada, 40 kg wortel;-;1131;5715000;0;;; 51.000 ;
11/11/2025;Pembelian 78 kg brokoli, 78 kg tauge, 30 kg selada, 40 kg wortel;-;2111;0;5715000;;; 500 ;
11/11/2025;Pembelian 9 pack kantong kresek putih dan 2 pack plastik boyo 2,5 kg;-;1141;100600;0;;;; 51.500 
11/11/2025;Pembelian 9 pack kantong kresek putih dan 2 pack plastik boyo 2,5 kg;-;2111;0;100600;;;;
11/11/2025;Pembelian ATK kertas HVS;-;1141;51500;0;;; 375.000 ;
11/11/2025;Pembelian ATK kertas HVS;-;2111;0;51500;;;; 375.000 
11/11/2025;Pembelian akomodasi makan;-;5171;74000;0;;;;
11/11/2025;Pembelian akomodasi makan;-;1111;0;74000;;; 3.000 ;
11/11/2025;Pembelian persediaan SPPG Merden;-;1131;4625000;0;;;; 3.000 
11/11/2025;Pembelian persediaan SPPG Merden;-;2111;0;4625000;;;;
11/11/2025;Pengiriman SPPG MBS Wanayasa (pemesanan 10/11);-;5111;17730800;0;;; 100.000 ;
11/11/2025;Pengiriman SPPG MBS Wanayasa (pemesanan 10/11);-;1131;0;17730800;;;; 100.000 
11/11/2025;Pengiriman SPPG MBS Wanayasa (pemesanan 10/11);-;1121;19547000;0;;;;
11/11/2025;Pengiriman SPPG MBS Wanayasa (pemesanan 10/11);-;4111;0;19547000;;; 1.000.000 ;
11/11/2025;Pengiriman SPPG Merden (pemesanan 10/11);-;5111;10239000;0;;;; 1.000.000 
11/11/2025;Pengiriman SPPG Merden (pemesanan 10/11);-;1131;0;10239000;;;;
11/11/2025;Pengiriman SPPG Merden (pemesanan 10/11);-;1121;13051000;0;;; 5.160.000 ;
11/11/2025;Pengiriman SPPG Merden (pemesanan 10/11);-;4111;0;13051000;;;; 5.160.000 
11/11/2025;Pengiriman SPPG Susukan (pemesanan 11/11);-;5111;2318400;0;;;;
11/11/2025;Pengiriman SPPG Susukan (pemesanan 11/11);-;1131;0;2318400;;; 5.780.000 ;
11/11/2025;Pengiriman SPPG Susukan (pemesanan 11/11);-;1121;2495000;0;;;; 5.780.000 
11/11/2025;Pengiriman SPPG Susukan (pemesanan 11/11);-;4111;0;2495000;;;;
11/11/2025;Penjualan 1 kg telur ke Pak Galih;-;5111;26500;0;;; 17.730.800 ;
11/11/2025;Penjualan 1 kg telur ke Pak Galih;-;1131;0;26500;;;; 17.730.800 
11/11/2025;Penjualan 1 kg telur ke Pak Galih;-;1121;29500;0;;;;
11/11/2025;Penjualan 1 kg telur ke Pak Galih;-;4111;0;29500;;; 19.547.000 ;
11/11/2025;Penukaran 1 pcs gula pasir pecah SPPG Susukan;-;5311;17500;0;;;; 19.547.000 
11/11/2025;Penukaran 1 pcs gula pasir pecah SPPG Susukan;-;5111;0;17500;;;;
11/11/2025;Penukaran 1 pcs gula pasir pecah SPPG Susukan;-;5111;17500;0;;; 100.600 ;
11/11/2025;Penukaran 1 pcs gula pasir pecah SPPG Susukan;-;1131;0;17500;;;; 100.600 
12/11/2025;Kas bon akomodasi makan pengiriman;-;1123;50000;0;;;;
12/11/2025;Kas bon akomodasi makan pengiriman;-;1111;0;50000;;; 100.600 ;
12/11/2025;Kas masuk untuk belanja persediaan;-;1111;1000000;0;;;; 100.600 
12/11/2025;Kas masuk untuk belanja persediaan;-;2111;0;1000000;;;;
12/11/2025;Parkir di Depo Pelita;-;5191;4000;0;;; 51.500 ;
12/11/2025;Parkir di Depo Pelita;-;1111;0;4000;;;; 51.500 
12/11/2025;Pelunasan kas bon BBM pengiriman (11/11);-;1111;150000;0;;;;
12/11/2025;Pelunasan kas bon BBM pengiriman (11/11);-;1123;0;150000;;; 23.492.000 ;
12/11/2025;Pelunasan kas bon akomodasi makan pengiriman (12/11);-;1111;50000;0;;;; 23.492.000 
12/11/2025;Pelunasan kas bon akomodasi makan pengiriman (12/11);-;1123;0;50000;;;;
12/11/2025;Pelunasan piutang penjualan 1 kg telur ke Pak Galih;-;1111;29500;0;;; 10.000.000 ;
12/11/2025;Pelunasan piutang penjualan 1 kg telur ke Pak Galih;-;1121;0;29500;;; 6.500 ;
12/11/2025;Pelunasan utang kas masuk untuk belanja persediaan ke Mas Denny;-;2111;1000000;0;;;; 10.006.500 
12/11/2025;Pelunasan utang kas masuk untuk belanja persediaan ke Mas Denny;-;5221;2500;0;;;;
12/11/2025;Pelunasan utang kas masuk untuk belanja persediaan ke Mas Denny;-;1111;0;1002500;;; 1.032.000 ;
12/11/2025;Pembelian 14.990 g kecap bango, 1 kg tepung tapioka, dan 6 pcs garam;-;1131;517700;0;;;; 1.032.000 
12/11/2025;Pembelian 14.990 g kecap bango, 1 kg tepung tapioka, dan 6 pcs garam;-;1111;0;517700;;;;
12/11/2025;Pembelian ATK;-;1141;160500;0;;; 9.275.000 ;
12/11/2025;Pembelian ATK;-;1111;0;160500;;;; 9.275.000 
12/11/2025;Pembelian BBM pengiriman SPPG Merden dan SPPG Susukan (11/11);-;5171;150000;0;;;;
12/11/2025;Pembelian BBM pengiriman SPPG Merden dan SPPG Susukan (11/11);-;1111;0;150000;;; 5.715.000 ;
12/11/2025;Pembelian akomodasi makan pengiriman SPPG MBS Wanayasa;-;5171;32000;0;;;; 5.715.000 
12/11/2025;Pembelian akomodasi makan pengiriman SPPG MBS Wanayasa;-;1111;0;32000;;;;
12/11/2025;Pembelian akomodasi makan pengiriman SPPG Merden;-;5171;18000;0;;; 5.520.000 ;
12/11/2025;Pembelian akomodasi makan pengiriman SPPG Merden;-;1111;0;18000;;;; 5.520.000 
12/11/2025;Pembelian akomodasi minum;-;5171;5500;0;;;;
12/11/2025;Pembelian akomodasi minum;-;1111;0;5500;;; 1.000.000 ;
12/11/2025;Pembelian peralatan dan perlengkapan gudang;-;1141;315400;0;;;; 1.000.000 
12/11/2025;Pembelian peralatan dan perlengkapan gudang;-;1211;336500;0;;;;
12/11/2025;Pembelian peralatan dan perlengkapan gudang;-;1111;0;651900;;; 657.500 ;
12/11/2025;Pembelian perlengkapan gudang;-;1141;190000;0;;;; 657.500 
12/11/2025;Pembelian perlengkapan gudang;-;1111;0;190000;;;;
12/11/2025;Pembelian persediaan SPPG MBS Wanayasa;-;1131;13688400;0;;; 4.900.200 ;
12/11/2025;Pembelian persediaan SPPG MBS Wanayasa;-;2111;0;13688400;;; 373.608 ;
12/11/2025;Pembelian persediaan SPPG Susukan;-;1131;4872500;0;;; 2.500 ;
12/11/2025;Pembelian persediaan SPPG Susukan;-;2111;0;4872500;;;; 5.276.308 
12/11/2025;Pengiriman SPPG MBS Wanayasa (pemesanan 10/11);-;5111;28010500;0;;;;
12/11/2025;Pengiriman SPPG MBS Wanayasa (pemesanan 10/11);-;1131;0;28010500;;; 4.625.000 ;
12/11/2025;Pengiriman SPPG MBS Wanayasa (pemesanan 10/11);-;1121;35818800;0;;;; 4.625.000 
12/11/2025;Pengiriman SPPG MBS Wanayasa (pemesanan 10/11);-;4111;0;35818800;;;;
12/11/2025;Pengiriman SPPG Merden (pemesanan 12/11);-;5111;7567500;0;;; 10.239.000 ;
12/11/2025;Pengiriman SPPG Merden (pemesanan 12/11);-;1131;0;7567500;;;; 10.239.000 
12/11/2025;Pengiriman SPPG Merden (pemesanan 12/11);-;1121;9964120;0;;;;
12/11/2025;Pengiriman SPPG Merden (pemesanan 12/11);-;4111;0;9964120;;; 13.051.000 ;
12/11/2025;Pengiriman SPPG Susukan (pemesanan 12/11);-;5111;4872500;0;;;; 13.051.000 
12/11/2025;Pengiriman SPPG Susukan (pemesanan 12/11);-;1131;0;4872500;;;;
12/11/2025;Pengiriman SPPG Susukan (pemesanan 12/11);-;1121;5689000;0;;; 2.318.400 ;
12/11/2025;Pengiriman SPPG Susukan (pemesanan 12/11);-;4111;0;5689000;;;; 2.318.400 
12/11/2025;Penukaran 2 kg telur pecah SPPG MBS Wanayasa;-;5311;51600;0;;;;
12/11/2025;Penukaran 2 kg telur pecah SPPG MBS Wanayasa;-;5111;0;51600;;; 2.495.000 ;
12/11/2025;Penukaran 2 kg telur pecah SPPG MBS Wanayasa;-;5111;53000;0;;;; 2.495.000 
12/11/2025;Penukaran 2 kg telur pecah SPPG MBS Wanayasa;-;1131;0;53000;;;;
13/11/2025;Kas bon akomodasi makan pengiriman;-;1123;50000;0;;; 150.000 ;
13/11/2025;Kas bon akomodasi makan pengiriman;-;1111;0;50000;;;; 150.000 
13/11/2025;Pelunasan kas bon akomodasi makan pengiriman (13/11);-;1111;50000;0;;;;
13/11/2025;Pelunasan kas bon akomodasi makan pengiriman (13/11);-;1123;0;50000;;; 17.500 ;
13/11/2025;Pelunasan piutang SPPG Susukan (pengiriman 10/11);-;1112;9330000;0;;;; 17.500 
13/11/2025;Pelunasan piutang SPPG Susukan (pengiriman 10/11);-;1121;0;9330000;;;;
13/11/2025;Pelunasan utang kas masuk pembukaan rekening PT SCS ke Pak Anwar;-;2111;1000000;0;;; 17.500 ;
13/11/2025;Pelunasan utang kas masuk pembukaan rekening PT SCS ke Pak Anwar;-;5221;6500;0;;;; 17.500 
13/11/2025;Pelunasan utang kas masuk pembukaan rekening PT SCS ke Pak Anwar;-;1112;0;1006500;;;;
13/11/2025;Pelunasan utang pembelian 500 kg beras SPPG Susukan (pembelian 10/11);-;2111;6750000;0;;; 17.500 ;
13/11/2025;Pelunasan utang pembelian 500 kg beras SPPG Susukan (pembelian 10/11);-;1112;0;6750000;;;; 17.500 
13/11/2025;Pembelian 200 kg telur tadus;-;1131;5180000;0;;;;
13/11/2025;Pembelian 200 kg telur tadus;-;2111;0;5180000;;; 74.000 ;
13/11/2025;Pembelian 65 kg kacang panjang SPPG MBS Wanayasa;-;1131;910000;0;;;; 74.000 
13/11/2025;Pembelian 65 kg kacang panjang SPPG MBS Wanayasa;-;2111;0;910000;;;;
13/11/2025;Pembelian akomodasi makan pengiriman SPPG Susukan;-;5171;30000;0;;; 26.500 ;
13/11/2025;Pembelian akomodasi makan pengiriman SPPG Susukan;-;1111;0;30000;;;; 26.500 
13/11/2025;Pembelian persediaan SPPG Susukan;-;1131;2528000;0;;;;
13/11/2025;Pembelian persediaan SPPG Susukan;-;2111;0;2528000;;; 29.500 ;
13/11/2025;Pengiriman 65 kg kacang panjang SPPG MBS Wanayasa (pemesanan 10/11);-;5111;910000;0;;;; 29.500 
13/11/2025;Pengiriman 65 kg kacang panjang SPPG MBS Wanayasa (pemesanan 10/11);-;1131;0;910000;;;;
13/11/2025;Pengiriman 65 kg kacang panjang SPPG MBS Wanayasa (pemesanan 10/11);-;1121;1040000;0;;; 150.000 ;
13/11/2025;Pengiriman 65 kg kacang panjang SPPG MBS Wanayasa (pemesanan 10/11);-;4111;0;1040000;;;; 150.000 
13/11/2025;Pengiriman SPPG Susukan (pemesanan 13/11);-;5111;6528000;0;;;;
13/11/2025;Pengiriman SPPG Susukan (pemesanan 13/11);-;1131;0;6528000;;; 150.000 ;
13/11/2025;Pengiriman SPPG Susukan (pemesanan 13/11);-;1121;7667650;0;;;; 150.000 
13/11/2025;Pengiriman SPPG Susukan (pemesanan 13/11);-;4111;0;7667650;;;;
14/11/2025;8 kg persediaan semangka busuk;-;5311;64000;0;;; 1.000.000 ;
14/11/2025;8 kg persediaan semangka busuk;-;1131;0;64000;;; 2.500 ;
14/11/2025;Pelunasan piutang SPPG Merden (pengiriman 11/11);-;1112;13051000;0;;;; 1.002.500 
14/11/2025;Pelunasan piutang SPPG Merden (pengiriman 11/11);-;1121;0;13051000;;;;
14/11/2025;Pelunasan utang kas masuk untuk belanja persediaan ke Mas Denny;-;2111;1000000;0;;; 13.688.400 ;
14/11/2025;Pelunasan utang kas masuk untuk belanja persediaan ke Mas Denny;-;5221;2500;0;;;; 13.688.400 
14/11/2025;Pelunasan utang kas masuk untuk belanja persediaan ke Mas Denny;-;1111;0;1002500;;;;
14/11/2025;Pelunasan utang pembelian persediaan ke Berkah Saputra (pembelian 11/11);-;2111;5715000;0;;; 28.010.500 ;
14/11/2025;Pelunasan utang pembelian persediaan ke Berkah Saputra (pembelian 11/11);-;1112;0;5715000;;;; 28.010.500 
14/11/2025;Pelunasan utang pembelian persediaan ke Bu Lis (pembelian 10/11);-;2111;4686300;0;;;;
14/11/2025;Pelunasan utang pembelian persediaan ke Bu Lis (pembelian 10/11);-;5221;2500;0;;; 35.818.800 ;
14/11/2025;Pelunasan utang pembelian persediaan ke Bu Lis (pembelian 10/11);-;1112;0;4688800;;;; 35.818.800 
14/11/2025;Pengiriman SPPG Kutabanjarnegara (pemesanan 14/11);-;5111;89000;0;;;;
14/11/2025;Pengiriman SPPG Kutabanjarnegara (pemesanan 14/11);-;1131;0;89000;;; 50.000 ;
14/11/2025;Pengiriman SPPG Kutabanjarnegara (pemesanan 14/11);-;1121;104000;0;;;; 50.000 
14/11/2025;Pengiriman SPPG Kutabanjarnegara (pemesanan 14/11);-;4111;0;104000;;;;
14/11/2025;Penjualan 3,6 kg semangka acara bazar;-;5111;28800;0;;; 51.600 ;
14/11/2025;Penjualan 3,6 kg semangka acara bazar;-;1131;0;28800;;;; 51.600 
14/11/2025;Penjualan 3,6 kg semangka acara bazar;-;1111;32500;0;;;;
14/11/2025;Penjualan 3,6 kg semangka acara bazar;-;4111;0;32500;;; 53.000 ;
15/11/2025;Pelunasan piutang SPPG Susukan (pengiriman 12/11);-;1112;5689000;0;;;; 53.000 
15/11/2025;Pelunasan piutang SPPG Susukan (pengiriman 12/11);-;1121;0;5689000;;;;
15/11/2025;Pelunasan piutang SPPG Susukan (pengiriman 13/11);-;1112;7667650;0;;; 1.000.000 ;
15/11/2025;Pelunasan piutang SPPG Susukan (pengiriman 13/11);-;1121;0;7667650;;;; 1.000.000 
15/11/2025;Pelunasan utang pembelian del monte saus BBQ ke Mas Dandi;-;2111;650000;0;;;;
15/11/2025;Pelunasan utang pembelian del monte saus BBQ ke Mas Dandi;-;1111;0;650000;;; 160.500 ;
15/11/2025;Pelunasan utang pembelian jeruk dan semangka (pembelian 11/11);-;2111;5520000;0;;;; 160.500 
15/11/2025;Pelunasan utang pembelian jeruk dan semangka (pembelian 11/11);-;1112;0;5520000;;;;
15/11/2025;Pelunasan utang pembelian melon dan timun (pembelian 9/11);-;2111;2255000;0;;; 517.700 ;
15/11/2025;Pelunasan utang pembelian melon dan timun (pembelian 9/11);-;1112;0;2255000;;;; 517.700 
15/11/2025;Pembelian 20 del monte saus BBQ 1 kg di Gunung Mas;-;1131;650000;0;;;;
15/11/2025;Pembelian 20 del monte saus BBQ 1 kg di Gunung Mas;-;2111;0;650000;;; 315.400 ;
15/11/2025;Pembelian rak penyimpanan gudang di shopee;-;1211;517300;0;;; 336.500 ;
15/11/2025;Pembelian rak penyimpanan gudang di shopee;-;1111;0;517300;;;; 651.900 
15/11/2025;Penjualan 0,5 kg telur acara bazar;-;5111;13250;0;;;;
15/11/2025;Penjualan 0,5 kg telur acara bazar;-;1131;0;13250;;; 5.500 ;
15/11/2025;Penjualan 0,5 kg telur acara bazar;-;1111;14800;0;;;; 5.500 
15/11/2025;Penjualan 0,5 kg telur acara bazar;-;4111;0;14800;;;;
15/11/2025;Penjualan 1 kg telur, 13 kg beras, dan 1 pcs minyak goreng acara bazar;-;5111;247300;0;;; 4.000 ;
15/11/2025;Penjualan 1 kg telur, 13 kg beras, dan 1 pcs minyak goreng acara bazar;-;1131;0;247300;;;; 4.000 
15/11/2025;Penjualan 1 kg telur, 13 kg beras, dan 1 pcs minyak goreng acara bazar;-;1111;262400;0;;;;
15/11/2025;Penjualan 1 kg telur, 13 kg beras, dan 1 pcs minyak goreng acara bazar;-;4111;0;262400;;; 190.000 ;
15/11/2025;Penjualan 13 kg semangka acara bazar;-;5111;104000;0;;;; 190.000 
15/11/2025;Penjualan 13 kg semangka acara bazar;-;1131;0;104000;;;;
15/11/2025;Penjualan 13 kg semangka acara bazar;-;1111;117000;0;;; 7.567.500 ;
15/11/2025;Penjualan 13 kg semangka acara bazar;-;4111;0;117000;;;; 7.567.500 
15/11/2025;Penjualan 3 kg beras acara bazar;-;5111;42000;0;;;;
15/11/2025;Penjualan 3 kg beras acara bazar;-;1131;0;42000;;; 9.964.120 ;
15/11/2025;Penjualan 3 kg beras acara bazar;-;1111;45000;0;;;; 9.964.120 
15/11/2025;Penjualan 3 kg beras acara bazar;-;4111;0;45000;;;;
15/11/2025;Penjualan 5 kg beras acara bazar;-;5111;70000;0;;; 50.000 ;
15/11/2025;Penjualan 5 kg beras acara bazar;-;1131;0;70000;;;; 50.000 
15/11/2025;Penjualan 5 kg beras acara bazar;-;1111;75000;0;;;;
15/11/2025;Penjualan 5 kg beras acara bazar;-;4111;0;75000;;; 32.000 ;
15/11/2025;Penjualan 5 kg beras acara bazar;-;5111;70000;0;;;; 32.000 
15/11/2025;Penjualan 5 kg beras acara bazar;-;1131;0;70000;;;;
15/11/2025;Penjualan 5 kg beras acara bazar;-;1111;75000;0;;; 18.000 ;
15/11/2025;Penjualan 5 kg beras acara bazar;-;4111;0;75000;;;; 18.000 
16/11/2025;12 kg persediaan semangka busuk;-;5311;96000;0;;;;
16/11/2025;12 kg persediaan semangka busuk;-;1131;0;96000;;; 4.872.500 ;
16/11/2025;Kas bon BBM dan akomodasi makan pengiriman;-;1123;150000;0;;;; 4.872.500 
16/11/2025;Kas bon BBM dan akomodasi makan pengiriman;-;1111;0;150000;;;;
16/11/2025;Pelunasan kas bon BBM dan akomodasi makan pengiriman;-;1111;150000;0;;; 4.872.500 ;
16/11/2025;Pelunasan kas bon BBM dan akomodasi makan pengiriman;-;1123;0;150000;;;; 4.872.500 
16/11/2025;Pelunasan piutang SPPG Merden (pengiriman 12/11);-;1112;9964120;0;;;;
16/11/2025;Pelunasan piutang SPPG Merden (pengiriman 12/11);-;1121;0;9964120;;; 5.689.000 ;
16/11/2025;Pembelian 5 pcs krat keranjang 90 liter shopee COD;-;1211;432680;0;;;; 5.689.000 
16/11/2025;Pembelian 5 pcs krat keranjang 90 liter shopee COD;-;2111;0;432680;;;;
16/11/2025;Pembelian 500 kg beras SPPG Susukan;-;1131;6750000;0;;; 29.500 ;
16/11/2025;Pembelian 500 kg beras SPPG Susukan;-;2111;0;6750000;;;; 29.500 
16/11/2025;Pembelian BBM;-;5171;100000;0;;;;
16/11/2025;Pembelian BBM;-;1111;0;100000;;; 9.330.000 ;
16/11/2025;Pembelian akomodasi makan pengiriman;-;5171;50000;0;;;; 9.330.000 
16/11/2025;Pembelian akomodasi makan pengiriman;-;1111;0;50000;;;;
16/11/2025;Pembelian krat keranjang shopee COD;-;1211;349455;0;;; 5.180.000 ;
16/11/2025;Pembelian krat keranjang shopee COD;-;2111;0;349455;;;; 5.180.000 
16/11/2025;Pembelian persediaan SPPG MBS Wanayasa;-;1131;2317800;0;;;;
16/11/2025;Pembelian persediaan SPPG MBS Wanayasa;-;2111;0;2317800;;; 910.000 ;
16/11/2025;Pembelian persediaan SPPG Susukan;-;1131;2220500;0;;;; 910.000 
16/11/2025;Pembelian persediaan SPPG Susukan;-;2111;0;2220500;;;;
16/11/2025;Pembelian persediaan ke SBS;-;1131;3099297;0;;; 910.000 ;
16/11/2025;Pembelian persediaan ke SBS;-;2111;0;3099297;;;; 910.000 
16/11/2025;Pembelian timbangan crown shopee COD;-;1211;111120;0;;;;
16/11/2025;Pembelian timbangan crown shopee COD;-;2111;0;111120;;; 1.040.000 ;
16/11/2025;Pembelian timbangan digital 300 kg shopee COD;-;1211;638700;0;;;; 1.040.000 
16/11/2025;Pembelian timbangan digital 300 kg shopee COD;-;2111;0;638700;;;;
16/11/2025;Pembelian troli besi 150 kg shopee COD;-;1211;359368;0;;; 2.528.000 ;
16/11/2025;Pembelian troli besi 150 kg shopee COD;-;2111;0;359368;;;; 2.528.000 
16/11/2025;Pengiriman SPPG MBS Wanayasa (pemesanan 15/11);-;5111;16320200;0;;;;
16/11/2025;Pengiriman SPPG MBS Wanayasa (pemesanan 15/11);-;1131;0;16320200;;; 6.528.000 ;
16/11/2025;Pengiriman SPPG MBS Wanayasa (pemesanan 15/11);-;1121;18113700;0;;;; 6.528.000 
16/11/2025;Pengiriman SPPG MBS Wanayasa (pemesanan 15/11);-;4111;0;18113700;;;;
16/11/2025;Pengiriman SPPG Merden kecuali anggur (pemesanan 15/11);-;5111;8568627;0;;; 7.667.650 ;
16/11/2025;Pengiriman SPPG Merden kecuali anggur (pemesanan 15/11);-;1131;0;8568627;;;; 7.667.650 
16/11/2025;Pengiriman SPPG Merden kecuali anggur (pemesanan 15/11);-;1121;9992140;0;;;;
16/11/2025;Pengiriman SPPG Merden kecuali anggur (pemesanan 15/11);-;4111;0;9992140;;; 50.000 ;
16/11/2025;Pengiriman SPPG Susukan (pemesanan 15/11);-;5111;11966470;0;;;; 50.000 
16/11/2025;Pengiriman SPPG Susukan (pemesanan 15/11);-;1131;0;11966470;;;;
16/11/2025;Pengiriman SPPG Susukan (pemesanan 15/11);-;1121;13602360;0;;; 50.000 ;
16/11/2025;Pengiriman SPPG Susukan (pemesanan 15/11);-;4111;0;13602360;;;; 50.000 
17/11/2025;39,1 kg persediaan semangka dibagikan;-;5171;312800;0;;;;
17/11/2025;39,1 kg persediaan semangka dibagikan;-;1131;0;312800;;; 30.000 ;
17/11/2025;Pelunasan piutang SPPG Susukan (pengiriman 11/11);-;1112;2495000;0;;;; 30.000 
17/11/2025;Pelunasan piutang SPPG Susukan (pengiriman 11/11);-;1121;0;2495000;;;;
17/11/2025;Pembelian 160 kg anggur SPPG Merden;-;1131;5376000;0;;; 6.750.000 ;
17/11/2025;Pembelian 160 kg anggur SPPG Merden;-;2111;0;5376000;;;; 6.750.000 
17/11/2025;Pembelian 805 kg beras SPPG Merden;-;1131;10867500;0;;;;
17/11/2025;Pembelian 805 kg beras SPPG Merden;-;2111;0;10867500;;; 1.000.000 ;
17/11/2025;Pembelian 959 pcs sari roti;-;1131;12946500;0;;; 6.500 ;
17/11/2025;Pembelian 959 pcs sari roti;-;2111;0;12946500;;;; 1.006.500 
17/11/2025;Pembelian persediaan SPPG MBS Wanayasa;-;1131;18837700;0;;;;
17/11/2025;Pembelian persediaan SPPG MBS Wanayasa;-;2111;0;18837700;;; 1.000.000 ;
17/11/2025;Pembelian persediaan ke SBS;-;1131;7109400;0;;; 2.500 ;
17/11/2025;Pembelian persediaan ke SBS;-;2111;0;7109400;;;; 1.002.500 
17/11/2025;Pengiriman 160 kg anggur SPPG Merden (pemesanan 15/11);-;5111;5376000;0;;;;
17/11/2025;Pengiriman 160 kg anggur SPPG Merden (pemesanan 15/11);-;1131;0;5376000;;; 13.051.000 ;
17/11/2025;Pengiriman 160 kg anggur SPPG Merden (pemesanan 15/11);-;1121;6000000;0;;;; 13.051.000 
17/11/2025;Pengiriman 160 kg anggur SPPG Merden (pemesanan 15/11);-;4111;0;6000000;;;;
17/11/2025;Pengiriman SPPG MBS Wanayasa (pemesanan 15/11);-;5111;12946500;0;;; 5.715.000 ;
17/11/2025;Pengiriman SPPG MBS Wanayasa (pemesanan 15/11);-;1131;0;12946500;;;; 5.715.000 
17/11/2025;Pengiriman SPPG MBS Wanayasa (pemesanan 15/11);-;1121;17262000;0;;;;
17/11/2025;Pengiriman SPPG MBS Wanayasa (pemesanan 15/11);-;4111;0;17262000;;; 4.686.300 ;
17/11/2025;Pengiriman SPPG Susukan (pemesanan 16/11);-;5111;4054800;0;;; 2.500 ;
17/11/2025;Pengiriman SPPG Susukan (pemesanan 16/11);-;1131;0;4054800;;;; 4.688.800 
17/11/2025;Pengiriman SPPG Susukan (pemesanan 16/11);-;1121;5006500;0;;;;
17/11/2025;Pengiriman SPPG Susukan (pemesanan 16/11);-;4111;0;5006500;;; 89.000 ;
17/11/2025;Penjualan 50 kg beras dan 24 kg semangka untuk Pandanarum ke Pak Anwar;-;5111;892000;0;;;; 89.000 
17/11/2025;Penjualan 50 kg beras dan 24 kg semangka untuk Pandanarum ke Pak Anwar;-;1131;0;892000;;;;
17/11/2025;Penjualan 50 kg beras dan 24 kg semangka untuk Pandanarum ke Pak Anwar;-;1121;941000;0;;; 104.000 ;
17/11/2025;Penjualan 50 kg beras dan 24 kg semangka untuk Pandanarum ke Pak Anwar;-;4111;0;941000;;;; 104.000 
17/11/2025;Utang untuk pembelian BBM;-;5171;100000;0;;;;
17/11/2025;Utang untuk pembelian BBM;-;2141;0;100000;;; 64.000 ;
17/11/2025;Utang untuk pembelian akomodasi makan pengiriman;-;5171;40000;0;;;; 64.000 
17/11/2025;Utang untuk pembelian akomodasi makan pengiriman;-;2141;0;40000;;;;
18/11/2025;Kas masuk dari BSI a.n. Galih Febianto;-;1112;5000000;0;;; 28.800 ;
18/11/2025;Kas masuk dari BSI a.n. Galih Febianto;-;2111;0;5000000;;;; 28.800 
18/11/2025;Parkir di Gunung Mas;-;5191;2000;0;;;;
18/11/2025;Parkir di Gunung Mas;-;1111;0;2000;;; 32.500 ;
18/11/2025;Parkir di Topaz;-;5191;2000;0;;;; 32.500 
18/11/2025;Parkir di Topaz;-;1111;0;2000;;;;
18/11/2025;Pelunasan sebagian utang pembelian susu UHT sebanyak 2480 pcs;-;2111;6014000;0;;; 13.250 ;
18/11/2025;Pelunasan sebagian utang pembelian susu UHT sebanyak 2480 pcs;-;5221;2500;0;;;; 13.250 
18/11/2025;Pelunasan sebagian utang pembelian susu UHT sebanyak 2480 pcs;-;1112;0;6016500;;;;
18/11/2025;Pelunasan utang pembelian 1050 kg beras SPPG Merden (pembelian 10/11);-;2111;14175000;0;;; 14.800 ;
18/11/2025;Pelunasan utang pembelian 1050 kg beras SPPG Merden (pembelian 10/11);-;5221;2500;0;;;; 14.800 
18/11/2025;Pelunasan utang pembelian 1050 kg beras SPPG Merden (pembelian 10/11);-;1112;0;14177500;;;;
18/11/2025;Pelunasan utang pembelian 959 pcs sari roti (pembelian 17/11);-;2111;12946500;0;;; 70.000 ;
18/11/2025;Pelunasan utang pembelian 959 pcs sari roti (pembelian 17/11);-;5221;2500;0;;;; 70.000 
18/11/2025;Pelunasan utang pembelian 959 pcs sari roti (pembelian 17/11);-;1112;0;12949000;;;;
18/11/2025;Pelunasan utang pembelian BBM ke Pak Sodik;-;2141;100000;0;;; 75.000 ;
18/11/2025;Pelunasan utang pembelian BBM ke Pak Sodik;-;1111;0;100000;;;; 75.000 
18/11/2025;Pelunasan utang pembelian akomodasi makan pengiriman ke Pak Sodik;-;2141;40000;0;;;;
18/11/2025;Pelunasan utang pembelian akomodasi makan pengiriman ke Pak Sodik;-;1111;0;40000;;; 70.000 ;
18/11/2025;Pelunasan utang pembelian persediaan ke SBS (pembelian 16/11);-;2111;3099297;0;;;; 70.000 
18/11/2025;Pelunasan utang pembelian persediaan ke SBS (pembelian 16/11);-;6111;0;0;;;;
18/11/2025;Pelunasan utang pembelian persediaan ke SBS (pembelian 16/11);-;1112;0;3099297;;; 75.000 ;
18/11/2025;Pelunasan utang pembelian telur tadus (pembelian 11/11);-;2111;5160000;0;;;; 75.000 
18/11/2025;Pelunasan utang pembelian telur tadus (pembelian 11/11);-;5221;2500;0;;;;
18/11/2025;Pelunasan utang pembelian telur tadus (pembelian 11/11);-;1112;0;5162500;;; 42.000 ;
18/11/2025;Pembelian 200 kg telur tadus;-;1131;5160000;0;;;; 42.000 
18/11/2025;Pembelian 200 kg telur tadus;-;2111;0;5160000;;;;
18/11/2025;Pembelian 5 pcs santan 1 liter di Gunung Mas;-;1131;292500;0;;; 45.000 ;
18/11/2025;Pembelian 5 pcs santan 1 liter di Gunung Mas;-;1111;0;292500;;;; 45.000 
18/11/2025;Pembelian persediaan SPPG MBS Wanayasa;-;1131;5250100;0;;;;
18/11/2025;Pembelian persediaan SPPG MBS Wanayasa;-;2111;0;5250100;;; 650.000 ;
18/11/2025;Pembelian persediaan SPPG Susukan;-;1131;796500;0;;;; 650.000 
18/11/2025;Pembelian persediaan SPPG Susukan;-;2111;0;796500;;;;
18/11/2025;Pengiriman SPPG MBS Wanayasa (pemesanan 15/11);-;5111;4758000;0;;; 247.300 ;
18/11/2025;Pengiriman SPPG MBS Wanayasa (pemesanan 15/11);-;1131;0;4758000;;;; 247.300 
18/11/2025;Pengiriman SPPG MBS Wanayasa (pemesanan 15/11);-;1121;5496000;0;;;;
18/11/2025;Pengiriman SPPG MBS Wanayasa (pemesanan 15/11);-;4111;0;5496000;;; 262.400 ;
18/11/2025;Pengiriman SPPG Merden (pemesanan 17/11);-;5111;4169050;0;;;; 262.400 
18/11/2025;Pengiriman SPPG Merden (pemesanan 17/11);-;1131;0;4169050;;;;
18/11/2025;Pengiriman SPPG Merden (pemesanan 17/11);-;1121;4917500;0;;; 650.000 ;
18/11/2025;Pengiriman SPPG Merden (pemesanan 17/11);-;4111;0;4917500;;;; 650.000 
18/11/2025;Pengiriman SPPG Susukan (pemesanan 16/11);-;5111;796500;0;;;;
18/11/2025;Pengiriman SPPG Susukan (pemesanan 16/11);-;1131;0;796500;;; 517.300 ;
18/11/2025;Pengiriman SPPG Susukan (pemesanan 16/11);-;1121;943500;0;;;; 517.300 
18/11/2025;Pengiriman SPPG Susukan (pemesanan 16/11);-;4111;0;943500;;;;
18/11/2025;Penjualan 518 pcs malkist ke Bu Tati MBS Wanayasa;-;5111;492100;0;;; 104.000 ;
18/11/2025;Penjualan 518 pcs malkist ke Bu Tati MBS Wanayasa;-;1131;0;492100;;;; 104.000 
18/11/2025;Penjualan 518 pcs malkist ke Bu Tati MBS Wanayasa;-;1121;621600;0;;;;
18/11/2025;Penjualan 518 pcs malkist ke Bu Tati MBS Wanayasa;-;4111;0;621600;;; 117.000 ;
19/11/2025;Pelunasan pembelian timbangan digital 300 kg shopee COD;-;2111;638700;0;;;; 117.000 
19/11/2025;Pelunasan pembelian timbangan digital 300 kg shopee COD;-;5211;300;0;;;;
19/11/2025;Pelunasan pembelian timbangan digital 300 kg shopee COD;-;1111;0;639000;;; 5.689.000 ;
19/11/2025;Pembayaran upah tenaga bantu pengiriman (16/11);-;5121;50000;0;;;; 5.689.000 
19/11/2025;Pembayaran upah tenaga bantu pengiriman (16/11);-;1111;0;50000;;;;
19/11/2025;Pembelian persediaan SPPG MBS Wanayasa;-;1131;19457000;0;;; 7.667.650 ;
19/11/2025;Pembelian persediaan SPPG MBS Wanayasa;-;2111;0;19457000;;;; 7.667.650 
19/11/2025;Pengiriman SPPG MBS Wanayasa (pemesanan 15/11);-;5111;38294700;0;;;;
19/11/2025;Pengiriman SPPG MBS Wanayasa (pemesanan 15/11);-;1131;0;38294700;;; 5.520.000 ;
19/11/2025;Pengiriman SPPG MBS Wanayasa (pemesanan 15/11);-;1121;45009500;0;;;; 5.520.000 
19/11/2025;Pengiriman SPPG MBS Wanayasa (pemesanan 15/11);-;4111;0;45009500;;;;
20/11/2025;Interest on Account;-;1112;3135;0;;; 2.255.000 ;
20/11/2025;Interest on Account;-;4121;0;3135;;;; 2.255.000 
20/11/2025;Pelunasan pembelian troli besi dan krat keranjang shopee COD (pembelian 16/11);-;2111;792048;0;;;;
20/11/2025;Pelunasan pembelian troli besi dan krat keranjang shopee COD (pembelian 16/11);-;1111;0;792048;;; 3.099.297,82 ;
20/11/2025;Pelunasan piutang SPPG Susukan (pengiriman 16/11);-;1112;13602360;0;;;; 3.099.297,82 
20/11/2025;Pelunasan piutang SPPG Susukan (pengiriman 16/11);-;1121;0;13602360;;;;
20/11/2025;Pelunasan piutang SPPG Susukan (pengiriman 17/11);-;1112;5006500;0;;; 2.317.800 ;
20/11/2025;Pelunasan piutang SPPG Susukan (pengiriman 17/11);-;1121;0;5006500;;;; 2.317.800 
20/11/2025;Pelunasan piutang SPPG Susukan (pengiriman 18/11);-;1112;943500;0;;;;
20/11/2025;Pelunasan piutang SPPG Susukan (pengiriman 18/11);-;1121;0;943500;;; 16.320.200 ;
20/11/2025;Pembelian galon isi ulang;-;5171;35000;0;;;; 16.320.200 
20/11/2025;Pembelian galon isi ulang;-;1111;0;35000;;;;
20/11/2025;Pembelian makanan ringan untuk gudang;-;5171;25000;0;;; 18.113.700 ;
20/11/2025;Pembelian makanan ringan untuk gudang;-;2141;0;25000;;;; 18.113.700 
20/11/2025;Tax;-;5222;627;0;;;;
20/11/2025;Tax;-;1112;0;627;;; 150.000 ;
21/11/2025;Pelunasan piutang SPPG MBS Wanayasa (pengiriman 11/11);-;1112;19547000;0;;;; 150.000 
21/11/2025;Pelunasan piutang SPPG MBS Wanayasa (pengiriman 11/11);-;1121;0;19547000;;;;
21/11/2025;Pelunasan piutang SPPG MBS Wanayasa (pengiriman 12/11 dan 13/11);-;1112;36858800;0;;; 150.000 ;
21/11/2025;Pelunasan piutang SPPG MBS Wanayasa (pengiriman 12/11 dan 13/11);-;1121;0;36858800;;;; 150.000 
21/11/2025;Pelunasan piutang SPPG MBS Wanayasa (pengiriman 16/11);-;1112;18113700;0;;;;
21/11/2025;Pelunasan piutang SPPG MBS Wanayasa (pengiriman 16/11);-;1121;0;18113700;;; 100.000 ;
21/11/2025;Pelunasan piutang SPPG MBS Wanayasa (pengiriman 17/11);-;1112;17262000;0;;;; 100.000 
21/11/2025;Pelunasan piutang SPPG MBS Wanayasa (pengiriman 17/11);-;1121;0;17262000;;;;
21/11/2025;Pelunasan piutang SPPG MBS Wanayasa (pengiriman 18/11);-;1112;5496000;0;;; 50.000 ;
21/11/2025;Pelunasan piutang SPPG MBS Wanayasa (pengiriman 18/11);-;1121;0;5496000;;;; 50.000 
21/11/2025;Pelunasan piutang SPPG MBS Wanayasa (pengiriman 19/11);-;1112;45009500;0;;;;
21/11/2025;Pelunasan piutang SPPG MBS Wanayasa (pengiriman 19/11);-;1121;0;45009500;;; 8.568.627,82 ;
21/11/2025;Pelunasan piutang SPPG MBS Wanayasa (pengiriman 9/11 dan 10/11);-;1112;28205400;0;;;; 8.568.627,82 
21/11/2025;Pelunasan piutang SPPG MBS Wanayasa (pengiriman 9/11 dan 10/11);-;1121;0;28205400;;;;
21/11/2025;Pelunasan piutang SPPG Merden (pengiriman 16/11 dan 17/11);-;1112;15992140;0;;; 9.992.140 ;
21/11/2025;Pelunasan piutang SPPG Merden (pengiriman 16/11 dan 17/11);-;1121;0;15992140;;;; 9.992.140 
21/11/2025;Pelunasan piutang SPPG Merden (pengiriman 18/11);-;1112;4917500;0;;;;
21/11/2025;Pelunasan piutang SPPG Merden (pengiriman 18/11);-;1121;0;4917500;;; 2.220.500 ;
21/11/2025;Pelunasan utang pembelian 500 kg beras SPPG Susukan;-;2111;6750000;0;;;; 2.220.500 
21/11/2025;Pelunasan utang pembelian 500 kg beras SPPG Susukan;-;1112;0;6750000;;;;
21/11/2025;Pelunasan utang pembelian telur tadus dan pembayaran 60 peti kosong (pembelian 13/11);-;2111;5180000;0;;; 6.750.000 ;
21/11/2025;Pelunasan utang pembelian telur tadus dan pembayaran 60 peti kosong (pembelian 13/11);-;5211;300000;0;;;; 6.750.000 
21/11/2025;Pelunasan utang pembelian telur tadus dan pembayaran 60 peti kosong (pembelian 13/11);-;5221;2500;0;;;;
21/11/2025;Pelunasan utang pembelian telur tadus dan pembayaran 60 peti kosong (pembelian 13/11);-;1112;0;5482500;;; 11.966.470 ;
21/11/2025;Penjualan 0,5 kg telur ke Mas Denny;-;5111;12900;0;;;; 11.966.470 
21/11/2025;Penjualan 0,5 kg telur ke Mas Denny;-;1131;0;12900;;;;
21/11/2025;Penjualan 0,5 kg telur ke Mas Denny;-;1121;14800;0;;; 13.602.360 ;
21/11/2025;Penjualan 0,5 kg telur ke Mas Denny;-;4111;0;14800;;;; 13.602.360 
22/11/2025;Pelunasan kas bon pembelian freezer;-;1111;6950000;0;;;;
22/11/2025;Pelunasan kas bon pembelian freezer;-;1121;0;6950000;;; 9.964.120 ;
22/11/2025;Pelunasan pembelian krat keranjang shopee COD (pembelian 16/11);-;2111;349455;0;;;; 9.964.120 
22/11/2025;Pelunasan pembelian krat keranjang shopee COD (pembelian 16/11);-;1111;0;349455;;;;
22/11/2025;Pelunasan pembelian timbangan crown shopee COD (pembelian 16/11);-;2111;111120;0;;; 638.700 ;
22/11/2025;Pelunasan pembelian timbangan crown shopee COD (pembelian 16/11);-;5221;2500;0;;;; 638.700 
22/11/2025;Pelunasan pembelian timbangan crown shopee COD (pembelian 16/11);-;1111;0;113620;;;;
22/11/2025;Pelunasan sebagian utang 4139 pcs susu uht 125 ml (pembelian 21/10);-;2111;12417000;0;;; 359.368 ;
22/11/2025;Pelunasan sebagian utang 4139 pcs susu uht 125 ml (pembelian 21/10);-;5221;2500;0;;;; 359.368 
22/11/2025;Pelunasan sebagian utang 4139 pcs susu uht 125 ml (pembelian 21/10);-;1112;0;12419500;;;;
22/11/2025;Pelunasan utang kas masuk dan kas bon pembelian freezer ke BSI a.n. Galih Febianto;-;2111;5000000;0;;; 432.680 ;
22/11/2025;Pelunasan utang kas masuk dan kas bon pembelian freezer ke BSI a.n. Galih Febianto;-;1121;6950000;0;;;; 432.680 
22/11/2025;Pelunasan utang kas masuk dan kas bon pembelian freezer ke BSI a.n. Galih Febianto;-;5221;2500;0;;;;
22/11/2025;Pelunasan utang kas masuk dan kas bon pembelian freezer ke BSI a.n. Galih Febianto;-;1112;0;11952500;;; 111.120 ;
22/11/2025;Pelunasan utang pembelian persediaan ke Berkah Saputra (pembelian 13/11);-;2111;910000;0;;;; 111.120 
22/11/2025;Pelunasan utang pembelian persediaan ke Berkah Saputra (pembelian 13/11);-;1112;0;910000;;;;
22/11/2025;Pelunasan utang pembelian persediaan ke Bu Lis (pembelian 10/11 - 16/11);-;2111;42909700;0;;; 349.455 ;
22/11/2025;Pelunasan utang pembelian persediaan ke Bu Lis (pembelian 10/11 - 16/11);-;1124;10000;0;;;; 349.455 
22/11/2025;Pelunasan utang pembelian persediaan ke Bu Lis (pembelian 10/11 - 16/11);-;5221;2500;0;;;;
22/11/2025;Pelunasan utang pembelian persediaan ke Bu Lis (pembelian 10/11 - 16/11);-;1112;0;42922200;;; 96.000 ;
22/11/2025;Pelunasan utang pembelian persediaan ke SBS (pembelian 17/11);-;2111;7109400;0;;;; 96.000 
22/11/2025;Pelunasan utang pembelian persediaan ke SBS (pembelian 17/11);-;1112;0;7109400;;;;
22/11/2025;Pelunasan utang pembelian telur tadus (pembelian 18/11);-;2111;5160000;0;;; 2.495.000 ;
22/11/2025;Pelunasan utang pembelian telur tadus (pembelian 18/11);-;5221;2500;0;;;; 2.495.000 
22/11/2025;Pelunasan utang pembelian telur tadus (pembelian 18/11);-;1112;0;5162500;;;;
22/11/2025;Pembelian 200 kg telur tadus;-;1131;5160000;0;;; 10.867.500 ;
22/11/2025;Pembelian 200 kg telur tadus;-;2111;0;5160000;;;; 10.867.500 
22/11/2025;Pembelian alat toolkit;-;1141;35000;0;;;;
22/11/2025;Pembelian alat toolkit;-;1111;0;35000;;; 7.109.400 ;
22/11/2025;Pembelian freezer;-;1211;6950000;0;;;; 7.109.400 
22/11/2025;Pembelian freezer;-;1111;0;6950000;;;;
22/11/2025;Penjualan 1 kg telur ke Pak Galih;-;5111;26500;0;;; 5.376.000 ;
22/11/2025;Penjualan 1 kg telur ke Pak Galih;-;1131;0;26500;;;; 5.376.000 
22/11/2025;Penjualan 1 kg telur ke Pak Galih;-;1111;29500;0;;;;
22/11/2025;Penjualan 1 kg telur ke Pak Galih;-;4111;0;29500;;; 5.376.000 ;
23/11/2025;Pembelian 100 kg beras SPPG Susukan;-;1131;1350000;0;;;; 5.376.000 
23/11/2025;Pembelian 100 kg beras SPPG Susukan;-;2111;0;1350000;;;;
23/11/2025;Pembelian 370 kg mix vegetable dan 207,5 kg kentang frozen;-;1131;16377500;0;;; 6.000.000 ;
23/11/2025;Pembelian 370 kg mix vegetable dan 207,5 kg kentang frozen;-;2111;0;16377500;;;; 6.000.000 
23/11/2025;Pembelian akomodasi bakso;-;5171;150000;0;;;;
23/11/2025;Pembelian akomodasi bakso;-;1111;0;150000;;; 18.837.700 ;
23/11/2025;Pembelian akomodasi makan tim website;-;5171;75000;0;;;; 18.837.700 
23/11/2025;Pembelian akomodasi makan tim website;-;2141;0;75000;;;;
23/11/2025;Pembelian persediaan SPPG MBS Wanayasa;-;1131;4954000;0;;; 12.946.500 ;
23/11/2025;Pembelian persediaan SPPG MBS Wanayasa;-;2111;0;4954000;;;; 12.946.500 
23/11/2025;Pembelian persediaan SPPG Merden;-;1131;5976000;0;;;;
23/11/2025;Pembelian persediaan SPPG Merden;-;2111;0;5976000;;; 12.946.500 ;
23/11/2025;Pembelian persediaan SPPG Susukan;-;1131;3104500;0;;;; 12.946.500 
23/11/2025;Pembelian persediaan SPPG Susukan;-;2111;0;3104500;;;;
23/11/2025;Pembelian persediaan ke SBS;-;1131;14935383;0;;; 17.262.000 ;
23/11/2025;Pembelian persediaan ke SBS;-;2111;0;14935383;;;; 17.262.000 
23/11/2025;Pengiriman SPPG MBS Wanayasa (pemesanan 21/11);-;5111;5893500;0;;;;
23/11/2025;Pengiriman SPPG MBS Wanayasa (pemesanan 21/11);-;1131;0;5893500;;; 4.054.800 ;
23/11/2025;Pengiriman SPPG MBS Wanayasa (pemesanan 21/11);-;1121;6455500;0;;;; 4.054.800 
23/11/2025;Pengiriman SPPG MBS Wanayasa (pemesanan 21/11);-;4111;0;6455500;;;;
23/11/2025;Pengiriman SPPG Merden (pemesanan 22/11);-;5111;9406801;0;;; 5.006.500 ;
23/11/2025;Pengiriman SPPG Merden (pemesanan 22/11);-;1131;0;9406801;;;; 5.006.500 
23/11/2025;Pengiriman SPPG Merden (pemesanan 22/11);-;1121;10640700;0;;;;
23/11/2025;Pengiriman SPPG Merden (pemesanan 22/11);-;4111;0;10640700;;; 892.000 ;
23/11/2025;Pengiriman SPPG Susukan (pemesanan 22/11);-;5111;10339046;0;;;; 892.000 
23/11/2025;Pengiriman SPPG Susukan (pemesanan 22/11);-;1131;0;10339046;;;;
23/11/2025;Pengiriman SPPG Susukan (pemesanan 22/11);-;1121;11880400;0;;; 941.000 ;
23/11/2025;Pengiriman SPPG Susukan (pemesanan 22/11);-;4111;0;11880400;;;; 941.000 
23/11/2025;Penjualan 3,5 kg semangka;-;5111;28000;0;;;;
23/11/2025;Penjualan 3,5 kg semangka;-;1131;0;28000;;; 312.800 ;
23/11/2025;Penjualan 3,5 kg semangka;-;1111;31500;0;;;; 312.800 
23/11/2025;Penjualan 3,5 kg semangka;-;4111;0;31500;;;;
24/11/2025;15 kg persediaan edamame busuk;-;5311;525000;0;;; 100.000 ;
24/11/2025;15 kg persediaan edamame busuk;-;1131;0;525000;;;; 100.000 
24/11/2025;Pelunasan pembelian akomodasi makan tim website (pembelian 23/11);-;2141;75000;0;;;;
24/11/2025;Pelunasan pembelian akomodasi makan tim website (pembelian 23/11);-;1111;0;75000;;; 40.000 ;
24/11/2025;Pelunasan pembelian jajanan kering ke Mas Denny (pembelian 20/11);-;2141;25000;0;;;; 40.000 
24/11/2025;Pelunasan pembelian jajanan kering ke Mas Denny (pembelian 20/11);-;1111;0;25000;;;;
24/11/2025;Pelunasan utang pembelian 350 kg telur UD Pradipta Buah (pembelian 11/11);-;2111;9275000;0;;; 100.000 ;
24/11/2025;Pelunasan utang pembelian 350 kg telur UD Pradipta Buah (pembelian 11/11);-;2151;0;9275000;;;; 100.000 
24/11/2025;Pembelian 130 kg ayam;-;1131;6370000;0;;;;
24/11/2025;Pembelian 130 kg ayam;-;2111;0;6370000;;; 40.000 ;
24/11/2025;Pembelian 155 kg edamame;-;1131;5425000;0;;;; 40.000 
24/11/2025;Pembelian 155 kg edamame;-;2111;0;5425000;;;;
24/11/2025;Pembelian 2070 pcs tahu kuning;-;1131;1138500;0;;; 5.160.000 ;
24/11/2025;Pembelian 2070 pcs tahu kuning;-;2111;0;1138500;;;; 5.160.000 
24/11/2025;Pembelian 250 kg kentang SPPG Susukan;-;1131;3000000;0;;;;
24/11/2025;Pembelian 250 kg kentang SPPG Susukan;-;2111;0;3000000;;; 292.500 ;
24/11/2025;Pembelian 50 kg timun;-;1131;500000;0;;;; 292.500 
24/11/2025;Pembelian 50 kg timun;-;2111;0;500000;;;;
24/11/2025;Pembelian persediaan SPPG Kutabanjarnegara;-;1131;4320000;0;;; 2.000 ;
24/11/2025;Pembelian persediaan SPPG Kutabanjarnegara;-;2111;0;4320000;;;; 2.000 
24/11/2025;Pembelian persediaan ke SBS;-;1131;484800;0;;;;
24/11/2025;Pembelian persediaan ke SBS;-;2111;0;484800;;; 2.000 ;
24/11/2025;Pengembalian kelebihan transfer dari Bu Lis (pelunasan 20/11);-;1111;10000;0;;;; 2.000 
24/11/2025;Pengembalian kelebihan transfer dari Bu Lis (pelunasan 20/11);-;1124;0;10000;;;;
24/11/2025;Pengiriman SPPG Kutabanjarnegara (pemesanan 22/11);-;5111;27143917;0;;; 4.169.050 ;
24/11/2025;Pengiriman SPPG Kutabanjarnegara (pemesanan 22/11);-;1131;0;27143917;;;; 4.169.050 
24/11/2025;Pengiriman SPPG Kutabanjarnegara (pemesanan 22/11);-;1121;30132400;0;;;;
24/11/2025;Pengiriman SPPG Kutabanjarnegara (pemesanan 22/11);-;4111;0;30132400;;; 4.917.500 ;
24/11/2025;Pengiriman SPPG MBS Wanayasa (pemesanan 22/11);-;5111;4122500;0;;;; 4.917.500 
24/11/2025;Pengiriman SPPG MBS Wanayasa (pemesanan 22/11);-;1131;0;4122500;;;;
24/11/2025;Pengiriman SPPG MBS Wanayasa (pemesanan 22/11);-;1121;4471000;0;;; 5.250.100 ;
24/11/2025;Pengiriman SPPG MBS Wanayasa (pemesanan 22/11);-;4111;0;4471000;;;; 5.250.100 
24/11/2025;Pengiriman SPPG Merden (pemesanan 22/11);-;5111;8355900;0;;;;
24/11/2025;Pengiriman SPPG Merden (pemesanan 22/11);-;1131;0;8355900;;; 4.758.000 ;
24/11/2025;Pengiriman SPPG Merden (pemesanan 22/11);-;1121;9429600;0;;;; 4.758.000 
24/11/2025;Pengiriman SPPG Merden (pemesanan 22/11);-;4111;0;9429600;;;;
24/11/2025;Pengiriman SPPG Susukan (pemesanan 22/11);-;5111;3000000;0;;; 5.496.000 ;
24/11/2025;Pengiriman SPPG Susukan (pemesanan 22/11);-;1131;0;3000000;;;; 5.496.000 
24/11/2025;Pengiriman SPPG Susukan (pemesanan 22/11);-;1121;3875000;0;;;;
24/11/2025;Pengiriman SPPG Susukan (pemesanan 22/11);-;4111;0;3875000;;; 492.100 ;
25/11/2025;3 kg persediaan semangka dibagikan gratis;-;5171;24000;0;;;; 492.100 
25/11/2025;3 kg persediaan semangka dibagikan gratis;-;1131;0;24000;;;;
25/11/2025;Biaya BBM motor Pak Sodik;-;5171;20000;0;;; 621.600 ;
25/11/2025;Biaya BBM motor Pak Sodik;-;1111;0;20000;;;; 621.600 
25/11/2025;Kas bon BBM pengiriman;-;1123;100000;0;;;;
25/11/2025;Kas bon BBM pengiriman;-;1111;0;100000;;; 796.500 ;
25/11/2025;Kas bon pembelian showcase;-;1121;3550000;0;;;; 796.500 
25/11/2025;Kas bon pembelian showcase;-;5221;2500;0;;;;
25/11/2025;Kas bon pembelian showcase;-;1112;0;3552500;;; 796.500 ;
25/11/2025;Kas harian masuk dari kas di bank;-;1111;10000000;0;;;; 796.500 
25/11/2025;Kas harian masuk dari kas di bank;-;5221;2500;0;;;;
25/11/2025;Kas harian masuk dari kas di bank;-;1112;0;10002500;;; 943.500 ;
25/11/2025;Kas masuk untuk kas bon BBM;-;1111;100000;0;;;; 943.500 
25/11/2025;Kas masuk untuk kas bon BBM;-;2141;0;100000;;;;
25/11/2025;Pelunasan kas bon BBM pengiriman;-;1111;100000;0;;; 12.946.500 ;
25/11/2025;Pelunasan kas bon BBM pengiriman;-;1123;0;100000;;; 2.500 ;
25/11/2025;Pelunasan kas bon pembelian showcase;-;1111;3550000;0;;;; 12.949.000 
25/11/2025;Pelunasan kas bon pembelian showcase;-;1121;0;3550000;;;;
25/11/2025;Pelunasan utang kas masuk untuk kas bon BBM;-;2141;100000;0;;; 14.175.000 ;
25/11/2025;Pelunasan utang kas masuk untuk kas bon BBM;-;1111;0;100000;;; 2.500 ;
25/11/2025;Pelunasan utang pembelian 155 kg edamame (pembelian 24/11);-;2111;5425000;0;;;; 14.177.500 
25/11/2025;Pelunasan utang pembelian 155 kg edamame (pembelian 24/11);-;1111;0;5425000;;;;
25/11/2025;Pelunasan utang pembelian 2070 pcs tahu kuning (pembelian 24/11);-;2111;1138500;0;;; 3.099.297,82 ;
25/11/2025;Pelunasan utang pembelian 2070 pcs tahu kuning (pembelian 24/11);-;1111;0;1138000;;;; 0,82 
25/11/2025;Pelunasan utang pembelian 2070 pcs tahu kuning (pembelian 24/11);-;6111;0;500;;;; 3.099.297 
25/11/2025;Pelunasan utang pembelian bawang merah dan bawang putih ke Bu Lis (pembelian 8/11);-;2111;1380000;0;;;;
25/11/2025;Pelunasan utang pembelian bawang merah dan bawang putih ke Bu Lis (pembelian 8/11);-;5221;2500;0;;; 5.000.000 ;
25/11/2025;Pelunasan utang pembelian bawang merah dan bawang putih ke Bu Lis (pembelian 8/11);-;1112;0;1382500;;;; 5.000.000 
25/11/2025;Pelunasan utang pembelian mix vegetable dan kentang frozen (pembelian 23/11);-;2111;16377500;0;;;;
25/11/2025;Pelunasan utang pembelian mix vegetable dan kentang frozen (pembelian 23/11);-;5221;2500;0;;; 5.160.000 ;
25/11/2025;Pelunasan utang pembelian mix vegetable dan kentang frozen (pembelian 23/11);-;1112;0;16380000;;; 2.500 ;
25/11/2025;Pelunasan utang pembelian persediaan ke Bu Lis (pembelian 17/11);-;2111;18837700;0;;;; 5.162.500 
25/11/2025;Pelunasan utang pembelian persediaan ke Bu Lis (pembelian 17/11);-;1112;0;18837700;;;;
25/11/2025;Pelunasan utang pembelian persediaan ke SBS (pembelian 23/11);-;2111;14668683;0;;; 6.014.000 ;
25/11/2025;Pelunasan utang pembelian persediaan ke SBS (pembelian 23/11);-;1112;0;14668683;;; 2.500 ;
25/11/2025;Pembayaran BPOM kopi;-;1124;150000;0;;;; 6.016.500 
25/11/2025;Pembayaran BPOM kopi;-;5221;2500;0;;;;
25/11/2025;Pembayaran BPOM kopi;-;1112;0;152500;;; 638.700 ;
25/11/2025;Pembayaran upah tenaga bantu pengiriman;-;5121;50000;0;;; 300 ;
25/11/2025;Pembayaran upah tenaga bantu pengiriman;-;1111;0;50000;;;; 639.000 
25/11/2025;Pembelian 1 kg ayam;-;1131;34500;0;;;;
25/11/2025;Pembelian 1 kg ayam;-;2111;0;34500;;; 19.457.000 ;
25/11/2025;Pembelian 150 kg beras SPPG Susukan;-;1131;2025000;0;;;; 19.457.000 
25/11/2025;Pembelian 150 kg beras SPPG Susukan;-;2111;0;2025000;;;;
25/11/2025;Pembelian 2070 pcs tahu kulit;-;1131;1242000;0;;; 38.294.700 ;
25/11/2025;Pembelian 2070 pcs tahu kulit;-;2111;0;1242000;;;; 38.294.700 
25/11/2025;Pembelian 29 kg tomat;-;1131;406000;0;;;;
25/11/2025;Pembelian 29 kg tomat;-;2111;0;406000;;; 45.009.500 ;
25/11/2025;Pembelian 3 kg timun;-;1131;30000;0;;;; 45.009.500 
25/11/2025;Pembelian 3 kg timun;-;1111;0;30000;;;;
25/11/2025;Pembelian BBM pengiriman;-;5171;100000;0;;; 50.000 ;
25/11/2025;Pembelian BBM pengiriman;-;1111;0;100000;;;; 50.000 
25/11/2025;Pembelian persediaan SPPG Kutabanjarnegara;-;1131;3750000;0;;;;
25/11/2025;Pembelian persediaan SPPG Kutabanjarnegara;-;2111;0;3750000;;; 35.000 ;
25/11/2025;Pembelian persediaan SPPG MBS Wanayasa;-;1131;6370000;0;;;; 35.000 
25/11/2025;Pembelian persediaan SPPG MBS Wanayasa;-;2111;0;6370000;;;;
25/11/2025;Pembelian showcase;-;1211;3550000;0;;; 792.048 ;
25/11/2025;Pembelian showcase;-;1111;0;3550000;;;; 792.048 
25/11/2025;Pembelian stop kontak dan T listrik;-;1141;87000;0;;;;
25/11/2025;Pembelian stop kontak dan T listrik;-;1111;0;87000;;; 25.000 ;
25/11/2025;Pengiriman 150 kg beras SPPG Susukan (pemesanan 25/11);-;5111;2025000;0;;;; 25.000 
25/11/2025;Pengiriman 150 kg beras SPPG Susukan (pemesanan 25/11);-;1131;0;2025000;;;;
25/11/2025;Pengiriman 150 kg beras SPPG Susukan (pemesanan 25/11);-;1121;2250000;0;;; 13.602.360 ;
25/11/2025;Pengiriman 150 kg beras SPPG Susukan (pemesanan 25/11);-;4111;0;2250000;;;; 13.602.360 
25/11/2025;Pengiriman SPPG Kutabanjarnegara (pemesanan 22/11);-;5111;19003850;0;;;;
25/11/2025;Pengiriman SPPG Kutabanjarnegara (pemesanan 22/11);-;1131;0;19003850;;; 5.006.500 ;
25/11/2025;Pengiriman SPPG Kutabanjarnegara (pemesanan 22/11);-;1121;21622100;0;;;; 5.006.500 
25/11/2025;Pengiriman SPPG Kutabanjarnegara (pemesanan 22/11);-;4111;0;21622100;;;;
25/11/2025;Pengiriman SPPG Merden (pemesanan 22/11);-;5111;6011900;0;;; 943.500 ;
25/11/2025;Pengiriman SPPG Merden (pemesanan 22/11);-;1131;0;6011900;;;; 943.500 
25/11/2025;Pengiriman SPPG Merden (pemesanan 22/11);-;1121;6619500;0;;;;
25/11/2025;Pengiriman SPPG Merden (pemesanan 22/11);-;4111;0;6619500;;; 3.135 ;
25/11/2025;Reimburse uang Pak Galih untuk pelunasan utang pembelian 350 kg telur (pelunasan 24/11);-;2151;9275000;0;;;; 3.135 
25/11/2025;Reimburse uang Pak Galih untuk pelunasan utang pembelian 350 kg telur (pelunasan 24/11);-;5221;2500;0;;;;
25/11/2025;Reimburse uang Pak Galih untuk pelunasan utang pembelian 350 kg telur (pelunasan 24/11);-;1112;0;9277500;;; 627 ;
26/11/2025;Kas bon BBM dan akomodasi makan pengiriman;-;1123;200000;0;;;; 627 
26/11/2025;Kas bon BBM dan akomodasi makan pengiriman;-;1111;0;200000;;;;
26/11/2025;Parkir di Topaz;-;5191;2000;0;;; 6.750.000 ;
26/11/2025;Parkir di Topaz;-;1111;0;2000;;;; 6.750.000 
26/11/2025;Pelunasan kas bon BBM dan akomodasi makan pengiriman;-;1111;200000;0;;;;
26/11/2025;Pelunasan kas bon BBM dan akomodasi makan pengiriman;-;1123;0;200000;;; 5.180.000 ;
26/11/2025;Pembelian 10 kg bawang putih;-;1131;290000;0;;; 300.000 ;
26/11/2025;Pembelian 10 kg bawang putih;-;1111;0;290000;;; 2.500 ;
26/11/2025;Pembelian 105 kg ayam;-;1131;5040000;0;;;; 5.482.500 
26/11/2025;Pembelian 105 kg ayam;-;2111;0;5040000;;;;
26/11/2025;Pembelian 130 kg kelengkeng SPPG MBS Wanayasa;-;1131;4875000;0;;; 28.205.400 ;
26/11/2025;Pembelian 130 kg kelengkeng SPPG MBS Wanayasa;-;2111;0;4875000;;;; 28.205.400 
26/11/2025;Pembelian 1400 pcs susu UHT full cream SPPG Merden;-;1131;4340000;0;;;;
26/11/2025;Pembelian 1400 pcs susu UHT full cream SPPG Merden;-;2111;0;4340000;;; 19.547.000 ;
26/11/2025;Pembelian 175 kg melon SPPG Kutabanjarnegara;-;1131;2712500;0;;;; 19.547.000 
26/11/2025;Pembelian 175 kg melon SPPG Kutabanjarnegara;-;2111;0;2712500;;;;
26/11/2025;Pembelian 18 pcs minyak sania 2 L;-;1131;720000;0;;; 36.858.800 ;
26/11/2025;Pembelian 18 pcs minyak sania 2 L;-;1111;0;720000;;;; 36.858.800 
26/11/2025;Pembelian 200 kg telur tadus;-;1131;5100000;0;;;;
26/11/2025;Pembelian 200 kg telur tadus;-;2111;0;5100000;;; 18.113.700 ;
26/11/2025;Pembelian 210 kg semangka dan 13 botol oregano SPPG MBS Wanayasa;-;1131;2174000;0;;;; 18.113.700 
26/11/2025;Pembelian 210 kg semangka dan 13 botol oregano SPPG MBS Wanayasa;-;2111;0;2174000;;;;
26/11/2025;Pembelian 25 kg tauge;-;1131;437500;0;;; 17.262.000 ;
26/11/2025;Pembelian 25 kg tauge;-;2111;0;437500;;;; 17.262.000 
26/11/2025;Pembelian 2600 pcs susu UHT full cream SPPG MBS Wanayasa;-;1131;8060000;0;;;;
26/11/2025;Pembelian 2600 pcs susu UHT full cream SPPG MBS Wanayasa;-;2111;0;8060000;;; 5.496.000 ;
26/11/2025;Pembelian 40 kg jagung putren;-;1131;400000;0;;;; 5.496.000 
26/11/2025;Pembelian 40 kg jagung putren;-;2111;0;400000;;;;
26/11/2025;Pembelian 42 kg jagung manis;-;1131;420000;0;;; 45.009.500 ;
26/11/2025;Pembelian 42 kg jagung manis;-;2111;0;420000;;;; 45.009.500 
26/11/2025;Pembelian 60 kg jagung putren;-;1131;600000;0;;;;
26/11/2025;Pembelian 60 kg jagung putren;-;2111;0;600000;;; 15.992.140 ;
26/11/2025;Pembelian ATK;-;1141;155000;0;;;; 15.992.140 
26/11/2025;Pembelian ATK;-;1111;0;155000;;;;
26/11/2025;Pembelian BBM pengiriman;-;5171;150000;0;;; 4.917.500 ;
26/11/2025;Pembelian BBM pengiriman;-;1111;0;150000;;;; 4.917.500 
26/11/2025;Pembelian akomodasi makan pengiriman;-;5171;50000;0;;;;
26/11/2025;Pembelian akomodasi makan pengiriman;-;1111;0;50000;;; 12.900 ;
26/11/2025;Pembelian perlengkapan gudang;-;1141;72500;0;;;; 12.900 
26/11/2025;Pembelian perlengkapan gudang;-;5211;500;0;;;;
26/11/2025;Pembelian perlengkapan gudang;-;1111;0;73000;;; 14.800 ;
26/11/2025;Pembelian perlengkapan kebersihan;-;1141;70000;0;;;; 14.800 
26/11/2025;Pembelian perlengkapan kebersihan;-;1111;0;70000;;;;
26/11/2025;Pembelian persediaan ke SBS;-;1131;4999900;0;;; 111.120 ;
26/11/2025;Pembelian persediaan ke SBS;-;2111;0;4999900;;; 2.500 ;
26/11/2025;Pembelian rak penyimpanan gudang di shopee;-;1211;499750;0;;;; 113.620 
26/11/2025;Pembelian rak penyimpanan gudang di shopee;-;1111;0;499750;;;;
26/11/2025;Pengiriman SPPG Kutabanjarnegara (pemesanan 22/11);-;5111;16827510;0;;; 35.000 ;
26/11/2025;Pengiriman SPPG Kutabanjarnegara (pemesanan 22/11);-;1131;0;16827510;;;; 35.000 
26/11/2025;Pengiriman SPPG Kutabanjarnegara (pemesanan 22/11);-;1121;18577100;0;;;;
26/11/2025;Pengiriman SPPG Kutabanjarnegara (pemesanan 22/11);-;4111;0;18577100;;; 5.160.000 ;
26/11/2025;Pengiriman SPPG MBS Wanayasa (pemesanan 22/11);-;5111;27875350;0;;;; 5.160.000 
26/11/2025;Pengiriman SPPG MBS Wanayasa (pemesanan 22/11);-;1131;0;27875350;;;;
26/11/2025;Pengiriman SPPG MBS Wanayasa (pemesanan 22/11);-;1121;30578100;0;;; 26.500 ;
26/11/2025;Pengiriman SPPG MBS Wanayasa (pemesanan 22/11);-;4111;0;30578100;;;; 26.500 
26/11/2025;Pengiriman SPPG Merden (pemesanan 22/11);-;5111;15498700;0;;;;
26/11/2025;Pengiriman SPPG Merden (pemesanan 22/11);-;1131;0;15498700;;; 29.500 ;
26/11/2025;Pengiriman SPPG Merden (pemesanan 22/11);-;1121;17008600;0;;;; 29.500 
26/11/2025;Pengiriman SPPG Merden (pemesanan 22/11);-;4111;0;17008600;;;;
27/11/2025;Pelunasan piutang penjualan malkist ke Bu Tati MBS Wanayasa (penjualan 18/11);-;1112;621600;0;;; 349.455 ;
27/11/2025;Pelunasan piutang penjualan malkist ke Bu Tati MBS Wanayasa (penjualan 18/11);-;1121;0;621600;;;; 349.455 
27/11/2025;Pelunasan utang kekurangan nota revisi ke SBS (pembelian 23/11);-;2111;266700;0;;;;
27/11/2025;Pelunasan utang kekurangan nota revisi ke SBS (pembelian 23/11);-;1112;0;266700;;; 5.000.000 ;
27/11/2025;Pelunasan utang pembelian 100 karton minyak goreng ke Bu Lis (pembelian 8/11);-;2111;23280000;0;;; 6.950.000 ;
27/11/2025;Pelunasan utang pembelian 100 karton minyak goreng ke Bu Lis (pembelian 8/11);-;5221;2500;0;;; 2.500 ;
27/11/2025;Pelunasan utang pembelian 100 karton minyak goreng ke Bu Lis (pembelian 8/11);-;1112;0;23282500;;;; 11.952.500 
27/11/2025;Pelunasan utang pembelian 50 kg timun (pembelian 24/11);-;2111;500000;0;;;;
27/11/2025;Pelunasan utang pembelian 50 kg timun (pembelian 24/11);-;1112;0;500000;;; 6.950.000 ;
27/11/2025;Pelunasan utang pembelian telur tadus (pembelian 22/11);-;2111;5160000;0;;;; 6.950.000 
27/11/2025;Pelunasan utang pembelian telur tadus (pembelian 22/11);-;5221;2500;0;;;;
27/11/2025;Pelunasan utang pembelian telur tadus (pembelian 22/11);-;1112;0;5162500;;; 6.950.000 ;
27/11/2025;Pembelian 1000 kg beras SPPG Merden;-;1131;13500000;0;;;; 6.950.000 
27/11/2025;Pembelian 1000 kg beras SPPG Merden;-;2111;0;13500000;;;;
27/11/2025;Pembelian 110 kg ayam;-;1131;4950000;0;;; 42.909.700 ;
27/11/2025;Pembelian 110 kg ayam;-;2111;0;4950000;;; 10.000 ;
27/11/2025;Pembelian 2070 pcs tahu kuning;-;1131;1138500;0;;; 2.500 ;
27/11/2025;Pembelian 2070 pcs tahu kuning;-;2111;0;1138500;;;; 42.922.200 
27/11/2025;Pembelian 500 kg beras SPPG Susukan;-;1131;6750000;0;;;;
27/11/2025;Pembelian 500 kg beras SPPG Susukan;-;2111;0;6750000;;; 7.109.400 ;
27/11/2025;Pembelian 70 kg kelengkeng SPPG Kutabanjarnegara;-;1131;2695000;0;;;; 7.109.400 
27/11/2025;Pembelian 70 kg kelengkeng SPPG Kutabanjarnegara;-;2111;0;2695000;;;;
27/11/2025;Pembelian pallet di shopee;-;1211;504300;0;;; 5.160.000 ;
27/11/2025;Pembelian pallet di shopee;-;2111;0;504300;;; 2.500 ;
27/11/2025;Pengiriman 1000 kg beras SPPG Merden (pemesanan 27/11);-;5111;13500000;0;;;; 5.162.500 
27/11/2025;Pengiriman 1000 kg beras SPPG Merden (pemesanan 27/11);-;1131;0;13500000;;;;
27/11/2025;Pengiriman 1000 kg beras SPPG Merden (pemesanan 27/11);-;1121;15000000;0;;; 12.417.000 ;
27/11/2025;Pengiriman 1000 kg beras SPPG Merden (pemesanan 27/11);-;4111;0;15000000;;; 2.500 ;
27/11/2025;Pengiriman 500 kg beras SPPG Susukan (pemesanan 27/11);-;5111;6750000;0;;;; 12.419.500 
27/11/2025;Pengiriman 500 kg beras SPPG Susukan (pemesanan 27/11);-;1131;0;6750000;;;;
27/11/2025;Pengiriman 500 kg beras SPPG Susukan (pemesanan 27/11);-;1121;7500000;0;;; 910.000 ;
27/11/2025;Pengiriman 500 kg beras SPPG Susukan (pemesanan 27/11);-;4111;0;7500000;;;; 910.000 
27/11/2025;Pengiriman SPPG Kutabanjarnegara (pemesanan 22/11);-;5111;15181504;0;;;;
27/11/2025;Pengiriman SPPG Kutabanjarnegara (pemesanan 22/11);-;1131;0;15181504;;; 28.000 ;
27/11/2025;Pengiriman SPPG Kutabanjarnegara (pemesanan 22/11);-;1121;16686700;0;;;; 28.000 
27/11/2025;Pengiriman SPPG Kutabanjarnegara (pemesanan 22/11);-;4111;0;16686700;;;;
29/11/2025;Extra 2 karton (12 pcs) pembelian minyak sania 2 L;-;1131;466800;0;;; 31.500 ;
29/11/2025;Extra 2 karton (12 pcs) pembelian minyak sania 2 L;-;6111;0;466800;;;; 31.500 
29/11/2025;Kas keluar piutang ke SPPG pembuatan prasasti dapur Muhammadiyah;-;1124;1350000;0;;;;
29/11/2025;Kas keluar piutang ke SPPG pembuatan prasasti dapur Muhammadiyah;-;5221;2500;0;;; 14.935.383 ;
29/11/2025;Kas keluar piutang ke SPPG pembuatan prasasti dapur Muhammadiyah;-;1112;0;1352500;;;; 14.935.383 
29/11/2025;Pelunasan piutang SPPG Susukan (pengiriman 23/11);-;1112;11880400;0;;;;
29/11/2025;Pelunasan piutang SPPG Susukan (pengiriman 23/11);-;1121;0;11880400;;; 16.377.500 ;
29/11/2025;Pelunasan piutang SPPG Susukan (pengiriman 24/11 dan 25/11);-;1112;6125000;0;;;; 16.377.500 
29/11/2025;Pelunasan piutang SPPG Susukan (pengiriman 24/11 dan 25/11);-;1121;0;6125000;;;;
29/11/2025;Pelunasan piutang SPPG Susukan (pengiriman 27/11);-;1112;7500000;0;;; 150.000 ;
29/11/2025;Pelunasan piutang SPPG Susukan (pengiriman 27/11);-;1121;0;7500000;;;; 150.000 
29/11/2025;Pembelian 100 karton (600 pcs) minyak goreng sania 2 L;-;1131;23340000;0;;;;
29/11/2025;Pembelian 100 karton (600 pcs) minyak goreng sania 2 L;-;2111;0;23340000;;; 4.954.000 ;
29/11/2025;Pembelian 100 karton susu ultramilk full cream;-;1131;12200000;0;;;; 4.954.000 
29/11/2025;Pembelian 100 karton susu ultramilk full cream;-;2111;0;12200000;;;;
29/11/2025;Pembelian 90 kg kacang polong;-;1131;4680000;0;;; 5.976.000 ;
29/11/2025;Pembelian 90 kg kacang polong;-;2111;0;4680000;;;; 5.976.000 
30/11/2025;6,7 kg persediaan bawang merah busuk;-;5311;246895;0;;;;
30/11/2025;6,7 kg persediaan bawang merah busuk;-;1131;0;246895;;; 3.104.500 ;
30/11/2025;Gaji Mas Dandi bulan November;-;5121;2370475;0;;;; 3.104.500 
30/11/2025;Gaji Mas Dandi bulan November;-;2121;0;2370475;;;;
30/11/2025;Gaji Mas Denny bulan November;-;5121;2000000;0;;; 1.350.000 ;
30/11/2025;Gaji Mas Denny bulan November;-;2121;0;2000000;;;; 1.350.000 
30/11/2025;Gaji Mba Ruhma bulan November;-;5121;2120035;0;;;;
30/11/2025;Gaji Mba Ruhma bulan November;-;2121;0;2120035;;; 9.406.801 ;
30/11/2025;Gaji Pak Anwar bulan November;-;5121;2000000;0;;;; 9.406.801 
30/11/2025;Gaji Pak Anwar bulan November;-;2121;0;2000000;;;;
30/11/2025;Gaji Pak Galih bulan November;-;5121;2000000;0;;; 10.640.700 ;
30/11/2025;Gaji Pak Galih bulan November;-;2121;0;2000000;;;; 10.640.700 
30/11/2025;Kas bon pembelian BBM pengiriman;-;1123;150000;0;;;;
30/11/2025;Kas bon pembelian BBM pengiriman;-;1111;0;150000;;; 10.339.046 ;
30/11/2025;Kas masuk untuk pembelian BBM;-;1111;150000;0;;;; 10.339.046 
30/11/2025;Kas masuk untuk pembelian BBM;-;2141;0;150000;;;;
30/11/2025;Pelunasan kas bon pembelian BBM pengiriman;-;1111;150000;0;;; 11.880.400 ;
30/11/2025;Pelunasan kas bon pembelian BBM pengiriman;-;1123;0;150000;;;; 11.880.400 
30/11/2025;Pelunasan utang pembelian 100 kg beras SPPG Susukan (pembelian 23/11);-;2111;1350000;0;;;;
30/11/2025;Pelunasan utang pembelian 100 kg beras SPPG Susukan (pembelian 23/11);-;1112;0;1350000;;; 5.893.500 ;
30/11/2025;Pelunasan utang pembelian 150 kg beras SPPG Susukan (pembelian 25/11);-;2111;2025000;0;;;; 5.893.500 
30/11/2025;Pelunasan utang pembelian 150 kg beras SPPG Susukan (pembelian 25/11);-;1112;0;2025000;;;;
30/11/2025;Pelunasan utang pembelian ayam (pembelian 24/11, 25/11, 26/11, 27/11);-;2111;16394500;0;;; 6.455.500 ;
30/11/2025;Pelunasan utang pembelian ayam (pembelian 24/11, 25/11, 26/11, 27/11);-;5221;2500;0;;;; 6.455.500 
30/11/2025;Pelunasan utang pembelian ayam (pembelian 24/11, 25/11, 26/11, 27/11);-;1112;0;16397000;;;;
30/11/2025;Pelunasan utang pembelian peralatan laptop, printer, mouse, dan pembelian BBM;-;2111;4635000;0;;; 75.000 ;
30/11/2025;Pelunasan utang pembelian peralatan laptop, printer, mouse, dan pembelian BBM;-;2141;100000;0;;;; 75.000 
30/11/2025;Pelunasan utang pembelian peralatan laptop, printer, mouse, dan pembelian BBM;-;5221;2500;0;;;;
30/11/2025;Pelunasan utang pembelian peralatan laptop, printer, mouse, dan pembelian BBM;-;1112;0;4737500;;; 4.320.000 ;
30/11/2025;Pembelian 175 kg ayam;-;1131;5950000;0;;;; 4.320.000 
30/11/2025;Pembelian 175 kg ayam;-;2111;0;5950000;;;;
30/11/2025;Pembelian 200 kg telur tadus;-;1131;5140000;0;;; 3.000.000 ;
30/11/2025;Pembelian 200 kg telur tadus;-;2111;0;5140000;;;; 3.000.000 
30/11/2025;Pembelian 2100 pcs tahu kulit;-;1131;1260000;0;;;;
30/11/2025;Pembelian 2100 pcs tahu kulit;-;2111;0;1260000;;; 500.000 ;
30/11/2025;Pembelian 70 kg labu siam, 50 kg wortel, dan 2,5 kg bawang bombai;-;1131;1285000;0;;;; 500.000 
30/11/2025;Pembelian 70 kg labu siam, 50 kg wortel, dan 2,5 kg bawang bombai;-;2111;0;1285000;;;;
30/11/2025;Pembelian BBM pengiriman;-;5171;150000;0;;; 1.138.500 ;
30/11/2025;Pembelian BBM pengiriman;-;1111;0;150000;;;; 1.138.500 
30/11/2025;Pembelian akomodasi makan pengiriman uang Pak Sodik;-;5171;25000;0;;;;
30/11/2025;Pembelian akomodasi makan pengiriman uang Pak Sodik;-;2141;0;25000;;; 5.425.000 ;
30/11/2025;Pembelian persediaan SPPG Kutabanjarnegara;-;1131;2300000;0;;;; 5.425.000 
30/11/2025;Pembelian persediaan SPPG Kutabanjarnegara;-;2111;0;2300000;;;;
30/11/2025;Pembelian persediaan SPPG Susukan;-;1131;11058000;0;;; 484.800 ;
30/11/2025;Pembelian persediaan SPPG Susukan;-;2111;0;11058000;;;; 484.800 
30/11/2025;Pembelian persediaan ke SBS;-;1131;15387632;0;;;;
30/11/2025;Pembelian persediaan ke SBS;-;2111;0;15387632;;; 6.370.000 ;
30/11/2025;Pengiriman SPPG Kutabanjarnegara (pemesanan 29/11);-;5111;13785196;0;;;; 6.370.000 
30/11/2025;Pengiriman SPPG Kutabanjarnegara (pemesanan 29/11);-;1131;0;13785196;;;;
30/11/2025;Pengiriman SPPG Kutabanjarnegara (pemesanan 29/11);-;1121;15418500;0;;; 4.122.500 ;
30/11/2025;Pengiriman SPPG Kutabanjarnegara (pemesanan 29/11);-;4111;0;15418500;;;; 4.122.500 
30/11/2025;Pengiriman SPPG MBS Wanayasa (pemesanan 28/11);-;5111;11987770;0;;;;
30/11/2025;Pengiriman SPPG MBS Wanayasa (pemesanan 28/11);-;1131;0;11987770;;; 4.471.000 ;
30/11/2025;Pengiriman SPPG MBS Wanayasa (pemesanan 28/11);-;1121;13226000;0;;;; 4.471.000 
30/11/2025;Pengiriman SPPG MBS Wanayasa (pemesanan 28/11);-;4111;0;13226000;;;;
30/11/2025;Pengiriman SPPG Merden pemesanan 29/11);-;5111;9018352;0;;; 8.355.900 ;
30/11/2025;Pengiriman SPPG Merden pemesanan 29/11);-;1131;0;9018352;;;; 8.355.900 
30/11/2025;Pengiriman SPPG Merden pemesanan 29/11);-;1121;10645750;0;;;;
30/11/2025;Pengiriman SPPG Merden pemesanan 29/11);-;4111;0;10645750;;; 9.429.600 ;
30/11/2025;Pengiriman SPPG Susukan (pemesanan 29/11);-;5111;4876450;0;;;; 9.429.600 
30/11/2025;Pengiriman SPPG Susukan (pemesanan 29/11);-;1131;0;4876450;;;;
30/11/2025;Pengiriman SPPG Susukan (pemesanan 29/11);-;1121;5847500;0;;; 27.143.917 ;
30/11/2025;Pengiriman SPPG Susukan (pemesanan 29/11);-;4111;0;5847500;;;; 27.143.917 
30/11/2025;Sewa gudang bulan November;-;5131;3000000;0;;;;
30/11/2025;Sewa gudang bulan November;-;2131;0;3000000;;; 30.132.400 ;
30/11/2025;Sewa mobil L300 bulan November;-;5131;6000000;0;;;; 30.132.400 
30/11/2025;Sewa mobil L300 bulan November;-;2131;0;6000000;;;;
30/11/2025;Sewa mobil grandmax bulan November;-;5131;4000000;0;;; 3.000.000 ;
30/11/2025;Sewa mobil grandmax bulan November;-;2131;0;4000000;;;; 3.000.000 
;;;; Rp2.232.095.264 ; Rp2.232.095.264 ;;;;
;;;;;;;; 3.875.000 ;
;;;;;;;;; 3.875.000 
;;;;;;;;;
;;;;;;;; 525.000 ;
;;;;;;;;; 525.000 
;;;;;;;;;
;;;;;;;; 10.000 ;
;;;;;;;;; 10.000 
;;;;;;;;;
;;;;;;;; 25.000 ;
;;;;;;;;; 25.000 
;;;;;;;;;
;;;;;;;; 75.000 ;
;;;;;;;;; 75.000 
;;;;;;;;;
;;;;;;;; 9.275.000 ;
;;;;;;;;; 9.275.000 
;;;;;;;;;
;;;;;;;; 9.275.000 ;
;;;;;;;; 2.500 ;
;;;;;;;;; 9.277.500 
;;;;;;;;;
;;;;;;;; 3.550.000 ;
;;;;;;;; 2.500 ;
;;;;;;;;; 3.552.500 
;;;;;;;;;
;;;;;;;; 3.550.000 ;
;;;;;;;;; 3.550.000 
;;;;;;;;;
;;;;;;;; 3.550.000 ;
;;;;;;;;; 3.550.000 
;;;;;;;;;
;;;;;;;; 100.000 ;
;;;;;;;;; 100.000 
;;;;;;;;;
;;;;;;;; 100.000 ;
;;;;;;;;; 100.000 
;;;;;;;;;
;;;;;;;; 10.000.000 ;
;;;;;;;; 2.500 ;
;;;;;;;;; 10.002.500 
;;;;;;;;;
;;;;;;;; 406.000 ;
;;;;;;;;; 406.000 
;;;;;;;;;
;;;;;;;; 1.242.000 ;
;;;;;;;;; 1.242.000 
;;;;;;;;;
;;;;;;;; 5.425.000 ;
;;;;;;;;; 5.425.000 
;;;;;;;;;
;;;;;;;; 1.138.500 ;
;;;;;;;;; 1.138.000 
;;;;;;;;; 500 
;;;;;;;;;
;;;;;;;; 100.000 ;
;;;;;;;;; 100.000 
;;;;;;;;;
;;;;;;;; 20.000 ;
;;;;;;;;; 20.000 
;;;;;;;;;
;;;;;;;; 50.000 ;
;;;;;;;;; 50.000 
;;;;;;;;;
;;;;;;;; 100.000 ;
;;;;;;;;; 100.000 
;;;;;;;;;
;;;;;;;; 100.000 ;
;;;;;;;;; 100.000 
;;;;;;;;;
;;;;;;;; 30.000 ;
;;;;;;;;; 30.000 
;;;;;;;;;
;;;;;;;; 87.000 ;
;;;;;;;;; 87.000 
;;;;;;;;;
;;;;;;;; 2.025.000 ;
;;;;;;;;; 2.025.000 
;;;;;;;;;
;;;;;;;; 3.750.000 ;
;;;;;;;;; 3.750.000 
;;;;;;;;;
;;;;;;;; 6.370.000 ;
;;;;;;;;; 6.370.000 
;;;;;;;;;
;;;;;;;; 34.500 ;
;;;;;;;;; 34.500 
;;;;;;;;;
;;;;;;;; 19.003.850 ;
;;;;;;;;; 19.003.850 
;;;;;;;;;
;;;;;;;; 21.622.100 ;
;;;;;;;;; 21.622.100 
;;;;;;;;;
;;;;;;;; 6.011.900 ;
;;;;;;;;; 6.011.900 
;;;;;;;;;
;;;;;;;; 6.619.500 ;
;;;;;;;;; 6.619.500 
;;;;;;;;;
;;;;;;;; 2.025.000 ;
;;;;;;;;; 2.025.000 
;;;;;;;;;
;;;;;;;; 2.250.000 ;
;;;;;;;;; 2.250.000 
;;;;;;;;;
;;;;;;;; 14.668.683 ;
;;;;;;;;; 14.668.683 
;;;;;;;;;
;;;;;;;; 1.380.000 ;
;;;;;;;; 2.500 ;
;;;;;;;;; 1.382.500 
;;;;;;;;;
;;;;;;;; 18.837.700 ;
;;;;;;;;; 18.837.700 
;;;;;;;;;
;;;;;;;; 16.377.500 ;
;;;;;;;; 2.500 ;
;;;;;;;;; 16.380.000 
;;;;;;;;;
;;;;;;;; 150.000 ;
;;;;;;;; 2.500 ;
;;;;;;;;; 152.500 
;;;;;;;;;
;;;;;;;; 24.000 ;
;;;;;;;;; 24.000 
;;;;;;;;;
;;;;;;;; 499.750 ;
;;;;;;;;; 499.750 
;;;;;;;;;
;;;;;;;; 155.000 ;
;;;;;;;;; 155.000 
;;;;;;;;;
;;;;;;;; 72.500 ;
;;;;;;;; 500 ;
;;;;;;;;; 73.000 
;;;;;;;;;
;;;;;;;; 70.000 ;
;;;;;;;;; 70.000 
;;;;;;;;;
;;;;;;;; 2.000 ;
;;;;;;;;; 2.000 
;;;;;;;;;
;;;;;;;; 4.999.900 ;
;;;;;;;;; 4.999.900 
;;;;;;;;;
;;;;;;;; 5.100.000 ;
;;;;;;;;; 5.100.000 
;;;;;;;;;
;;;;;;;; 290.000 ;
;;;;;;;;; 290.000 
;;;;;;;;;
;;;;;;;; 720.000 ;
;;;;;;;;; 720.000 
;;;;;;;;;
;;;;;;;; 2.712.500 ;
;;;;;;;;; 2.712.500 
;;;;;;;;;
;;;;;;;; 4.875.000 ;
;;;;;;;;; 4.875.000 
;;;;;;;;;
;;;;;;;; 2.174.000 ;
;;;;;;;;; 2.174.000 
;;;;;;;;;
;;;;;;;; 8.060.000 ;
;;;;;;;;; 8.060.000 
;;;;;;;;;
;;;;;;;; 4.340.000 ;
;;;;;;;;; 4.340.000 
;;;;;;;;;
;;;;;;;; 420.000 ;
;;;;;;;;; 420.000 
;;;;;;;;;
;;;;;;;; 437.500 ;
;;;;;;;;; 437.500 
;;;;;;;;;
;;;;;;;; 600.000 ;
;;;;;;;;; 600.000 
;;;;;;;;;
;;;;;;;; 400.000 ;
;;;;;;;;; 400.000 
;;;;;;;;;
;;;;;;;; 5.040.000 ;
;;;;;;;;; 5.040.000 
;;;;;;;;;
;;;;;;;; 16.827.510 ;
;;;;;;;;; 16.827.510 
;;;;;;;;;
;;;;;;;; 18.577.100 ;
;;;;;;;;; 18.577.100 
;;;;;;;;;
;;;;;;;; 27.875.350 ;
;;;;;;;;; 27.875.350 
;;;;;;;;;
;;;;;;;; 30.578.100 ;
;;;;;;;;; 30.578.100 
;;;;;;;;;
;;;;;;;; 15.498.700 ;
;;;;;;;;; 15.498.700 
;;;;;;;;;
;;;;;;;; 17.008.600 ;
;;;;;;;;; 17.008.600 
;;;;;;;;;
;;;;;;;; 200.000 ;
;;;;;;;;; 200.000 
;;;;;;;;;
;;;;;;;; 200.000 ;
;;;;;;;;; 200.000 
;;;;;;;;;
;;;;;;;; 150.000 ;
;;;;;;;;; 150.000 
;;;;;;;;;
;;;;;;;; 50.000 ;
;;;;;;;;; 50.000 
;;;;;;;;;
;;;;;;;; 1.138.500 ;
;;;;;;;;; 1.138.500 
;;;;;;;;;
;;;;;;;; 500.000 ;
;;;;;;;;; 500.000 
;;;;;;;;;
;;;;;;;; 23.280.000 ;
;;;;;;;; 2.500 ;
;;;;;;;;; 23.282.500 
;;;;;;;;;
;;;;;;;; 621.600 ;
;;;;;;;;; 621.600 
;;;;;;;;;
;;;;;;;; 5.160.000 ;
;;;;;;;; 2.500 ;
;;;;;;;;; 5.162.500 
;;;;;;;;;
;;;;;;;; 266.700 ;
;;;;;;;;; 266.700 
;;;;;;;;;
;;;;;;;; 4.950.000 ;
;;;;;;;;; 4.950.000 
;;;;;;;;;
;;;;;;;; 2.695.000 ;
;;;;;;;;; 2.695.000 
;;;;;;;;;
;;;;;;;; 15.181.504 ;
;;;;;;;;; 15.181.504 
;;;;;;;;;
;;;;;;;; 16.686.700 ;
;;;;;;;;; 16.686.700 
;;;;;;;;;
;;;;;;;; 504.300 ;
;;;;;;;;; 504.300 
;;;;;;;;;
;;;;;;;; 6.750.000 ;
;;;;;;;;; 6.750.000 
;;;;;;;;;
;;;;;;;; 6.750.000 ;
;;;;;;;;; 6.750.000 
;;;;;;;;;
;;;;;;;; 7.500.000 ;
;;;;;;;;; 7.500.000 
;;;;;;;;;
;;;;;;;; 13.500.000 ;
;;;;;;;;; 13.500.000 
;;;;;;;;;
;;;;;;;; 13.500.000 ;
;;;;;;;;; 13.500.000 
;;;;;;;;;
;;;;;;;; 15.000.000 ;
;;;;;;;;; 15.000.000 
;;;;;;;;;
;;;;;;;; 1.350.000 ;
;;;;;;;; 2.500 ;
;;;;;;;;; 1.352.500 
;;;;;;;;;
;;;;;;;; 12.200.000 ;
;;;;;;;;; 12.200.000 
;;;;;;;;;
;;;;;;;; 23.340.000 ;
;;;;;;;;; 23.340.000 
;;;;;;;;;
;;;;;;;; 466.800 ;
;;;;;;;;; 466.800 
;;;;;;;;;
;;;;;;;; 4.680.000 ;
;;;;;;;;; 4.680.000 
;;;;;;;;;
;;;;;;;; 11.880.400 ;
;;;;;;;;; 11.880.400 
;;;;;;;;;
;;;;;;;; 6.125.000 ;
;;;;;;;;; 6.125.000 
;;;;;;;;;
;;;;;;;; 7.500.000 ;
;;;;;;;;; 7.500.000 
;;;;;;;;;
;;;;;;;; 4.635.000 ;
;;;;;;;; 100.000 ;
;;;;;;;; 2.500 ;
;;;;;;;;; 4.737.500 
;;;;;;;;;
;;;;;;;; 5.140.000 ;
;;;;;;;;; 5.140.000 
;;;;;;;;;
;;;;;;;; 15.387.632 ;
;;;;;;;;; 15.387.632 
;;;;;;;;;
;;;;;;;; 1.260.000 ;
;;;;;;;;; 1.260.000 
;;;;;;;;;
;;;;;;;; 5.950.000 ;
;;;;;;;;; 5.950.000 
;;;;;;;;;
;;;;;;;; 1.285.000 ;
;;;;;;;;; 1.285.000 
;;;;;;;;;
;;;;;;;; 11.058.000 ;
;;;;;;;;; 11.058.000 
;;;;;;;;;
;;;;;;;; 2.300.000 ;
;;;;;;;;; 2.300.000 
;;;;;;;;;
;;;;;;;; 11.987.770 ;
;;;;;;;;; 11.987.770 
;;;;;;;;;
;;;;;;;; 13.226.000 ;
;;;;;;;;; 13.226.000 
;;;;;;;;;
;;;;;;;; 13.785.196 ;
;;;;;;;;; 13.785.196 
;;;;;;;;;
;;;;;;;; 15.418.500 ;
;;;;;;;;; 15.418.500 
;;;;;;;;;
;;;;;;;; 9.018.352 ;
;;;;;;;;; 9.018.352 
;;;;;;;;;
;;;;;;;; 10.645.750 ;
;;;;;;;;; 10.645.750 
;;;;;;;;;
;;;;;;;; 4.876.450 ;
;;;;;;;;; 4.876.450 
;;;;;;;;;
;;;;;;;; 5.847.500 ;
;;;;;;;;; 5.847.500 
;;;;;;;;;
;;;;;;;; 150.000 ;
;;;;;;;;; 150.000 
;;;;;;;;;
;;;;;;;; 150.000 ;
;;;;;;;;; 150.000 
;;;;;;;;;
;;;;;;;; 150.000 ;
;;;;;;;;; 150.000 
;;;;;;;;;
;;;;;;;; 150.000 ;
;;;;;;;;; 150.000 
;;;;;;;;;
;;;;;;;; 25.000 ;
;;;;;;;;; 25.000 
;;;;;;;;;
;;;;;;;; 1.350.000 ;
;;;;;;;;; 1.350.000 
;;;;;;;;;
;;;;;;;; 2.025.000 ;
;;;;;;;;; 2.025.000 
;;;;;;;;;
;;;;;;;; 16.394.500 ;
;;;;;;;; 2.500 ;
;;;;;;;;; 16.397.000 
;;;;;;;;;
;;;;;;;; 246.895 ;
;;;;;;;;; 246.895 
;;;;;;;;;
;;;;;;;; 2.370.475 ;
;;;;;;;;; 2.370.475 
;;;;;;;;;
;;;;;;;; 2.120.035 ;
;;;;;;;;; 2.120.035 
;;;;;;;;;
;;;;;;;; 6.000.000 ;
;;;;;;;;; 6.000.000 
;;;;;;;;;
;;;;;;;; 2.000.000 ;
;;;;;;;;; 2.000.000 
;;;;;;;;;
;;;;;;;; 2.000.000 ;
;;;;;;;;; 2.000.000 
;;;;;;;;;
;;;;;;;; 2.000.000 ;
;;;;;;;;; 2.000.000 
;;;;;;;;;
;;;;;;;; 4.000.000 ;
;;;;;;;;; 4.000.000 
;;;;;;;;;
;;;;;;;; 3.000.000 ;
;;;;;;;;; 3.000.000 
;;;;;;;; 2.232.095.266 ; 2.232.095.266 
