;01/12/2025;Pembelian 200 kg semangka SPPG MBS Wanayasa ke Bu Lis;-;1131;1860000;0
;01/12/2025;Pembelian 200 kg semangka SPPG MBS Wanayasa ke Bu Lis;-;2111;0;1860000
;01/12/2025;Pembelian 80 kg kelengkeng SPPG Kutabanjarnegara ke Bu Lis;-;1131;3080000;0
;01/12/2025;Pembelian 80 kg kelengkeng SPPG Kutabanjarnegara ke Bu Lis;-;2111;0;3080000
;01/12/2025;Pembelian persediaan ke SBS (invoice 3/12);-;1131;1993025;0
;01/12/2025;Pembelian persediaan ke SBS (invoice 3/12);-;2111;0;1993025
;01/12/2025;Pelunasan piutang penjualan 50 kg beras dan 24 kg semangka (penjualan 17/11);-;1111;941000;0
;01/12/2025;Pelunasan piutang penjualan 50 kg beras dan 24 kg semangka (penjualan 17/11);-;1121;0;941000
;01/12/2025;Pembelian 200 pcs tempe;-;1131;480000;0
;01/12/2025;Pembelian 200 pcs tempe;-;1111;0;480000
;01/12/2025;Pembelian 100 pcs tempe;-;1131;240000;0
;01/12/2025;Pembelian 100 pcs tempe;-;1111;0;240000
;01/12/2025;Pembelian 25 kg selada ke Berkah Saputra;-;1131;850000;0
;01/12/2025;Pembelian 25 kg selada ke Berkah Saputra;-;2111;0;850000
;01/12/2025;Pembelian 175 kg ayam ke Restu Jaya;-;1131;5950000;0
;01/12/2025;Pembelian 175 kg ayam ke Restu Jaya;-;2111;0;5950000
;01/12/2025;Pengiriman SPPG Merden (pemesanan 29/11);-;5111;6602800;0
;01/12/2025;Pengiriman SPPG Merden (pemesanan 29/11);-;1131;0;6602800
;01/12/2025;Pengiriman SPPG Merden (pemesanan 29/11);-;1121;7645000;0
;01/12/2025;Pengiriman SPPG Merden (pemesanan 29/11);-;4111;0;7645000
;01/12/2025;Pengiriman SPPG Kutabanjarnegara (pemesanan 29/11);-;5111;14313802;0
;01/12/2025;Pengiriman SPPG Kutabanjarnegara (pemesanan 29/11);-;1131;0;14313802
;01/12/2025;Pengiriman SPPG Kutabanjarnegara (pemesanan 29/11);-;1121;16052000;0
;01/12/2025;Pengiriman SPPG Kutabanjarnegara (pemesanan 29/11);-;4111;0;16052000
;01/12/2025;Pelunasan utang kas masuk untuk pembelian BBM (transaksi 30/11);-;2141;150000;0
;01/12/2025;Pelunasan utang kas masuk untuk pembelian BBM (transaksi 30/11);-;1111;0;150000
;01/12/2025;Pelunasan utang kas masuk untuk akomodasi makan pengiriman (transaksi 30/11);-;2141;25000;0
;01/12/2025;Pelunasan utang kas masuk untuk akomodasi makan pengiriman (transaksi 30/11);-;1111;0;25000
;01/12/2025;Pelunasan utang pembelian tahu dan tomat (pembelian 25/11, 27/11, dan 30/11);-;2111;4046500;0
;01/12/2025;Pelunasan utang pembelian tahu dan tomat (pembelian 25/11, 27/11, dan 30/11);-;5221;2500;0
;01/12/2025;Pelunasan utang pembelian tahu dan tomat (pembelian 25/11, 27/11, dan 30/11);-;1112;0;4048500
;01/12/2025;Pelunasan utang pembelian tahu dan tomat (pembelian 25/11, 27/11, dan 30/11);-;6111;0;500
;01/12/2025;Pelunasan piutang SPP Kutabanjarnegara (pengiriman 24/11, 25/11, 26/11, dan 27/11);-;1112;78376000;0
;01/12/2025;Pelunasan piutang SPP Kutabanjarnegara (pengiriman 24/11, 25/11, 26/11, dan 27/11);-;1121;0;78376000
;01/12/2025;Reimburse pembelian pallet ke BSI Pak Galih (pembelian 27/11);-;2111;504300;0
;01/12/2025;Reimburse pembelian pallet ke BSI Pak Galih (pembelian 27/11);-;5221;2500;0
;01/12/2025;Reimburse pembelian pallet ke BSI Pak Galih (pembelian 27/11);-;1112;0;506800
;01/12/2025;Kas bon pembelian BBM;-;1122;150000;0
;01/12/2025;Kas bon pembelian BBM;-;1111;0;150000
;01/12/2025;Pelunasan kas bon pembelian BBM;-;1111;150000;0
;01/12/2025;Pelunasan kas bon pembelian BBM;-;1122;0;150000
;01/12/2025;Pembelian BBM;-;5172;150000;0
;01/12/2025;Pembelian BBM;-;1111;0;150000
;01/12/2025;Pembelian 400 kg beras ke Bu Lis;-;1131;5560000;0
;01/12/2025;Pembelian 400 kg beras ke Bu Lis;-;2111;0;5560000
;01/12/2025;Pelunasan piutang SPPG MBS Wanayasa (pengiriman 23/11);-;1112;6455500;0
;01/12/2025;Pelunasan piutang SPPG MBS Wanayasa (pengiriman 23/11);-;1121;0;6455500
;01/12/2025;Pelunasan piutang SPPG MBS Wanayasa (pengiriman 24/11);-;1112;4471000;0
;01/12/2025;Pelunasan piutang SPPG MBS Wanayasa (pengiriman 24/11);-;1121;0;4471000
;01/12/2025;Pelunasan piutang SPPG MBS Wanayasa (pengiriman 26/11);-;1112;30578100;0
;01/12/2025;Pelunasan piutang SPPG MBS Wanayasa (pengiriman 26/11);-;1121;0;30578100
;01/12/2025;Pelunasan utang pembelian persediaan ke SBS (pembelian 24/11 dan 26/11);-;2111;5484700;0
;01/12/2025;Pelunasan utang pembelian persediaan ke SBS (pembelian 24/11 dan 26/11);-;1112;0;5484700
;01/12/2025;Pelunasan utang pembelian sayur ke Berkah Saputra (pembelian 24/11 - 27/11);-;2111;1857500;0
;01/12/2025;Pelunasan utang pembelian sayur ke Berkah Saputra (pembelian 24/11 - 27/11);-;1112;0;1857500
;01/12/2025;Pelunasan utang pembelian kacang polong ke Sarah Matari (pembelian 29/11);-;2111;4680000;0
;01/12/2025;Pelunasan utang pembelian kacang polong ke Sarah Matari (pembelian 29/11);-;5221;2500;0
;01/12/2025;Pelunasan utang pembelian kacang polong ke Sarah Matari (pembelian 29/11);-;1112;0;4682500
;01/12/2025;Pembelian 300 kg mix vegetable dan 95 kg galantin ke Sarah Matari;-;1131;14907500;0
;01/12/2025;Pembelian 300 kg mix vegetable dan 95 kg galantin ke Sarah Matari;-;2111;0;14907500
;02/12/2025;Pembelian 2 pcs tissue;-;1141;15000;0
;02/12/2025;Pembelian 2 pcs tissue;-;1111;0;15000
;02/12/2025;Pembelian tempat penyimpanan sendok;-;1141;29500;0
;02/12/2025;Pembelian tempat penyimpanan sendok;-;1111;0;29500
;02/12/2025;Parkir di Topaz;-;5191;2000;0
;02/12/2025;Parkir di Topaz;-;1111;0;2000
;02/12/2025;1,5 kg telur pecah;-;5311;38250;0
;02/12/2025;1,5 kg telur pecah;-;1131;0;38250
;02/12/2025;Pelunasan piutang edamame SPPG Merden (pengiriman 24/11);-;1112;2960000;0
;02/12/2025;Pelunasan piutang edamame SPPG Merden (pengiriman 24/11);-;1121;0;2960000
;02/12/2025;Pelunasan utang pembelian 2500 kg beras ke Bu Lis (pembelian 8/11);-;2111;35000000;0
;02/12/2025;Pelunasan utang pembelian 2500 kg beras ke Bu Lis (pembelian 8/11);-;5221;2500;0
;02/12/2025;Pelunasan utang pembelian 2500 kg beras ke Bu Lis (pembelian 8/11);-;1112;0;35002500
;02/12/2025;Pelunasan utang pembelian 200 kg telur tadus (pembelian 26/11);-;2111;5100000;0
;02/12/2025;Pelunasan utang pembelian 200 kg telur tadus (pembelian 26/11);-;5221;2500;0
;02/12/2025;Pelunasan utang pembelian 200 kg telur tadus (pembelian 26/11);-;1112;0;5102500
;02/12/2025;Pembelian 199 kg melon ke Pak Pur;-;1131;2686500;0
;02/12/2025;Pembelian 199 kg melon ke Pak Pur;-;2111;0;2686500
;02/12/2025;Pembelian persediaan ke SBS (invoice 3/12);-;1131;2679500;0
;02/12/2025;Pembelian persediaan ke SBS (invoice 3/12);-;2111;0;2679500
;02/12/2025;Pembelian 150 kg jeruk medan SPPG Kutabanjarnegara ke Bu Lis;-;1131;3450000;0
;02/12/2025;Pembelian 150 kg jeruk medan SPPG Kutabanjarnegara ke Bu Lis;-;2111;0;3450000
;02/12/2025;Pembelian 1000 pcs tahu bakso ke Bu Fitri;-;1131;1750000;0
;02/12/2025;Pembelian 1000 pcs tahu bakso ke Bu Fitri;-;2111;0;1750000
;02/12/2025;Pembelian 1060 pcs tahu bakso ke Ummana Food;-;1131;1855000;0
;02/12/2025;Pembelian 1060 pcs tahu bakso ke Ummana Food;-;2111;0;1855000
;02/12/2025;Pengiriman SPPG MBS Wanayasa (pemesanan 28/11);-;5111;14689100;0
;02/12/2025;Pengiriman SPPG MBS Wanayasa (pemesanan 28/11);-;1131;0;14689100
;02/12/2025;Pengiriman SPPG MBS Wanayasa (pemesanan 28/11);-;1121;18020500;0
;02/12/2025;Pengiriman SPPG MBS Wanayasa (pemesanan 28/11);-;4111;0;18020500
;02/12/2025;Pengiriman SPPG Merden (pemesanan 29/11);-;5111;6697500;0
;02/12/2025;Pengiriman SPPG Merden (pemesanan 29/11);-;1131;0;6697500
;02/12/2025;Pengiriman SPPG Merden (pemesanan 29/11);-;1121;7653500;0
;02/12/2025;Pengiriman SPPG Merden (pemesanan 29/11);-;4111;0;7653500
;02/12/2025;Pengiriman SPPG Susukan (pemesanan 29/11);-;5111;11058000;0
;02/12/2025;Pengiriman SPPG Susukan (pemesanan 29/11);-;1131;0;11058000
;02/12/2025;Pengiriman SPPG Susukan (pemesanan 29/11);-;1121;12028000;0
;02/12/2025;Pengiriman SPPG Susukan (pemesanan 29/11);-;4111;0;12028000
;02/12/2025;Pengiriman SPPG Kutabanjarnegara (pemesanan 29/11);-;5111;16723403;0
;02/12/2025;Pengiriman SPPG Kutabanjarnegara (pemesanan 29/11);-;1131;0;16723403
;02/12/2025;Pengiriman SPPG Kutabanjarnegara (pemesanan 29/11);-;1121;19100000;0
;02/12/2025;Pengiriman SPPG Kutabanjarnegara (pemesanan 29/11);-;4111;0;19100000
;02/12/2025;Pembelian perlengkapan listrik;-;1141;532500;0
;02/12/2025;Pembelian perlengkapan listrik;-;1111;0;532500
;02/12/2025;Pembelian galon isi ulang;-;5171;8000;0
;02/12/2025;Pembelian galon isi ulang;-;1111;0;8000
;02/12/2025;Pelunasan utang pembelian persediaan ke Bu Lis (pembelian 17/11 - 23/11);-;2111;44914100;0
;02/12/2025;Pelunasan utang pembelian persediaan ke Bu Lis (pembelian 17/11 - 23/11);-;1112;0;44914100
;02/12/2025;Pembayaran gaji bulan November ke Mas Dandi;-;2121;2370475;0
;02/12/2025;Pembayaran gaji bulan November ke Mas Dandi;-;5221;2500;0
;02/12/2025;Pembayaran gaji bulan November ke Mas Dandi;-;1112;0;2372975
;02/12/2025;Pembayaran gaji bulan November ke Mba Ruhma;-;2121;2120035;0
;02/12/2025;Pembayaran gaji bulan November ke Mba Ruhma;-;5221;2500;0
;02/12/2025;Pembayaran gaji bulan November ke Mba Ruhma;-;1112;0;2122535
;02/12/2025;Reimburse pembelian akomodasi makan ke Pak Sodik;-;5171;36000;0
;02/12/2025;Reimburse pembelian akomodasi makan ke Pak Sodik;-;1111;0;36000
;02/12/2025;Pembelian akomodasi makan perbaikan listrik;-;5171;45000;0
;02/12/2025;Pembelian akomodasi makan perbaikan listrik;-;1111;0;45000
;02/12/2025;Perbaikan listrik;-;5161;300000;0
;02/12/2025;Perbaikan listrik;-;1111;0;300000
;02/12/2025;Penjualan 1 kg telur ke Pak Anwar;-;5111;25700;0
;02/12/2025;Penjualan 1 kg telur ke Pak Anwar;-;1131;0;25700
;02/12/2025;Penjualan 1 kg telur ke Pak Anwar;-;1111;29000;0
;02/12/2025;Penjualan 1 kg telur ke Pak Anwar;-;4111;0;29000
;03/12/2025;Pembelian 50 kg anggur merah SPPG MBS Wanayasa ke Bu Lis;-;1131;2300000;0
;03/12/2025;Pembelian 50 kg anggur merah SPPG MBS Wanayasa ke Bu Lis;-;2111;0;2300000
;03/12/2025;Pembelian 70 kg kelengkeng SPPG Kutabanjarnegara ke Bu Lis;-;1131;2695000;0
;03/12/2025;Pembelian 70 kg kelengkeng SPPG Kutabanjarnegara ke Bu Lis;-;2111;0;2695000
;03/12/2025;Pembelian 216 kg beras ke Bu Lis;-;1131;2883600;0
;03/12/2025;Pembelian 216 kg beras ke Bu Lis;-;2111;0;2883600
;03/12/2025;Pembelian persediaan ke SBS (invoice 3/12);-;1131;2118220;0
;03/12/2025;Pembelian persediaan ke SBS (invoice 3/12);-;2111;0;2118220
;03/12/2025;Pembelian 110 kg ayam ke Restu Jaya;-;1131;4950000;0
;03/12/2025;Pembelian 110 kg ayam ke Restu Jaya;-;2111;0;4950000
;03/12/2025;Pembelian 330 pcs tempe;-;1131;792000;0
;03/12/2025;Pembelian 330 pcs tempe;-;2111;0;792000
;03/12/2025;Pembelian 40 kg wortel, 30 kg kol, dan 6 kg kol ungu ke Berkah Saputra;-;1131;912000;0
;03/12/2025;Pembelian 40 kg wortel, 30 kg kol, dan 6 kg kol ungu ke Berkah Saputra;-;2111;0;912000
;03/12/2025;Pengiriman SPPG Kutabanjarnegara (pemesanan 29/11);-;5111;14146656;0
;03/12/2025;Pengiriman SPPG Kutabanjarnegara (pemesanan 29/11);-;1131;0;14146656
;03/12/2025;Pengiriman SPPG Kutabanjarnegara (pemesanan 29/11);-;1121;15876800;0
;03/12/2025;Pengiriman SPPG Kutabanjarnegara (pemesanan 29/11);-;4111;0;15876800
;03/12/2025;Pembayaran sewa mobil L300 bulan November 2025;-;2131;6000000;0
;03/12/2025;Pembayaran sewa mobil L300 bulan November 2025;-;1112;0;6000000
;04/12/2025;Pembelian 2070 pcs pisang SPPG Kutabanjarnegara ke Bu Lis;-;1131;1449000;0
;04/12/2025;Pembelian 2070 pcs pisang SPPG Kutabanjarnegara ke Bu Lis;-;2111;0;1449000
;04/12/2025;Pembelian 1400 pcs susu ultramimi full cream ke Bu Lis;-;1131;4200000;0
;04/12/2025;Pembelian 1400 pcs susu ultramimi full cream ke Bu Lis;-;2111;0;4200000
;04/12/2025;Pembelian 2600 pcs susu ultramimi full cream SPPG MBS Wanayasa ke Bu Lis;-;1131;7800000;0
;04/12/2025;Pembelian 2600 pcs susu ultramimi full cream SPPG MBS Wanayasa ke Bu Lis;-;2111;0;7800000
;04/12/2025;Pembelian 90 kg anggur merah SPPG MBS Wanayasa ke Bu Lis;-;1131;4140000;0
;04/12/2025;Pembelian 90 kg anggur merah SPPG MBS Wanayasa ke Bu Lis;-;2111;0;4140000
;04/12/2025;Pembelian 10 kg jagung manis ke Bu Lis;-;1131;80000;0
;04/12/2025;Pembelian 10 kg jagung manis ke Bu Lis;-;2111;0;80000
;04/12/2025;Pembelian 2100 pcs tahu kulit ke Ummana Food;-;1131;1260000;0
;04/12/2025;Pembelian 2100 pcs tahu kulit ke Ummana Food;-;2111;0;1260000
;04/12/2025;Pembelian 39 kg wortel, 24 kg selada, dan 75 kg sawi putih ke Berkah Saputra;-;1131;1963500;0
;04/12/2025;Pembelian 39 kg wortel, 24 kg selada, dan 75 kg sawi putih ke Berkah Saputra;-;2111;0;1963500
;04/12/2025;Pengiriman SPPG Kutabanjarnegara (pemesanan 29/11);-;5111;14379644;0
;04/12/2025;Pengiriman SPPG Kutabanjarnegara (pemesanan 29/11);-;1131;0;14379644
;04/12/2025;Pengiriman SPPG Kutabanjarnegara (pemesanan 29/11);-;1121;16060200;0
;04/12/2025;Pengiriman SPPG Kutabanjarnegara (pemesanan 29/11);-;4111;0;16060200
;04/12/2025;Pembelian 200 kg telur tadus;-;1131;5220000;0
;04/12/2025;Pembelian 200 kg telur tadus;-;2111;0;5220000
;04/12/2025;Kas masuk untuk kas bon pembelian BBM dari Mba Ruhma;-;1111;100000;0
;04/12/2025;Kas masuk untuk kas bon pembelian BBM dari Mba Ruhma;-;2142;0;100000
;04/12/2025;Kas bon pembelian BBM;-;1122;200000;0
;04/12/2025;Kas bon pembelian BBM;-;1111;0;200000
;04/12/2025;Pelunasan piutang SPPG Kutabanjarnegara (pengiriman 14/11 dan 26/11);-;1112;188000;0
;04/12/2025;Pelunasan piutang SPPG Kutabanjarnegara (pengiriman 14/11 dan 26/11);-;1121;0;188000
;04/12/2025;Pembelian 784 kg mangga arumanis SPPG MBS Wanayasa ke Bu Lis;-;1131;10976000;0
;04/12/2025;Pembelian 784 kg mangga arumanis SPPG MBS Wanayasa ke Bu Lis;-;2111;0;10976000
;04/12/2025;Pengiriman SPPG MBS Wanayasa (pemesanan 28/11);-;5111;25783050;0
;04/12/2025;Pengiriman SPPG MBS Wanayasa (pemesanan 28/11);-;1131;0;25783050
;04/12/2025;Pengiriman SPPG MBS Wanayasa (pemesanan 28/11);-;1121;28300000;0
;04/12/2025;Pengiriman SPPG MBS Wanayasa (pemesanan 28/11);-;4111;0;28300000
;04/12/2025;Pelunasan kas bon pembelian BBM;-;1111;200000;0
;04/12/2025;Pelunasan kas bon pembelian BBM;-;1122;0;200000
;04/12/2025;Pembelian BBM;-;5172;200000;0
;04/12/2025;Pembelian BBM;-;1111;0;200000
;06/12/2025;Pelunasan piutang SPPG Merden (pengiriman 23/11);-;1112;10640700;0
;06/12/2025;Pelunasan piutang SPPG Merden (pengiriman 23/11);-;1121;0;10640700
;06/12/2025;Pelunasan piutang SPPG Merden (pengiriman 25/11);-;1112;6619500;0
;06/12/2025;Pelunasan piutang SPPG Merden (pengiriman 25/11);-;1121;0;6619500
;06/12/2025;Pelunasan piutang SPPG Merden (pengiriman 26/11);-;1112;17008600;0
;06/12/2025;Pelunasan piutang SPPG Merden (pengiriman 26/11);-;1121;0;17008600
;06/12/2025;Kas masuk ke kas harian dari kas di bank;-;1111;6000000;0
;06/12/2025;Kas masuk ke kas harian dari kas di bank;-;1112;0;6000000
;06/12/2025;Kas bon belanja persediaan;-;1121;4000000;0
;06/12/2025;Kas bon belanja persediaan;-;1111;0;4000000
;06/12/2025;Pelunasan utang kas masuk untuk kas bon pembelian BBM ke Mba Ruhma;-;2142;100000;0
;06/12/2025;Pelunasan utang kas masuk untuk kas bon pembelian BBM ke Mba Ruhma;-;1111;0;100000
;06/12/2025;Piutang modal pembelian kopi retail;-;1124;1400000;0
;06/12/2025;Piutang modal pembelian kopi retail;-;1111;0;1400000
;06/12/2025;Pelunasan utang pembelian 330 pcs tempe (pembelian 3/12);-;2111;792000;0
;06/12/2025;Pelunasan utang pembelian 330 pcs tempe (pembelian 3/12);-;1112;0;792000
;06/12/2025;Pelunasan utang pembelian 805 kg beras SPPG Merden (pembelian 17/11);-;2111;10867500;0
;06/12/2025;Pelunasan utang pembelian 805 kg beras SPPG Merden (pembelian 17/11);-;5221;6500;0
;06/12/2025;Pelunasan utang pembelian 805 kg beras SPPG Merden (pembelian 17/11);-;1112;0;10873500
;06/12/2025;Pelunasan utang pembelian 805 kg beras SPPG Merden (pembelian 17/11);-;6111;0;500
;06/12/2025;Pelunasan utang pembelian tahu bakso dan tahu kulit ke Ummana Food (pembelian 2/12 dan 4/12);-;2111;3115000;0
;06/12/2025;Pelunasan utang pembelian tahu bakso dan tahu kulit ke Ummana Food (pembelian 2/12 dan 4/12);-;1112;0;3115000
;06/12/2025;Pelunasan kas bon belanja  persediaan;-;1111;4000000;0
;06/12/2025;Pelunasan kas bon belanja  persediaan;-;1121;0;4000000
;06/12/2025;Pembelian 21 kg bawang putih;-;1131;630000;0
;06/12/2025;Pembelian 21 kg bawang putih;-;1111;0;630000
;06/12/2025;Pembelian persediaan di Rita Pasaraya;-;1131;1816656;0
;06/12/2025;Pembelian persediaan di Rita Pasaraya;-;5211;44;0
;06/12/2025;Pembelian persediaan di Rita Pasaraya;-;1111;0;1816700
;06/12/2025;Parkir di Rita Pasaraya;-;5191;2000;0
;06/12/2025;Parkir di Rita Pasaraya;-;1111;0;2000
;06/12/2025;Isi nitrogen;-;5161;20000;0
;06/12/2025;Isi nitrogen;-;1111;0;20000
;06/12/2025;Pembelian akomodasi makan;-;5171;50000;0
;06/12/2025;Pembelian akomodasi makan;-;1111;0;50000
;07/12/2025;Pelunasan utang pembelian ayam ke Restu Jaya (pembelian 30/11, 1/12, dan 3/12);-;2111;16850000;0
;07/12/2025;Pelunasan utang pembelian ayam ke Restu Jaya (pembelian 30/11, 1/12, dan 3/12);-;5221;6500;0
;07/12/2025;Pelunasan utang pembelian ayam ke Restu Jaya (pembelian 30/11, 1/12, dan 3/12);-;1112;0;16856500
;07/12/2025;Kas masuk ke kas harian dari kas di bank;-;1111;9000000;0
;07/12/2025;Kas masuk ke kas harian dari kas di bank;-;1112;0;9000000
;07/12/2025;Kas bon belanja persediaan;-;1121;9000000;0
;07/12/2025;Kas bon belanja persediaan;-;1111;0;9000000
;07/12/2025;Pelunasan kas bon belanja persediaan;-;1111;9000000;0
;07/12/2025;Pelunasan kas bon belanja persediaan;-;1121;0;9000000
;07/12/2025;Pembelian persediaan di Gunung Mas;-;1131;3911500;0
;07/12/2025;Pembelian persediaan di Gunung Mas;-;1111;0;3911500
;07/12/2025;Pembelian persediaan di Topaz;-;1131;3070000;0
;07/12/2025;Pembelian persediaan di Topaz;-;1111;0;3070000
;07/12/2025;Pembelian 1 zak tepung terigu segitiga biru di Pasar Induk;-;1131;237000;0
;07/12/2025;Pembelian 1 zak tepung terigu segitiga biru di Pasar Induk;-;1111;0;237000
;07/12/2025;Pembelian persediaan di Pasar Induk;-;1131;730000;0
;07/12/2025;Pembelian persediaan di Pasar Induk;-;1111;0;730000
;07/12/2025;Pembelian 2,15 kg daun kemangi di Pasar Induk;-;1131;150500;0
;07/12/2025;Pembelian 2,15 kg daun kemangi di Pasar Induk;-;1111;0;150500
;07/12/2025;Parkir di Gunung Mas, Topaz, dan Pasar Induk;-;5191;9000;0
;07/12/2025;Parkir di Gunung Mas, Topaz, dan Pasar Induk;-;1111;0;9000
;07/12/2025;Pembelian 350 pcs tempe;-;1131;840000;0
;07/12/2025;Pembelian 350 pcs tempe;-;1111;0;840000
;07/12/2025;Pembelian 110 kg bakso ke Sarah Matari;-;1131;5500000;0
;07/12/2025;Pembelian 110 kg bakso ke Sarah Matari;-;2111;0;5500000
;07/12/2025;Pembelian 55 kg wortel ke SBS;-;1131;880000;0
;07/12/2025;Pembelian 55 kg wortel ke SBS;-;2111;0;880000
;07/12/2025;Pembelian 172 kg ayam potong ke Restu Jaya;-;1131;5934000;0
;07/12/2025;Pembelian 172 kg ayam potong ke Restu Jaya;-;2111;0;5934000
;07/12/2025;Pembelian 140 kg jeruk santang SPPG Kutabanjarnegara ke Bu Lis;-;1131;4480000;0
;07/12/2025;Pembelian 140 kg jeruk santang SPPG Kutabanjarnegara ke Bu Lis;-;2111;0;4480000
;07/12/2025;Pembelian 80 kg anggur merah SPPG MBS Wanayasa ke Bu Lis;-;1131;3680000;0
;07/12/2025;Pembelian 80 kg anggur merah SPPG MBS Wanayasa ke Bu Lis;-;2111;0;3680000
;07/12/2025;Pembelian 160 kg anggur merah SPPG Merden ke Bu Lis;-;1131;7360000;0
;07/12/2025;Pembelian 160 kg anggur merah SPPG Merden ke Bu Lis;-;2111;0;7360000
;07/12/2025;Pembelian 50 kg beras ke Bu Lis;-;1131;667500;0
;07/12/2025;Pembelian 50 kg beras ke Bu Lis;-;2111;0;667500
;07/12/2025;Kerugian timbangan 0,1 kg daun kemangi;-;5311;7000;0
;07/12/2025;Kerugian timbangan 0,1 kg daun kemangi;-;1131;0;7000
;07/12/2025;Kerugian timbangan 1,6 kg bawang putih;-;5311;51040;0
;07/12/2025;Kerugian timbangan 1,6 kg bawang putih;-;1131;0;51040
;07/12/2025;Pengiriman SPPG Kutabanjarnegara (pemesanan 6/12);-;5111;18068765;0
;07/12/2025;Pengiriman SPPG Kutabanjarnegara (pemesanan 6/12);-;1131;0;18068765
;07/12/2025;Pengiriman SPPG Kutabanjarnegara (pemesanan 6/12);-;1121;20084250;0
;07/12/2025;Pengiriman SPPG Kutabanjarnegara (pemesanan 6/12);-;4111;0;20084250
;07/12/2025;Pengiriman SPPG MBS Wanayasa (pemesanan 6/12);-;5111;6135800;0
;07/12/2025;Pengiriman SPPG MBS Wanayasa (pemesanan 6/12);-;1131;0;6135800
;07/12/2025;Pengiriman SPPG MBS Wanayasa (pemesanan 6/12);-;1121;6821000;0
;07/12/2025;Pengiriman SPPG MBS Wanayasa (pemesanan 6/12);-;4111;0;6821000
;07/12/2025;Pengiriman SPPG Merden (pemesanan 6/12);-;5111;13152100;0
;07/12/2025;Pengiriman SPPG Merden (pemesanan 6/12);-;1131;0;13152100
;07/12/2025;Pengiriman SPPG Merden (pemesanan 6/12);-;1121;14655000;0
;07/12/2025;Pengiriman SPPG Merden (pemesanan 6/12);-;4111;0;14655000
;07/12/2025;Pengiriman SPPG Susukan (pemesanan 6/12);-;5111;2418150;0
;07/12/2025;Pengiriman SPPG Susukan (pemesanan 6/12);-;1131;0;2418150
;07/12/2025;Pengiriman SPPG Susukan (pemesanan 6/12);-;1121;3514200;0
;07/12/2025;Pengiriman SPPG Susukan (pemesanan 6/12);-;4111;0;3514200
;07/12/2025;Pelunasan piutang SPPG Merden (pengiriman 24/11);-;1112;6469600;0
;07/12/2025;Pelunasan piutang SPPG Merden (pengiriman 24/11);-;1121;0;6469600
;07/12/2025;Pelunasan piutang SPPG Merden (pengiriman 30/11);-;1112;10645750;0
;07/12/2025;Pelunasan piutang SPPG Merden (pengiriman 30/11);-;1121;0;10645750
;07/12/2025;Pelunasan piutang SPPG Merden (pengiriman 1/12);-;1112;7645000;0
;07/12/2025;Pelunasan piutang SPPG Merden (pengiriman 1/12);-;1121;0;7645000
;07/12/2025;Pelunasan piutang SPPG Merden (pengiriman 2/12);-;1112;7653500;0
;07/12/2025;Pelunasan piutang SPPG Merden (pengiriman 2/12);-;1121;0;7653500
;07/12/2025;Pelunasan piutang 550 kg beras SPPG Merden (pengiriman 27/11);-;1112;8250000;0
;07/12/2025;Pelunasan piutang 550 kg beras SPPG Merden (pengiriman 27/11);-;1121;0;8250000
;08/12/2025;Pelunasan utang pembelian 165 kg mix vegetable dan 95 kg galantin ke Sarah Matari;-;2111;11127500;0
;08/12/2025;Pelunasan utang pembelian 165 kg mix vegetable dan 95 kg galantin ke Sarah Matari;-;5221;6500;0
;08/12/2025;Pelunasan utang pembelian 165 kg mix vegetable dan 95 kg galantin ke Sarah Matari;-;1112;0;11134000
;08/12/2025;Pelunasan piutang SPPG Susukan (pengiriman 30/11);-;1112;5847500;0
;08/12/2025;Pelunasan piutang SPPG Susukan (pengiriman 30/11);-;1121;0;5847500
;08/12/2025;Pelunasan piutang SPPG Susukan (pengiriman 2/12);-;1112;12028000;0
;08/12/2025;Pelunasan piutang SPPG Susukan (pengiriman 2/12);-;1121;0;12028000
;08/12/2025;Piutang modal rak kopi retail;-;1124;280000;0
;08/12/2025;Piutang modal rak kopi retail;-;1111;0;280000
;08/12/2025;Kas bon pembelian BBM;-;1122;200000;0
;08/12/2025;Kas bon pembelian BBM;-;1111;0;200000
;08/12/2025;Pembelian 70 kg anggur merah SPPG Kutabanjarnegara ke Bu Lis;-;1131;3220000;0
;08/12/2025;Pembelian 70 kg anggur merah SPPG Kutabanjarnegara ke Bu Lis;-;2111;0;3220000
;08/12/2025;Pembelian 1000 kg beras ke Bu Lis;-;1131;13900000;0
;08/12/2025;Pembelian 1000 kg beras ke Bu Lis;-;2111;0;13900000
;08/12/2025;Pelunasan piutang SPPG MBS Wanayasa (pengiriman 30/11);-;1112;13226000;0
;08/12/2025;Pelunasan piutang SPPG MBS Wanayasa (pengiriman 30/11);-;1121;0;13226000
;08/12/2025;Pelunasan piutang SPPG MBS Wanayasa (pengiriman 2/12);-;1112;18020500;0
;08/12/2025;Pelunasan piutang SPPG MBS Wanayasa (pengiriman 2/12);-;1121;0;18020500
;08/12/2025;Pelunasan piutang SPPG MBS Wanayasa (pengiriman 4/12);-;1112;28300000;0
;08/12/2025;Pelunasan piutang SPPG MBS Wanayasa (pengiriman 4/12);-;1121;0;28300000
;08/12/2025;Pelunasan kas bon pembelian BBM;-;1111;200000;0
;08/12/2025;Pelunasan kas bon pembelian BBM;-;1122;0;200000
;08/12/2025;Pembelian BBM;-;5172;200000;0
;08/12/2025;Pembelian BBM;-;1111;0;200000
;08/12/2025;Pembelian 5 kg gula pasir di Topaz;-;1131;90000;0
;08/12/2025;Pembelian 5 kg gula pasir di Topaz;-;1111;0;90000
;08/12/2025;Parkir di Topaz;-;5191;2000;0
;08/12/2025;Parkir di Topaz;-;1111;0;2000
;08/12/2025;Pembelian persediaan ke SBS (invoice 9/12);-;1131;9753656;0
;08/12/2025;Pembelian persediaan ke SBS (invoice 9/12);-;2111;0;9753656
;08/12/2025;Pembelian sayur ke Pak Safrudin;-;1131;4700000;0
;08/12/2025;Pembelian sayur ke Pak Safrudin;-;2111;0;4700000
;08/12/2025;Pengiriman SPPG MBS Wanayasa (pemesanan 6/12);-;5111;11224900;0
;08/12/2025;Pengiriman SPPG MBS Wanayasa (pemesanan 6/12);-;1131;0;11224900
;08/12/2025;Pengiriman SPPG MBS Wanayasa (pemesanan 6/12);-;1121;12237000;0
;08/12/2025;Pengiriman SPPG MBS Wanayasa (pemesanan 6/12);-;4111;0;12237000
;08/12/2025;Pengiriman SPPG Kutabanjarnegara (pemesanan 6/12);-;5111;14640150;0
;08/12/2025;Pengiriman SPPG Kutabanjarnegara (pemesanan 6/12);-;1131;0;14640150
;08/12/2025;Pengiriman SPPG Kutabanjarnegara (pemesanan 6/12);-;1121;16497500;0
;08/12/2025;Pengiriman SPPG Kutabanjarnegara (pemesanan 6/12);-;4111;0;16497500
;08/12/2025;Pengiriman SPPG Merden (pemesanan 6/12);-;5111;1158500;0
;08/12/2025;Pengiriman SPPG Merden (pemesanan 6/12);-;1131;0;1158500
;08/12/2025;Pengiriman SPPG Merden (pemesanan 6/12);-;1121;1542800;0
;08/12/2025;Pengiriman SPPG Merden (pemesanan 6/12);-;4111;0;1542800
;08/12/2025;Pembayaran pembuatan website SCS;-;1151;2552100;0
;08/12/2025;Pembayaran pembuatan website SCS;-;5221;2500;0
;08/12/2025;Pembayaran pembuatan website SCS;-;1112;0;2554600
;09/12/2025;Pelunasan utang pembelian persediaan dapur ke Bu Lis (pembelian 24/11 - 27/11);-;2111;28819000;0
;09/12/2025;Pelunasan utang pembelian persediaan dapur ke Bu Lis (pembelian 24/11 - 27/11);-;1112;0;28819000
;09/12/2025;Pelunasan utang pembelian 200 kg telur ke Tadus (pembelian 30/11);-;2111;5140000;0
;09/12/2025;Pelunasan utang pembelian 200 kg telur ke Tadus (pembelian 30/11);-;5221;2500;0
;09/12/2025;Pelunasan utang pembelian 200 kg telur ke Tadus (pembelian 30/11);-;1112;0;5142500
;09/12/2025;Pelunasan utang pembelian 1000 pcs tahu bakso ke Bu Fitri (pembelian 2/12);-;2111;1750000;0
;09/12/2025;Pelunasan utang pembelian 1000 pcs tahu bakso ke Bu Fitri (pembelian 2/12);-;5221;2500;0
;09/12/2025;Pelunasan utang pembelian 1000 pcs tahu bakso ke Bu Fitri (pembelian 2/12);-;1112;0;1752500
;09/12/2025;Pelunasan utang pembelian persediaan ke SBS (pembelian 30/11);-;2111;15387632;0
;09/12/2025;Pelunasan utang pembelian persediaan ke SBS (pembelian 30/11);-;1112;0;15387632
;09/12/2025;Pelunasan utang pembelian melon A ke Pak Pur (pembelian 2/12);-;2111;2686500;0
;09/12/2025;Pelunasan utang pembelian melon A ke Pak Pur (pembelian 2/12);-;1112;0;2686500
;09/12/2025;Pelunasan utang pembelian 500 kg beras SPPG Susukan (pembelian 27/11);-;2111;6750000;0
;09/12/2025;Pelunasan utang pembelian 500 kg beras SPPG Susukan (pembelian 27/11);-;5221;2500;0
;09/12/2025;Pelunasan utang pembelian 500 kg beras SPPG Susukan (pembelian 27/11);-;1112;0;6752500
;09/12/2025;Kas masuk ke kas harian dari kas di bank;-;1111;2800000;0
;09/12/2025;Kas masuk ke kas harian dari kas di bank;-;1112;0;2800000
;09/12/2025;Kas bon belanja persediaan;-;1121;2800000;0
;09/12/2025;Kas bon belanja persediaan;-;1111;0;2800000
;09/12/2025;Pelunasan kas bon belanja persediaan;-;1111;2800000;0
;09/12/2025;Pelunasan kas bon belanja persediaan;-;1121;0;2800000
;09/12/2025;Pembelian persediaan di Topaz;-;1131;251800;0
;09/12/2025;Pembelian persediaan di Topaz;-;5211;500;0
;09/12/2025;Pembelian persediaan di Topaz;-;1111;0;252300
;09/12/2025;Pembelian persedian di Gunung Mas;-;1131;2324700;0
;09/12/2025;Pembelian persedian di Gunung Mas;-;1111;0;2324700
;09/12/2025;Pembelian 1 kg bawang merah di Pasar Induk;-;1131;50000;0
;09/12/2025;Pembelian 1 kg bawang merah di Pasar Induk;-;1111;0;50000
;09/12/2025;Pembelian 320 pcs tempe;-;1131;768000;0
;09/12/2025;Pembelian 320 pcs tempe;-;1111;0;768000
;09/12/2025;Reimburse pembelian akomodasi makan ke Pak Sodik;-;5171;60000;0
;09/12/2025;Reimburse pembelian akomodasi makan ke Pak Sodik;-;1111;0;60000
;09/12/2025;Pembelian 172 kg ayam potong ke Restu Jaya;-;1131;5934000;0
;09/12/2025;Pembelian 172 kg ayam potong ke Restu Jaya;-;2111;0;5934000
;09/12/2025;Pembelian 44 kg wortel dan 57 kg labu siam ke SBS (invoice 9/12);-;1131;1046000;0
;09/12/2025;Pembelian 44 kg wortel dan 57 kg labu siam ke SBS (invoice 9/12);-;2111;0;1046000
;09/12/2025;Pembelian 15 kg cabai merah keriting ke Pak Safrudin;-;1131;1035000;0
;09/12/2025;Pembelian 15 kg cabai merah keriting ke Pak Safrudin;-;2111;0;1035000
;09/12/2025;Pembelian 170 kg buah naga SPPG Kutabanjarnegara ke Bu Lis;-;1131;2890000;0
;09/12/2025;Pembelian 170 kg buah naga SPPG Kutabanjarnegara ke Bu Lis;-;2111;0;2890000
;09/12/2025;Pembelian 200 kg jeruk medan SPPG MBS Wanayasa ke Bu Lis;-;1131;4600000;0
;09/12/2025;Pembelian 200 kg jeruk medan SPPG MBS Wanayasa ke Bu Lis;-;2111;0;4600000
;09/12/2025;Pembelian 700 kg beras SPPG Merden;-;1131;9450000;0
;09/12/2025;Pembelian 700 kg beras SPPG Merden;-;2111;0;9450000
;09/12/2025;Pembelian 150 kg beras SPPG Susukan;-;1131;2025000;0
;09/12/2025;Pembelian 150 kg beras SPPG Susukan;-;2111;0;2025000
;09/12/2025;Pengiriman SPPG MBS Wanayasa (pemesanan 6/12);-;5111;5176400;0
;09/12/2025;Pengiriman SPPG MBS Wanayasa (pemesanan 6/12);-;1131;0;5176400
;09/12/2025;Pengiriman SPPG MBS Wanayasa (pemesanan 6/12);-;1121;6044000;0
;09/12/2025;Pengiriman SPPG MBS Wanayasa (pemesanan 6/12);-;4111;0;6044000
;09/12/2025;Pengiriman SPPG Kutabanjarnegara (pemesanan 6/12);-;5111;14286400;0
;09/12/2025;Pengiriman SPPG Kutabanjarnegara (pemesanan 6/12);-;1131;0;14286400
;09/12/2025;Pengiriman SPPG Kutabanjarnegara (pemesanan 6/12);-;1121;16182500;0
;09/12/2025;Pengiriman SPPG Kutabanjarnegara (pemesanan 6/12);-;4111;0;16182500
;09/12/2025;Pengiriman SPPG Merden (pemesanan 6/12);-;5111;3924000;0
;09/12/2025;Pengiriman SPPG Merden (pemesanan 6/12);-;1131;0;3924000
;09/12/2025;Pengiriman SPPG Merden (pemesanan 6/12);-;1121;5112000;0
;09/12/2025;Pengiriman SPPG Merden (pemesanan 6/12);-;4111;0;5112000
;09/12/2025;Pengiriman SPPG Susukan (pemesanan 6/12);-;5111;8130700;0
;09/12/2025;Pengiriman SPPG Susukan (pemesanan 6/12);-;1131;0;8130700
;09/12/2025;Pengiriman SPPG Susukan (pemesanan 6/12);-;1121;8847700;0
;09/12/2025;Pengiriman SPPG Susukan (pemesanan 6/12);-;4111;0;8847700
;09/12/2025;Pelunasan piutang SPPG Kutabanjarnegara (pengiriman 30/11, 1/12, 2/12, 3/12, dan 4/12);-;1112;82101500;0
;09/12/2025;Pelunasan piutang SPPG Kutabanjarnegara (pengiriman 30/11, 1/12, 2/12, 3/12, dan 4/12);-;1121;0;82101500
;09/12/2025;Pembelian 300 kg mix vegetable ke Sarah Matari;-;1131;8400000;0
;09/12/2025;Pembelian 300 kg mix vegetable ke Sarah Matari;-;2111;0;8400000
;09/12/2025;Kas bon akomodasi makan;-;1123;50000;0
;09/12/2025;Kas bon akomodasi makan;-;1111;0;50000
;10/12/2025;Pelunasan piutang SPPG Kutabanjarnegara (pengiriman 30/11 dan 2/12);-;1112;406000;0
;10/12/2025;Pelunasan piutang SPPG Kutabanjarnegara (pengiriman 30/11 dan 2/12);-;1121;0;406000
;10/12/2025;Kas bon pembelian BBM;-;1122;200000;0
;10/12/2025;Kas bon pembelian BBM;-;1111;0;200000
;10/12/2025;Pembelian 1600 pcs (40 karton) susu ultramilk full cream 125 ml ke Bu Lis;-;1131;4800000;0
;10/12/2025;Pembelian 1600 pcs (40 karton) susu ultramilk full cream 125 ml ke Bu Lis;-;2111;0;4800000
;10/12/2025;Pembelian 2100 pcs tahu putih, 3 kg daun bawang, dan 7 kg bawang bombay ke Pak Safrudin;-;1131;1433000;0
;10/12/2025;Pembelian 2100 pcs tahu putih, 3 kg daun bawang, dan 7 kg bawang bombay ke Pak Safrudin;-;2111;0;1433000
;10/12/2025;Pembelian 40 kg buah naga, 37 kg melon, dan 47 kg pear SPPG Kutabanjarnegara ke Bu Lis;-;1131;2168000;0
;10/12/2025;Pembelian 40 kg buah naga, 37 kg melon, dan 47 kg pear SPPG Kutabanjarnegara ke Bu Lis;-;2111;0;2168000
;10/12/2025;Pembelian 75 kg galantin ke Sarah Matari;-;1131;5137500;0
;10/12/2025;Pembelian 75 kg galantin ke Sarah Matari;-;2111;0;5137500
;10/12/2025;Pengiriman SPPG MBS Wanayasa (pemesanan 6/12);-;5111;2618600;0
;10/12/2025;Pengiriman SPPG MBS Wanayasa (pemesanan 6/12);-;1131;0;2618600
;10/12/2025;Pengiriman SPPG MBS Wanayasa (pemesanan 6/12);-;1121;2890000;0
;10/12/2025;Pengiriman SPPG MBS Wanayasa (pemesanan 6/12);-;4111;0;2890000
;10/12/2025;Pengiriman SPPG Kutabanjarnegara (pemesanan 6/12);-;5111;15361000;0
;10/12/2025;Pengiriman SPPG Kutabanjarnegara (pemesanan 6/12);-;1131;0;15361000
;10/12/2025;Pengiriman SPPG Kutabanjarnegara (pemesanan 6/12);-;1121;17136000;0
;10/12/2025;Pengiriman SPPG Kutabanjarnegara (pemesanan 6/12);-;4111;0;17136000
;10/12/2025;Pembayaran gaji bulan November ke Pak Anwar;-;2121;2000000;0
;10/12/2025;Pembayaran gaji bulan November ke Pak Anwar;-;5221;2500;0
;10/12/2025;Pembayaran gaji bulan November ke Pak Anwar;-;1112;0;2002500
;10/12/2025;Pembayaran gaji bulan November ke Mas Denny;-;2121;2000000;0
;10/12/2025;Pembayaran gaji bulan November ke Mas Denny;-;1112;0;2000000
;10/12/2025;Pembayaran gaji bulan November ke Pak Galih;-;2121;2000000;0
;10/12/2025;Pembayaran gaji bulan November ke Pak Galih;-;5221;2500;0
;10/12/2025;Pembayaran gaji bulan November ke Pak Galih;-;1112;0;2002500
;11/12/2025;Pembelian 195 kg semangka SPPG MBS Wanayasa ke Bu Lis;-;1131;1813500;0
;11/12/2025;Pembelian 195 kg semangka SPPG MBS Wanayasa ke Bu Lis;-;2111;0;1813500
;11/12/2025;Pembelian pisang, jeruk santang, pear, buah naga, dan melon SPPG Kutabanjarnegara ke Bu Lis;-;1131;6734000;0
;11/12/2025;Pembelian pisang, jeruk santang, pear, buah naga, dan melon SPPG Kutabanjarnegara ke Bu Lis;-;2111;0;6734000
;11/12/2025;Pembelian 2080 pcs patty ke Sarah Matari;-;1131;5616000;0
;11/12/2025;Pembelian 2080 pcs patty ke Sarah Matari;-;2111;0;5616000
;11/12/2025;Pembelian 62 kg edamame, 190 kg pakcoy, dan 20 kg selada ke Pak Safrudin;-;1131;4073000;0
;11/12/2025;Pembelian 62 kg edamame, 190 kg pakcoy, dan 20 kg selada ke Pak Safrudin;-;2111;0;4073000
;11/12/2025;Pembelian 2070 roti pizza dan 2070 kacang madu ke Fancy;-;1131;10143000;0
;11/12/2025;Pembelian 2070 roti pizza dan 2070 kacang madu ke Fancy;-;2111;0;10143000
;11/12/2025;Pelunasan kas bon akomodasi makan (transaksi 9/12);-;1111;50000;0
;11/12/2025;Pelunasan kas bon akomodasi makan (transaksi 9/12);-;1123;0;50000
;11/12/2025;Pembelian akomodasi makan (transaksi 9/12);-;5171;25000;0
;11/12/2025;Pembelian akomodasi makan (transaksi 9/12);-;1111;0;25000
;11/12/2025;Pelunasan kas bon pembelian BBM (transaksi 10/12);-;1111;200000;0
;11/12/2025;Pelunasan kas bon pembelian BBM (transaksi 10/12);-;1122;0;200000
;11/12/2025;Pembelian BBM (transaksi 10/12);-;5172;200000;0
;11/12/2025;Pembelian BBM (transaksi 10/12);-;1111;0;200000
;11/12/2025;Kas masuk ke kas harian dari kas di bank;-;1111;1450000;0
;11/12/2025;Kas masuk ke kas harian dari kas di bank;-;1112;0;1450000
;11/12/2025;Kas bon belanja persediaan;-;1121;1450000;0
;11/12/2025;Kas bon belanja persediaan;-;1111;0;1450000
;11/12/2025;Pelunasan kas bon belanja persediaan;-;1111;1450000;0
;11/12/2025;Pelunasan kas bon belanja persediaan;-;1121;0;1450000
;11/12/2025;Pembelian tepung panir di Topaz;-;1131;135500;0
;11/12/2025;Pembelian tepung panir di Topaz;-;1111;0;135500
;11/12/2025;Pembelian 60 pack del monte saus pedas sachet dan 45 pack del monte saus tomat sachet di Topaz;-;1131;622500;0
;11/12/2025;Pembelian 60 pack del monte saus pedas sachet dan 45 pack del monte saus tomat sachet di Topaz;-;5211;500;0
;11/12/2025;Pembelian 60 pack del monte saus pedas sachet dan 45 pack del monte saus tomat sachet di Topaz;-;1111;0;623000
;11/12/2025;Parkir di Topaz;-;5191;3000;0
;11/12/2025;Parkir di Topaz;-;1111;0;3000
;11/12/2025;Pembelian 4 kg bawang merah dan 10 kg bawang putih di Pasar Induk;-;1131;490000;0
;11/12/2025;Pembelian 4 kg bawang merah dan 10 kg bawang putih di Pasar Induk;-;1111;0;490000
;11/12/2025;Parkir di Pasar Induk;-;5191;3000;0
;11/12/2025;Parkir di Pasar Induk;-;1111;0;3000
;11/12/2025;Pembelian 130 pack kulit kebab ke Bu Dewi;-;1131;4290000;0
;11/12/2025;Pembelian 130 pack kulit kebab ke Bu Dewi;-;2111;0;4290000
;11/12/2025;Pelunasan utang pembelian 400 pcs susu frisian flag dan 2054 pcs susu ultramimi cokelat ke Pak Tatas (pembelian 5/11 dan 21/10);-;2111;7132000;0
;11/12/2025;Pelunasan utang pembelian 400 pcs susu frisian flag dan 2054 pcs susu ultramimi cokelat ke Pak Tatas (pembelian 5/11 dan 21/10);-;5221;2500;0
;11/12/2025;Pelunasan utang pembelian 400 pcs susu frisian flag dan 2054 pcs susu ultramimi cokelat ke Pak Tatas (pembelian 5/11 dan 21/10);-;1112;0;7134500
;11/12/2025;Pelunasan utang pembelian 2377 pcs susu UHT 125 ml ke Pak Tatas (pembelian 21/10);-;2111;7132000;0
;11/12/2025;Pelunasan utang pembelian 2377 pcs susu UHT 125 ml ke Pak Tatas (pembelian 21/10);-;5221;6500;0
;11/12/2025;Pelunasan utang pembelian 2377 pcs susu UHT 125 ml ke Pak Tatas (pembelian 21/10);-;1112;0;7138500
;11/12/2025;Pelunasan utang pembelian sayur ke Berkah Saputra (pembelian 30/11 - 4/12);-;2111;5010500;0
;11/12/2025;Pelunasan utang pembelian sayur ke Berkah Saputra (pembelian 30/11 - 4/12);-;6111;0;500
;11/12/2025;Pelunasan utang pembelian sayur ke Berkah Saputra (pembelian 30/11 - 4/12);-;1112;0;5010000
;11/12/2025;Pelunasan utang pembelian persediaan ke Bu Lis (pembelian 24/11 - 30/11);-;2111;26835500;0
;11/12/2025;Pelunasan utang pembelian persediaan ke Bu Lis (pembelian 24/11 - 30/11);-;1112;0;26835500
;11/12/2025;Reimburse pembayaran kulit kebab ke Mas Denny (pembelian 11/12);-;2111;4290000;0
;11/12/2025;Reimburse pembayaran kulit kebab ke Mas Denny (pembelian 11/12);-;1112;0;4290000
;11/12/2025;Kas bon akomodasi ke Jogja;-;1123;150000;0
;11/12/2025;Kas bon akomodasi ke Jogja;-;1122;150000;0
;11/12/2025;Kas bon akomodasi ke Jogja;-;1111;0;300000
;11/12/2025;Pengiriman SPPG Susukan (pemesanan 6/12);-;5111;4912500;0
;11/12/2025;Pengiriman SPPG Susukan (pemesanan 6/12);-;1131;0;4912500
;11/12/2025;Pengiriman SPPG Susukan (pemesanan 6/12);-;1121;5843000;0
;11/12/2025;Pengiriman SPPG Susukan (pemesanan 6/12);-;4111;0;5843000
;11/12/2025;Pengiriman SPPG Merden (pemesanan 6/12);-;5111;1736692;0
;11/12/2025;Pengiriman SPPG Merden (pemesanan 6/12);-;1131;0;1736692
;11/12/2025;Pengiriman SPPG Merden (pemesanan 6/12);-;1121;2327800;0
;11/12/2025;Pengiriman SPPG Merden (pemesanan 6/12);-;4111;0;2327800
;11/12/2025;Pengiriman SPPG MBS Wanayasa (pemesanan 6/12);-;5111;10421600;0
;11/12/2025;Pengiriman SPPG MBS Wanayasa (pemesanan 6/12);-;1131;0;10421600
;11/12/2025;Pengiriman SPPG MBS Wanayasa (pemesanan 6/12);-;1121;11829500;0
;11/12/2025;Pengiriman SPPG MBS Wanayasa (pemesanan 6/12);-;4111;0;11829500
;11/12/2025;Pengiriman SPPG Kutabanjarnegara (pemesanan 6/12);-;5111;34142800;0
;11/12/2025;Pengiriman SPPG Kutabanjarnegara (pemesanan 6/12);-;1131;0;34142800
;11/12/2025;Pengiriman SPPG Kutabanjarnegara (pemesanan 6/12);-;1121;38360500;0
;11/12/2025;Pengiriman SPPG Kutabanjarnegara (pemesanan 6/12);-;4111;0;38360500
;11/12/2025;Penjualan 1 pcs minyak goreng ke Pak Galih;-;5111;38900;0
;11/12/2025;Penjualan 1 pcs minyak goreng ke Pak Galih;-;1131;0;38900
;11/12/2025;Penjualan 1 pcs minyak goreng ke Pak Galih;-;1111;40000;0
;11/12/2025;Penjualan 1 pcs minyak goreng ke Pak Galih;-;4111;0;40000
;11/12/2025;Kas masuk ke kas harian dari kas di bank;-;1111;1200000;0
;11/12/2025;Kas masuk ke kas harian dari kas di bank;-;1112;0;1200000
;11/12/2025;Pembelian 24 pcs minyak sania 2 L dan 5 pcs del monte saus tomat 1 kg di Topaz;-;1131;1035200;0
;11/12/2025;Pembelian 24 pcs minyak sania 2 L dan 5 pcs del monte saus tomat 1 kg di Topaz;-;5211;500;0
;11/12/2025;Pembelian 24 pcs minyak sania 2 L dan 5 pcs del monte saus tomat 1 kg di Topaz;-;1111;0;1035700
;11/12/2025;Pembelian kentang frozen di Topaz;-;1131;107500;0
;11/12/2025;Pembelian kentang frozen di Topaz;-;5211;500;0
;11/12/2025;Pembelian kentang frozen di Topaz;-;1111;0;108000
;11/12/2025;Parkir di Topaz;-;5191;3000;0
;11/12/2025;Parkir di Topaz;-;1111;0;3000
;11/12/2025;Pembelian laptop lenovo thinkpad;-;1211;2785000;0
;11/12/2025;Pembelian laptop lenovo thinkpad;-;1112;0;2785000
;12/12/2025;Pembelian 100 karton minyak goreng 2 L ke Bu Lis;-;1131;23460000;0
;12/12/2025;Pembelian 100 karton minyak goreng 2 L ke Bu Lis;-;2111;0;23460000
;12/12/2025;Pembelian akomodasi makan;-;5171;30000;0
;12/12/2025;Pembelian akomodasi makan;-;2141;0;30000
;13/12/2025;Pembelian 200 kg telur ke Tadus;-;1131;5560000;0
;13/12/2025;Pembelian 200 kg telur ke Tadus;-;2111;0;5560000
;13/12/2025;Pembelian persediaan ke SBS (invoice 15/12);-;1131;2456800;0
;13/12/2025;Pembelian persediaan ke SBS (invoice 15/12);-;2111;0;2456800
;13/12/2025;Pengiriman SPPG Kutabanjarnegara (transaksi 40 pcs susu ultramimi cokelat 25/11);-;5111;120000;0
;13/12/2025;Pengiriman SPPG Kutabanjarnegara (transaksi 40 pcs susu ultramimi cokelat 25/11);-;1131;0;120000
;13/12/2025;Pengiriman SPPG Kutabanjarnegara (transaksi 40 pcs susu ultramimi cokelat 25/11);-;1121;124000;0
;13/12/2025;Pengiriman SPPG Kutabanjarnegara (transaksi 40 pcs susu ultramimi cokelat 25/11);-;4111;0;124000
;13/12/2025;Penetapan profit sharing SPPG MBS Wanayasa;-;3111;7251990;0
;13/12/2025;Penetapan profit sharing SPPG MBS Wanayasa;-;2171;0;7251990
;13/12/2025;Penetapan profit sharing SPPG Kutabanjarnegara;-;3111;3294000;0
;13/12/2025;Penetapan profit sharing SPPG Kutabanjarnegara;-;2171;0;3294000
;13/12/2025;Penetapan profit sharing SPPG Merden;-;3111;4393032;0
;13/12/2025;Penetapan profit sharing SPPG Merden;-;2171;0;4393032
;13/12/2025;Penetapan profit sharing SPPG Susukan;-;3111;2440573;0
;13/12/2025;Penetapan profit sharing SPPG Susukan;-;2171;0;2440573
;13/12/2025;Penetapan profit sharing Korda;-;3111;2179083;0
;13/12/2025;Penetapan profit sharing Korda;-;2171;0;2179083
;13/12/2025;Penetapan profit sharing PDM;-;3111;2179000;0
;13/12/2025;Penetapan profit sharing PDM;-;2171;0;2179000
;14/12/2025;Pembelian cermin, lampu led, dan kantong plastik di Topaz;-;1141;46000;0
;14/12/2025;Pembelian cermin, lampu led, dan kantong plastik di Topaz;-;1111;0;46000
;14/12/2025;Kas masuk ke kas harian dari kas di bank;-;1111;16500000;0
;14/12/2025;Kas masuk ke kas harian dari kas di bank;-;1112;0;16500000
;14/12/2025;Pembelian 1 pack kantong plastik hitam di Gunung Mas;-;1141;10500;0
;14/12/2025;Pembelian 1 pack kantong plastik hitam di Gunung Mas;-;1111;0;10500
;14/12/2025;Pembelian persediaan di Gunung Mas;-;1131;2581450;0
;14/12/2025;Pembelian persediaan di Gunung Mas;-;1111;0;2581450
;14/12/2025;Parkir di Gunung Mas;-;5191;3000;0
;14/12/2025;Parkir di Gunung Mas;-;1111;0;3000
;14/12/2025;Pembelian persediaan di Topaz;-;1131;3621600;0
;14/12/2025;Pembelian persediaan di Topaz;-;1111;0;3621600
;14/12/2025;Parkir di Topaz;-;5191;3000;0
;14/12/2025;Parkir di Topaz;-;1111;0;3000
;14/12/2025;Pembelian gula merah di Pasar Induk;-;1131;80000;0
;14/12/2025;Pembelian gula merah di Pasar Induk;-;1111;0;80000
;14/12/2025;Pembelian 1 zak tepung terigu segitiga biru 25 kg di Pasar Induk;-;1131;212000;0
;14/12/2025;Pembelian 1 zak tepung terigu segitiga biru 25 kg di Pasar Induk;-;1111;0;212000
;14/12/2025;Parkir di Pasar Induk;-;5191;3000;0
;14/12/2025;Parkir di Pasar Induk;-;1111;0;3000
;14/12/2025;Pembelian persediaan di Depo Pelita;-;1131;1812500;0
;14/12/2025;Pembelian persediaan di Depo Pelita;-;1111;0;1812500
;14/12/2025;Pembelian akomodasi minum di Depo Pelita;-;5171;10500;0
;14/12/2025;Pembelian akomodasi minum di Depo Pelita;-;1111;0;10500
;14/12/2025;Parkir di Depo Pelita;-;5191;4000;0
;14/12/2025;Parkir di Depo Pelita;-;1111;0;4000
;14/12/2025;Pembelian 40 kg timun ke Pak Pur;-;1131;240000;0
;14/12/2025;Pembelian 40 kg timun ke Pak Pur;-;2111;0;240000
;14/12/2025;Pembelian 2022 pcs bandeng ke Bu Dewi;-;1131;8088000;0
;14/12/2025;Pembelian 2022 pcs bandeng ke Bu Dewi;-;2111;0;8088000
;14/12/2025;Pembelian sayuran ke Pak Safrudin;-;1131;3761000;0
;14/12/2025;Pembelian sayuran ke Pak Safrudin;-;2111;0;3761000
;14/12/2025;Pembelian persediaan ke SBS (invoice 15/12);-;1131;6715000;0
;14/12/2025;Pembelian persediaan ke SBS (invoice 15/12);-;2111;0;6715000
;14/12/2025;Pembelian 235 kg beras SPPG Susukan;-;1131;3172500;0
;14/12/2025;Pembelian 235 kg beras SPPG Susukan;-;2111;0;3172500
;14/12/2025;Pembelian 1000 kg beras ke Bu Lis;-;1131;13900000;0
;14/12/2025;Pembelian 1000 kg beras ke Bu Lis;-;2111;0;13900000
;14/12/2025;Pembelian 70 kg jeruk santang SPPG Kutabanjarnegara ke Bu Lis;-;1131;2240000;0
;14/12/2025;Pembelian 70 kg jeruk santang SPPG Kutabanjarnegara ke Bu Lis;-;2111;0;2240000
;14/12/2025;Pembelian 60 kg anggur merah SPPG MBS Wanayasa ke Bu Lis;-;1131;2790000;0
;14/12/2025;Pembelian 60 kg anggur merah SPPG MBS Wanayasa ke Bu Lis;-;2111;0;2790000
;14/12/2025;Pengiriman SPPG MBS Wanayasa (pemesanan 13/12);-;5111;8384200;0
;14/12/2025;Pengiriman SPPG MBS Wanayasa (pemesanan 13/12);-;1131;0;8384200
;14/12/2025;Pengiriman SPPG MBS Wanayasa (pemesanan 13/12);-;1121;9795000;0
;14/12/2025;Pengiriman SPPG MBS Wanayasa (pemesanan 13/12);-;4111;0;9795000
;14/12/2025;Pengiriman SPPG Kutabanjarnegara (pemesanan 13/12);-;5111;15598300;0
;14/12/2025;Pengiriman SPPG Kutabanjarnegara (pemesanan 13/12);-;1131;0;15598300
;14/12/2025;Pengiriman SPPG Kutabanjarnegara (pemesanan 13/12);-;1121;17703500;0
;14/12/2025;Pengiriman SPPG Kutabanjarnegara (pemesanan 13/12);-;4111;0;17703500
;14/12/2025;Pengiriman SPPG Merden (pemesanan 13/12);-;5111;7046250;0
;14/12/2025;Pengiriman SPPG Merden (pemesanan 13/12);-;1131;0;7046250
;14/12/2025;Pengiriman SPPG Merden (pemesanan 13/12);-;1121;7937000;0
;14/12/2025;Pengiriman SPPG Merden (pemesanan 13/12);-;4111;0;7937000
;14/12/2025;Pengiriman SPPG Susukan (pemesanan 13/12);-;5111;3795914;0
;14/12/2025;Pengiriman SPPG Susukan (pemesanan 13/12);-;1131;0;3795914
;14/12/2025;Pengiriman SPPG Susukan (pemesanan 13/12);-;1121;4553700;0
;14/12/2025;Pengiriman SPPG Susukan (pemesanan 13/12);-;4111;0;4553700
;14/12/2025;Pelunasan kas bon akomodais ke Jogja (transaksi 11/12);-;1111;300000;0
;14/12/2025;Pelunasan kas bon akomodais ke Jogja (transaksi 11/12);-;1122;0;150000
;14/12/2025;Pelunasan kas bon akomodais ke Jogja (transaksi 11/12);-;1123;0;150000
;14/12/2025;Pembelian BBM ke Jogja (transaksi 11/12);-;5172;150000;0
;14/12/2025;Pembelian BBM ke Jogja (transaksi 11/12);-;1111;0;150000
;14/12/2025;Pembelian akomodasi makan ke Jogja (transaksi 11/12);-;5171;68000;0
;14/12/2025;Pembelian akomodasi makan ke Jogja (transaksi 11/12);-;1111;0;68000
;14/12/2025;Pembelian akomodasi makan ke Jogja (transaksi 11/12);-;5171;55000;0
;14/12/2025;Pembelian akomodasi makan ke Jogja (transaksi 11/12);-;1111;0;55000
;14/12/2025;Pembelian akomodasi makan ke Jogja (transaksi 11/12);-;5171;47000;0
;14/12/2025;Pembelian akomodasi makan ke Jogja (transaksi 11/12);-;1111;0;27000
;14/12/2025;Pembelian akomodasi makan ke Jogja (transaksi 11/12);-;2141;0;20000
;14/12/2025;Pelunasan piutang SPPG MBS Wanayasa (pengiriman 7/12);-;1112;6821000;0
;14/12/2025;Pelunasan piutang SPPG MBS Wanayasa (pengiriman 7/12);-;1121;0;6821000
;14/12/2025;Pelunasan piutang SPPG MBS Wanayasa (pengiriman 8/12);-;1112;12237000;0
;14/12/2025;Pelunasan piutang SPPG MBS Wanayasa (pengiriman 8/12);-;1121;0;12237000
;14/12/2025;Pelunasan piutang SPPG MBS Wanayasa (pengiriman 9/12);-;1112;6044000;0
;14/12/2025;Pelunasan piutang SPPG MBS Wanayasa (pengiriman 9/12);-;1121;0;6044000
;14/12/2025;Pelunasan piutang SPPG MBS Wanayasa (pengiriman 10/12);-;1112;2890000;0
;14/12/2025;Pelunasan piutang SPPG MBS Wanayasa (pengiriman 10/12);-;1121;0;2890000
;14/12/2025;Pelunasan utang pembelian ayam ke CV Restu Jaya (pembelian 7/12 dan 9/12);-;2111;11868000;0
;14/12/2025;Pelunasan utang pembelian ayam ke CV Restu Jaya (pembelian 7/12 dan 9/12);-;5221;2500;0
;14/12/2025;Pelunasan utang pembelian ayam ke CV Restu Jaya (pembelian 7/12 dan 9/12);-;1112;0;11870500
;14/12/2025;Pembelian 22 kg keripik tempe ke Pak Wisnu;-;1131;1320000;0
;14/12/2025;Pembelian 22 kg keripik tempe ke Pak Wisnu;-;2111;0;1320000
;14/12/2025;Pembelian 0,5 kg keripik tempe ke Pak Wisnu;-;1131;30000;0
;14/12/2025;Pembelian 0,5 kg keripik tempe ke Pak Wisnu;-;2111;0;30000
;14/12/2025;3,8 kg semangka dibagikan;-;5171;30400;0
;14/12/2025;3,8 kg semangka dibagikan;-;1131;0;30400
;14/12/2025;Pembelian akomodasi makan;-;5171;45000;0
;14/12/2025;Pembelian akomodasi makan;-;2141;0;45000
;14/12/2025;Pelunasan utang pembelian 2070 pcs roti pizza dan 2070 pcs kacang madu ke Fancy (pembelian 11/12);-;2111;10143000;0
;14/12/2025;Pelunasan utang pembelian 2070 pcs roti pizza dan 2070 pcs kacang madu ke Fancy (pembelian 11/12);-;5221;2500;0
;14/12/2025;Pelunasan utang pembelian 2070 pcs roti pizza dan 2070 pcs kacang madu ke Fancy (pembelian 11/12);-;1112;0;10145500
;14/12/2025;Pelunasan piutang SPPG Susukan (pengiriman 7/12);-;1112;3514200;0
;14/12/2025;Pelunasan piutang SPPG Susukan (pengiriman 7/12);-;1121;0;3514200
;14/12/2025;Pelunasan piutang SPPG Susukan (pengiriman 9/12);-;1112;8847700;0
;14/12/2025;Pelunasan piutang SPPG Susukan (pengiriman 9/12);-;1121;0;8847700
;14/12/2025;Pelunasan piutang SPPG Susukan (pengiriman 11/12);-;1112;5843000;0
;14/12/2025;Pelunasan piutang SPPG Susukan (pengiriman 11/12);-;1121;0;5843000
;15/12/2025;Pelunasan utang pembelian 2022 pcs bandeng ke Bu Dewi (pembelian 14/12);-;2111;8088000;0
;15/12/2025;Pelunasan utang pembelian 2022 pcs bandeng ke Bu Dewi (pembelian 14/12);-;1111;0;8088000
;15/12/2025;Kas bon pembelian perlengkapan;-;1121;80000;0
;15/12/2025;Kas bon pembelian perlengkapan;-;1111;0;80000
;15/12/2025;Pelunasan kas bon pembelian perlengkapan;-;1111;80000;0
;15/12/2025;Pelunasan kas bon pembelian perlengkapan;-;1121;0;80000
;15/12/2025;Pembelian stop kontak 3 m dan 5 m di Toko Jaya Elektrik;-;1141;55000;0
;15/12/2025;Pembelian stop kontak 3 m dan 5 m di Toko Jaya Elektrik;-;1111;0;55000
;15/12/2025;Pembelian 43 kg tauge, 73 kg caisim, dan 4,5 kg seledri ke Pak Safrudin;-;1131;1505000;0
;15/12/2025;Pembelian 43 kg tauge, 73 kg caisim, dan 4,5 kg seledri ke Pak Safrudin;-;2111;0;1505000
;15/12/2025;Pembelian 35 kg timun ke Pak Pur;-;1131;210000;0
;15/12/2025;Pembelian 35 kg timun ke Pak Pur;-;2111;0;210000
;15/12/2025;Pembelian 672 pcs susu full cream 250 ml ke Bu Lis;-;1131;4065600;0
;15/12/2025;Pembelian 672 pcs susu full cream 250 ml ke Bu Lis;-;2111;0;4065600
;15/12/2025;Pembelian 70 kg anggur muscat SPPG Kutabanjarnegara ke Bu Lis;-;1131;4060000;0
;15/12/2025;Pembelian 70 kg anggur muscat SPPG Kutabanjarnegara ke Bu Lis;-;2111;0;4060000
;15/12/2025;Pembelian 20 kg anggur muscat SPPG Kutabanjarnegara ke Bu Lis;-;1131;1160000;0
;15/12/2025;Pembelian 20 kg anggur muscat SPPG Kutabanjarnegara ke Bu Lis;-;2111;0;1160000
;15/12/2025;Pembelian 37 kg pangsit kering ke Pak Wisnu;-;1131;2294000;0
;15/12/2025;Pembelian 37 kg pangsit kering ke Pak Wisnu;-;2111;0;2294000
;15/12/2025;Pembelian 2020 pcs tahu kulit ke Ummana Food;-;1131;1212000;0
;15/12/2025;Pembelian 2020 pcs tahu kulit ke Ummana Food;-;2111;0;1212000
;15/12/2025;Pembelian 120 kg bakso ke Sarah Matari;-;1131;6000000;0
;15/12/2025;Pembelian 120 kg bakso ke Sarah Matari;-;2111;0;6000000
;15/12/2025;Pembayaran profit sharing SPPG MBS Wanayasa;-;2171;7251990;0
;15/12/2025;Pembayaran profit sharing SPPG MBS Wanayasa;-;1112;0;7251990
;15/12/2025;Pembayaran profit sharing SPPG Susukan;-;2171;2440573;0
;15/12/2025;Pembayaran profit sharing SPPG Susukan;-;1112;0;2440573
;15/12/2025;Pembayaran profit sharing SPPG Merden;-;2171;4393032;0
;15/12/2025;Pembayaran profit sharing SPPG Merden;-;5221;2500;0
;15/12/2025;Pembayaran profit sharing SPPG Merden;-;1112;0;4395532
;15/12/2025;Pemisahan modal SCS untuk modal retail;-;3111;10000000;0
;15/12/2025;Pemisahan modal SCS untuk modal retail;-;2151;0;10000000
;15/12/2025;Pelunasan piutang modal pembelian kopi retail (transaksi 6/12);-;2151;1400000;0
;15/12/2025;Pelunasan piutang modal pembelian kopi retail (transaksi 6/12);-;1124;0;1400000
;15/12/2025;Pelunasan piutang modal pembelian rak kopi retail (transaksi 8/12);-;2151;280000;0
;15/12/2025;Pelunasan piutang modal pembelian rak kopi retail (transaksi 8/12);-;1124;0;280000
;15/12/2025;Pelunasan piutang SPPG Kutabanjarnegara (pengiriman 27/11);-;1112;8558300;0
;15/12/2025;Pelunasan piutang SPPG Kutabanjarnegara (pengiriman 27/11);-;1121;0;8558300
;15/12/2025;Pelunasan piutang SPPG Kutabanjarnegara (pengiriman 13/12);-;1112;124000;0
;15/12/2025;Pelunasan piutang SPPG Kutabanjarnegara (pengiriman 13/12);-;1121;0;124000
;15/12/2025;Kelebihan transfer dari SPPG Kutabanjarnegara;-;1112;30000;0
;15/12/2025;Kelebihan transfer dari SPPG Kutabanjarnegara;-;2111;0;30000
;15/12/2025;Pelunasan piutang SPPG Kutabanjarnegara (pengiriman 7/12);-;1112;20084250;0
;15/12/2025;Pelunasan piutang SPPG Kutabanjarnegara (pengiriman 7/12);-;1121;0;20084250
;15/12/2025;Pelunasan piutang SPPG Kutabanjarnegara (pengiriman 8/12);-;1112;16393500;0
;15/12/2025;Pelunasan piutang SPPG Kutabanjarnegara (pengiriman 8/12);-;1121;0;16393500
;15/12/2025;Pelunasan piutang SPPG Kutabanjarnegara (pengiriman 9/12);-;1112;16182500;0
;15/12/2025;Pelunasan piutang SPPG Kutabanjarnegara (pengiriman 9/12);-;1121;0;16182500
;15/12/2025;Pelunasan piutang SPPG Kutabanjarnegara (pengiriman 10/12);-;1112;17088000;0
;15/12/2025;Pelunasan piutang SPPG Kutabanjarnegara (pengiriman 10/12);-;1121;0;17088000
;15/12/2025;Pelunasan piutang SPPG Kutabanjarnegara (pengiriman 11/12);-;1112;20760500;0
;15/12/2025;Pelunasan piutang SPPG Kutabanjarnegara (pengiriman 11/12);-;1121;0;20760500
;15/12/2025;Pelunasan piutang SPPG Kutabanjarnegara (pengiriman 11/12);-;1112;17496000;0
;15/12/2025;Pelunasan piutang SPPG Kutabanjarnegara (pengiriman 11/12);-;1121;0;17496000
;15/12/2025;Pengiriman SPPG Kutabanjarnegara (pemesanan 13/12);-;5111;19598200;0
;15/12/2025;Pengiriman SPPG Kutabanjarnegara (pemesanan 13/12);-;1131;0;19598200
;15/12/2025;Pengiriman SPPG Kutabanjarnegara (pemesanan 13/12);-;1121;23492400;0
;15/12/2025;Pengiriman SPPG Kutabanjarnegara (pemesanan 13/12);-;4111;0;23492400
;15/12/2025;Pengiriman SPPG Merden (pemesanan 13/12);-;5111;5802500;0
;15/12/2025;Pengiriman SPPG Merden (pemesanan 13/12);-;1131;0;5802500
;15/12/2025;Pengiriman SPPG Merden (pemesanan 13/12);-;1121;6405100;0
;15/12/2025;Pengiriman SPPG Merden (pemesanan 13/12);-;4111;0;6405100
;15/12/2025;Pengiriman SPPG MBS Wanayasa (pemesanan 13/12);-;5111;3416750;0
;15/12/2025;Pengiriman SPPG MBS Wanayasa (pemesanan 13/12);-;1131;0;3416750
;15/12/2025;Pengiriman SPPG MBS Wanayasa (pemesanan 13/12);-;1121;4012500;0
;15/12/2025;Pengiriman SPPG MBS Wanayasa (pemesanan 13/12);-;4111;0;4012500
;15/12/2025;Pembelian 1 pack kertas HVS di Toko Ria;-;1141;45000;0
;15/12/2025;Pembelian 1 pack kertas HVS di Toko Ria;-;1111;0;45000
;15/12/2025;Perlengkapan kertas HVS habis (pembelian 11/11);-;5151;51500;0
;15/12/2025;Perlengkapan kertas HVS habis (pembelian 11/11);-;1141;0;51500
;16/12/2025;Kas bon pembelian perlengkapan kopi retail;-;1121;20000;0
;16/12/2025;Kas bon pembelian perlengkapan kopi retail;-;1111;0;20000
;16/12/2025;Pembelian 35 kg wortel dan 15 kg selada ke Pak Safrudin (nota 15/12);-;1131;1055000;0
;16/12/2025;Pembelian 35 kg wortel dan 15 kg selada ke Pak Safrudin (nota 15/12);-;2111;0;1055000
;16/12/2025;Pembelian 180 kg semangka SPPG MBS Wanayasa ke Bu Lis;-;1131;1980000;0
;16/12/2025;Pembelian 180 kg semangka SPPG MBS Wanayasa ke Bu Lis;-;2111;0;1980000
;16/12/2025;Pembelian tabung gas dan isi;-;1141;173000;0
;16/12/2025;Pembelian tabung gas dan isi;-;2111;0;173000
;16/12/2025;Pembelian regulator gas;-;1141;55000;0
;16/12/2025;Pembelian regulator gas;-;2111;0;55000
;16/12/2025;Reimburse pembelian tabung gas dan regulator gas ke Mas Dandi;-;2111;228000;0
;16/12/2025;Reimburse pembelian tabung gas dan regulator gas ke Mas Dandi;-;1111;0;228000
;16/12/2025;Kas bon pembelian BBM;-;1122;150000;0
;16/12/2025;Kas bon pembelian BBM;-;1111;0;150000
;16/12/2025;Pengiriman SPPG MBS Wanayasa (pemesanan 13/12);-;5111;5533250;0
;16/12/2025;Pengiriman SPPG MBS Wanayasa (pemesanan 13/12);-;1131;0;5533250
;16/12/2025;Pengiriman SPPG MBS Wanayasa (pemesanan 13/12);-;1121;6244500;0
;16/12/2025;Pengiriman SPPG MBS Wanayasa (pemesanan 13/12);-;4111;0;6244500
;16/12/2025;Penjualan 2 kg telur ecer;-;5111;55600;0
;16/12/2025;Penjualan 2 kg telur ecer;-;1131;0;55600
;16/12/2025;Penjualan 2 kg telur ecer;-;1111;58000;0
;16/12/2025;Penjualan 2 kg telur ecer;-;4111;0;58000
;16/12/2025;Pembayaran profit sharing Korda;-;2171;2179083;0
;16/12/2025;Pembayaran profit sharing Korda;-;1112;0;2179083
;16/12/2025;Pelunasan utang pembelian 100 karton susu uht, 100 karton minyak goreng, dan 400 kg beras ke Bu lis (pembelian 29/11 dan 1/12);-;2111;41100000;0
;16/12/2025;Pelunasan utang pembelian 100 karton susu uht, 100 karton minyak goreng, dan 400 kg beras ke Bu lis (pembelian 29/11 dan 1/12);-;5221;2500;0
;16/12/2025;Pelunasan utang pembelian 100 karton susu uht, 100 karton minyak goreng, dan 400 kg beras ke Bu lis (pembelian 29/11 dan 1/12);-;1112;0;41102500
;16/12/2025;Pelunasan utang pembelian persediaan SCS, SPPG Kutabanjarnegara, SPPG MBS Wanayasa ke Bu Lis (pembelian 1/12 - 7/12);-;2111;45581100;0
;16/12/2025;Pelunasan utang pembelian persediaan SCS, SPPG Kutabanjarnegara, SPPG MBS Wanayasa ke Bu Lis (pembelian 1/12 - 7/12);-;1112;0;45581100
;16/12/2025;Pelunasan utang pembelian mix vegetable, galantin, bakso, dan patty ke Sarah Matari (pembelian 1/12, 7/12, 9/12, 10/12, 11/12);-;2111;28433500;0
;16/12/2025;Pelunasan utang pembelian mix vegetable, galantin, bakso, dan patty ke Sarah Matari (pembelian 1/12, 7/12, 9/12, 10/12, 11/12);-;5221;2500;0
;16/12/2025;Pelunasan utang pembelian mix vegetable, galantin, bakso, dan patty ke Sarah Matari (pembelian 1/12, 7/12, 9/12, 10/12, 11/12);-;1112;0;28436000
;16/12/2025;Pelunasan utang pembelian sayur ke Pak Safrudin (pembelian 8/12 - 11/12);-;2111;11241000;0
;16/12/2025;Pelunasan utang pembelian sayur ke Pak Safrudin (pembelian 8/12 - 11/12);-;1112;0;11241000
;16/12/2025;Pelunasan kas bon pembelian perlengkapan kopi retail;-;1111;20000;0
;16/12/2025;Pelunasan kas bon pembelian perlengkapan kopi retail;-;1121;0;20000
;16/12/2025;Pembelian ATK kopi retail di Toko Ratna;-;1124;15000;0
;16/12/2025;Pembelian ATK kopi retail di Toko Ratna;-;1111;0;15000
;16/12/2025;Pembelian ATK kopi retail;-;1124;2000;0
;16/12/2025;Pembelian ATK kopi retail;-;1111;0;2000
;16/12/2025;Pelunasan piutang pembelian ATK kopi retail;-;2151;17000;0
;16/12/2025;Pelunasan piutang pembelian ATK kopi retail;-;1124;0;17000
;16/12/2025;Pelunasan piutang SPPG MBS Wanayasa (pengiriman 11/12);-;1112;11829500;0
;16/12/2025;Pelunasan piutang SPPG MBS Wanayasa (pengiriman 11/12);-;1121;0;11829500
;16/12/2025;Pembelian 210 kg ayam slice ke CV Restu Jaya;-;1131;11340000;0
;16/12/2025;Pembelian 210 kg ayam slice ke CV Restu Jaya;-;2111;0;11340000
;16/12/2025;Pembelian 42,5 kg kacang telur ke Pak Wisnu;-;1131;2975000;0
;16/12/2025;Pembelian 42,5 kg kacang telur ke Pak Wisnu;-;2111;0;2975000
;16/12/2025;Pembelian 115 kg melon SPPG Kutabanjarnegara ke Bu Lis;-;1131;2070000;0
;16/12/2025;Pembelian 115 kg melon SPPG Kutabanjarnegara ke Bu Lis;-;2111;0;2070000
;16/12/2025;Pengiriman SPPG Kutabanjarnegara (pemesanan 13/12);-;5111;20616250;0
;16/12/2025;Pengiriman SPPG Kutabanjarnegara (pemesanan 13/12);-;1131;0;20616250
;16/12/2025;Pengiriman SPPG Kutabanjarnegara (pemesanan 13/12);-;1121;22595500;0
;16/12/2025;Pengiriman SPPG Kutabanjarnegara (pemesanan 13/12);-;4111;0;22595500
;16/12/2025;Reimburse pembelian akomodasi makan ke Pak Sodik (transaksi 14/12);-;2141;45000;0
;16/12/2025;Reimburse pembelian akomodasi makan ke Pak Sodik (transaksi 14/12);-;1111;0;45000
;16/12/2025;Reimburse pembelian akomodasi makan ke Pak Sodik (transaksi 12/12);-;2141;30000;0
;16/12/2025;Reimburse pembelian akomodasi makan ke Pak Sodik (transaksi 12/12);-;1111;0;30000
;16/12/2025;Pelunasan kas bon pembelian BBM;-;1111;150000;0
;16/12/2025;Pelunasan kas bon pembelian BBM;-;1122;0;150000
;16/12/2025;Pembelian BBM;-;5172;150000;0
;16/12/2025;Pembelian BBM;-;1111;0;150000
;16/12/2025;Penjualan 0,5 kg keripik tempe ke Bu Sofi;-;5111;30000;0
;16/12/2025;Penjualan 0,5 kg keripik tempe ke Bu Sofi;-;1131;0;30000
;16/12/2025;Penjualan 0,5 kg keripik tempe ke Bu Sofi;-;1111;33000;0
;16/12/2025;Penjualan 0,5 kg keripik tempe ke Bu Sofi;-;4111;0;33000
;16/12/2025;Pembelian 110 karton susu UHT 1 L ke Pak Suryadi;-;1131;24530000;0
;16/12/2025;Pembelian 110 karton susu UHT 1 L ke Pak Suryadi;-;1112;0;24530000
;16/12/2025;1 pcs minyak goreng untuk akomodasi kantor;-;5171;39100;0
;16/12/2025;1 pcs minyak goreng untuk akomodasi kantor;-;1131;0;39100
;16/12/2025;5 kg jagung manis untuk akomodasi kantor;-;5171;42500;0
;16/12/2025;5 kg jagung manis untuk akomodasi kantor;-;1131;0;42500
;16/12/2025;5 kg jagung manis busuk;-;5311;42500;0
;16/12/2025;5 kg jagung manis busuk;-;1131;0;42500
;16/12/2025;1,5 kg telur busuk;-;5311;41700;0
;16/12/2025;1,5 kg telur busuk;-;1131;0;41700
;16/12/2025;0,5 kg telur pecah untuk akomodasi kantor;-;5171;13900;0
;16/12/2025;0,5 kg telur pecah untuk akomodasi kantor;-;1131;0;13900
;16/12/2025;Admin bank bulanan kas harian;-;5221;9000;0
;16/12/2025;Admin bank bulanan kas harian;-;1111;0;9000
;17/12/2025;Pembelian 110 kg ikan dori ke Pak Wandi;-;1131;8360000;0
;17/12/2025;Pembelian 110 kg ikan dori ke Pak Wandi;-;2111;0;8360000
;17/12/2025;Kas masuk ke kas harian dari kas di bank;-;1111;7000000;0
;17/12/2025;Kas masuk ke kas harian dari kas di bank;-;1112;0;7000000
;17/12/2025;Kas bon belanja persediaan;-;1121;7000000;0
;17/12/2025;Kas bon belanja persediaan;-;1111;0;7000000
;17/12/2025;Pelunasan piutang SPPG Merden (pengiriman 14/12);-;1112;7937000;0
;17/12/2025;Pelunasan piutang SPPG Merden (pengiriman 14/12);-;1121;0;7937000
;17/12/2025;Pelunasan piutang SPPG Merden (pengiriman 9/12);-;1112;5112000;0
;17/12/2025;Pelunasan piutang SPPG Merden (pengiriman 9/12);-;1121;0;5112000
;17/12/2025;Pelunasan piutang SPPG Merden (pengiriman 11/12);-;1112;2327800;0
;17/12/2025;Pelunasan piutang SPPG Merden (pengiriman 11/12);-;1121;0;2327800
;17/12/2025;Pelunasan piutang SPPG Merden (pengiriman 7/12);-;1112;21405000;0
;17/12/2025;Pelunasan piutang SPPG Merden (pengiriman 7/12);-;1121;0;21405000
;17/12/2025;Pembelian 195 kg jeruk medan SPPG MBS Wanayasa ke Bu Lis;-;1131;4095000;0
;17/12/2025;Pembelian 195 kg jeruk medan SPPG MBS Wanayasa ke Bu Lis;-;2111;0;4095000
;17/12/2025;Pembelian 80 kg kelengkeng SPPG MBS Wanayasa ke Bu Lis;-;1131;3080000;0
;17/12/2025;Pembelian 80 kg kelengkeng SPPG MBS Wanayasa ke Bu Lis;-;2111;0;3080000
;17/12/2025;Pembelian 299 kg pear SPPG Kutabanjarnegara ke Bu Lis;-;1131;5980000;0
;17/12/2025;Pembelian 299 kg pear SPPG Kutabanjarnegara ke Bu Lis;-;2111;0;5980000
;17/12/2025;Pembelian 3400 pcs bika almond ke Nandaswara;-;1131;4250000;0
;17/12/2025;Pembelian 3400 pcs bika almond ke Nandaswara;-;2111;0;4250000
;17/12/2025;Pembelian 1690 pcs abon ayam 25 g ke Bu Fitri;-;1131;8450000;0
;17/12/2025;Pembelian 1690 pcs abon ayam 25 g ke Bu Fitri;-;2111;0;8450000
;17/12/2025;Pembelian 1690 pcs roti abon ke Bu Fitri;-;1131;4225000;0
;17/12/2025;Pembelian 1690 pcs roti abon ke Bu Fitri;-;2111;0;4225000
;17/12/2025;Pembelian 1690 pcs roti pisang ke Bu Fitri;-;1131;4225000;0
;17/12/2025;Pembelian 1690 pcs roti pisang ke Bu Fitri;-;2111;0;4225000
;17/12/2025;Pelunasan piutang SPPG MBS Wanayasa (pengiriman 14/12);-;1112;9795000;0
;17/12/2025;Pelunasan piutang SPPG MBS Wanayasa (pengiriman 14/12);-;1121;0;9795000
;17/12/2025;Pengiriman SPPG MBS Wanayasa (pemesanan 13/12);-;5111;7352000;0
;17/12/2025;Pengiriman SPPG MBS Wanayasa (pemesanan 13/12);-;1131;0;7352000
;17/12/2025;Pengiriman SPPG MBS Wanayasa (pemesanan 13/12);-;1121;8967000;0
;17/12/2025;Pengiriman SPPG MBS Wanayasa (pemesanan 13/12);-;4111;0;8967000
;17/12/2025;Kas masuk untuk kas bon pembelian BBM dari Mas Dandi;-;1111;100000;0
;17/12/2025;Kas masuk untuk kas bon pembelian BBM dari Mas Dandi;-;2142;0;100000
;17/12/2025;Kas bon pembelian BBM;-;1122;100000;0
;17/12/2025;Kas bon pembelian BBM;-;1111;0;100000
;17/12/2025;Pengiriman SPPG Susukan (pemesanan 13/12);-;5111;13557500;0
;17/12/2025;Pengiriman SPPG Susukan (pemesanan 13/12);-;1131;0;13557500
;17/12/2025;Pengiriman SPPG Susukan (pemesanan 13/12);-;1121;15455000;0
;17/12/2025;Pengiriman SPPG Susukan (pemesanan 13/12);-;4111;0;15455000
;17/12/2025;Pembelian 5 pcs susu ultramilk full cream 1 L di Delima Mart;-;1131;98750;0
;17/12/2025;Pembelian 5 pcs susu ultramilk full cream 1 L di Delima Mart;-;5211;250;0
;17/12/2025;Pembelian 5 pcs susu ultramilk full cream 1 L di Delima Mart;-;2111;0;99000
;17/12/2025;Pembelian 12 pcs susu ultramilk full cream 1 L dan 2 pcs susu diamond full cream 1 L di Toko Al Zahra;-;1131;277000;0
;17/12/2025;Pembelian 12 pcs susu ultramilk full cream 1 L dan 2 pcs susu diamond full cream 1 L di Toko Al Zahra;-;2111;0;277000
;17/12/2025;Pembelian 12 pcs susu diamond full cream 1 L di Sahabat Grosir;-;1131;207000;0
;17/12/2025;Pembelian 12 pcs susu diamond full cream 1 L di Sahabat Grosir;-;5221;2500;0
;17/12/2025;Pembelian 12 pcs susu diamond full cream 1 L di Sahabat Grosir;-;2111;0;209500
;17/12/2025;Pengiriman SPPG Merden (pemesanan 13/12);-;5111;9534000;0
;17/12/2025;Pengiriman SPPG Merden (pemesanan 13/12);-;1131;0;9534000
;17/12/2025;Pengiriman SPPG Merden (pemesanan 13/12);-;1121;10596000;0
;17/12/2025;Pengiriman SPPG Merden (pemesanan 13/12);-;4111;0;10596000
;17/12/2025;Pelunasan kas bon pembelian BBM;-;1111;100000;0
;17/12/2025;Pelunasan kas bon pembelian BBM;-;1122;0;100000
;17/12/2025;Pembelian BBM;-;5172;85000;0
;17/12/2025;Pembelian BBM;-;1111;0;85000
;17/12/2025;Pembelian akomodasi makan;-;5171;15000;0
;17/12/2025;Pembelian akomodasi makan;-;1111;0;15000
;17/12/2025;Pelunasan kas bon belanja persediaan;-;1111;7000000;0
;17/12/2025;Pelunasan kas bon belanja persediaan;-;1121;0;7000000
;17/12/2025;Pembelian 108 pcs susu diamond full cream di Rita Pasaraya;-;1131;2205900;0
;17/12/2025;Pembelian 108 pcs susu diamond full cream di Rita Pasaraya;-;1111;0;2205900
;17/12/2025;Parkir di Rita Pasaraya;-;5191;2000;0
;17/12/2025;Parkir di Rita Pasaraya;-;1111;0;2000
;17/12/2025;Pembelian 19 karton dan 3 pcs susu diamond full cream di P&D Aroma;-;1131;4620000;0
;17/12/2025;Pembelian 19 karton dan 3 pcs susu diamond full cream di P&D Aroma;-;1111;0;4620000
;17/12/2025;Parkir di P&D Aroma;-;5191;3000;0
;17/12/2025;Parkir di P&D Aroma;-;1111;0;3000
;17/12/2025;Parkir di Rita Supermall;-;5191;5000;0
;17/12/2025;Parkir di Rita Supermall;-;1111;0;5000
;17/12/2025;Parkir di Depo Pelita Sokaraja;-;5191;4000;0
;17/12/2025;Parkir di Depo Pelita Sokaraja;-;1111;0;4000
;17/12/2025;Pembelian akomodasi makan;-;5171;50000;0
;17/12/2025;Pembelian akomodasi makan;-;1111;0;50000
;17/12/2025;Parkir di Depo Pelita Banjarnegara;-;5191;4000;0
;17/12/2025;Parkir di Depo Pelita Banjarnegara;-;1111;0;4000
;17/12/2025;Parkir di Topaz;-;5191;3000;0
;17/12/2025;Parkir di Topaz;-;1111;0;3000
;17/12/2025;Pengiriman SPPG Kutabanjarnegara (pemesanan 13/12);-;5111;59083650;0
;17/12/2025;Pengiriman SPPG Kutabanjarnegara (pemesanan 13/12);-;1131;0;59083650
;17/12/2025;Pengiriman SPPG Kutabanjarnegara (pemesanan 13/12);-;1121;69833500;0
;17/12/2025;Pengiriman SPPG Kutabanjarnegara (pemesanan 13/12);-;4111;0;69833500
;18/12/2025;Pembelian 113 kg anggur SPPG Merden ke Bu Lis;-;1131;5254500;0
;18/12/2025;Pembelian 113 kg anggur SPPG Merden ke Bu Lis;-;2111;0;5254500
;18/12/2025;Pembelian 100 kg beras SPPG Susukan;-;1131;1350000;0
;18/12/2025;Pembelian 100 kg beras SPPG Susukan;-;2111;0;1350000
;18/12/2025;Pengiriman SPPG Susukan (pemesanan 18/12);-;5111;1350000;0
;18/12/2025;Pengiriman SPPG Susukan (pemesanan 18/12);-;1131;0;1350000
;18/12/2025;Pengiriman SPPG Susukan (pemesanan 18/12);-;1121;1500000;0
;18/12/2025;Pengiriman SPPG Susukan (pemesanan 18/12);-;4111;0;1500000
;18/12/2025;Pengiriman SPPG Merden (pemesanan 13/12);-;5111;5254500;0
;18/12/2025;Pengiriman SPPG Merden (pemesanan 13/12);-;1131;0;5254500
;18/12/2025;Pengiriman SPPG Merden (pemesanan 13/12);-;1121;5650000;0
;18/12/2025;Pengiriman SPPG Merden (pemesanan 13/12);-;4111;0;5650000
;19/12/2025;Pelunasan piutang SPPG Kutabanjarnegara (pengiriman 8/12);-;1112;104000;0
;19/12/2025;Pelunasan piutang SPPG Kutabanjarnegara (pengiriman 8/12);-;1121;0;104000
;19/12/2025;Pelunasan piutang SSPG Kutabanjarnegara (pengiriman 10/12);-;1112;48000;0
;19/12/2025;Pelunasan piutang SSPG Kutabanjarnegara (pengiriman 10/12);-;1121;0;48000
;19/12/2025;Pelunasan piutang SPPG Kutabanjarnegara (pengiriman 11/12);-;1112;104000;0
;19/12/2025;Pelunasan piutang SPPG Kutabanjarnegara (pengiriman 11/12);-;1121;0;104000
;19/12/2025;Pelunasan piutang SPPG Kutabanjarnegara (pengiriman 16/12);-;1112;80000;0
;19/12/2025;Pelunasan piutang SPPG Kutabanjarnegara (pengiriman 16/12);-;1121;0;80000
;19/12/2025;Pelunasan utang pembelian 1000 kg beras SPPG Merden ke Pak Slamet (pembelian 27/11);-;2111;13500000;0
;19/12/2025;Pelunasan utang pembelian 1000 kg beras SPPG Merden ke Pak Slamet (pembelian 27/11);-;5221;2500;0
;19/12/2025;Pelunasan utang pembelian 1000 kg beras SPPG Merden ke Pak Slamet (pembelian 27/11);-;1112;0;13502500
;19/12/2025;Pelunasan utang pembelian 1690 pcs abon ayam dan roti ke Bu Fitri (pembelian 17/12);-;2111;16900000;0
;19/12/2025;Pelunasan utang pembelian 1690 pcs abon ayam dan roti ke Bu Fitri (pembelian 17/12);-;5221;2500;0
;19/12/2025;Pelunasan utang pembelian 1690 pcs abon ayam dan roti ke Bu Fitri (pembelian 17/12);-;1112;0;16902500
;19/12/2025;Pembayaran listrik bulan Desember;-;5141;95304;0
;19/12/2025;Pembayaran listrik bulan Desember;-;5221;3000;0
;19/12/2025;Pembayaran listrik bulan Desember;-;1112;0;98304
;19/12/2025;Pelunasan piutang SPPG MBS Wanayasa (pengiriman 15/12);-;1112;4012500;0
;19/12/2025;Pelunasan piutang SPPG MBS Wanayasa (pengiriman 15/12);-;1121;0;4012500
;19/12/2025;Pelunasan piutang SPPG MBS Wanayasa (pengiriman 16/12);-;1112;6244500;0
;19/12/2025;Pelunasan piutang SPPG MBS Wanayasa (pengiriman 16/12);-;1121;0;6244500
;20/12/2025;Pelunasan piutang SPPG Susukan (pengiriman 14/12);-;1112;4553700;0
;20/12/2025;Pelunasan piutang SPPG Susukan (pengiriman 14/12);-;1121;0;4553700
;20/12/2025;Kas bon pembelian ban mobil L300;-;1121;1600000;0
;20/12/2025;Kas bon pembelian ban mobil L300;-;1112;0;1600000
;20/12/2025;Pelunasan kas bon pembelian ban mobil L300;-;1111;1600000;0
;20/12/2025;Pelunasan kas bon pembelian ban mobil L300;-;1121;0;1600000
;20/12/2025;Pembelian 2 pcs ban mobil L300;-;5161;1580000;0
;20/12/2025;Pembelian 2 pcs ban mobil L300;-;1111;0;1580000
;20/12/2025;Bunga bank rekening BRI;-;1112;54285;0
;20/12/2025;Bunga bank rekening BRI;-;4121;0;54285
;20/12/2025;Tax rekening bank BRI;-;5222;10857;0
;20/12/2025;Tax rekening bank BRI;-;1112;0;10857
;20/12/2025;Pembelian BBM;-;5172;150000;0
;20/12/2025;Pembelian BBM;-;2142;0;150000
;20/12/2025;Pembelian akomodasi makan;-;5171;50000;0
;20/12/2025;Pembelian akomodasi makan;-;2141;0;50000
;20/12/2025;Reimburse pembelian BBM ke Pak Sodik (transaksi 20/12);-;2142;150000;0
;20/12/2025;Reimburse pembelian BBM ke Pak Sodik (transaksi 20/12);-;1111;0;150000
;20/12/2025;Reimburse pembelian akomodasi makan ke Pak Sodik (transaksi 20/12);-;2141;50000;0
;20/12/2025;Reimburse pembelian akomodasi makan ke Pak Sodik (transaksi 20/12);-;1111;0;50000
;21/12/2025;Pelunasan piutang SPPG Merden (pengiriman 8/12);-;1112;1542800;0
;21/12/2025;Pelunasan piutang SPPG Merden (pengiriman 8/12);-;1121;0;1542800
;21/12/2025;Pelunasan piutang SPPG Merden (pengiriman 15/12);-;1112;6405100;0
;21/12/2025;Pelunasan piutang SPPG Merden (pengiriman 15/12);-;1121;0;6405100
;21/12/2025;Pembelian 14 kg caisim ke Bu Dewi;-;1131;70000;0
;21/12/2025;Pembelian 14 kg caisim ke Bu Dewi;-;2111;0;70000
;21/12/2025;Pembelian 8 kg timun ke Pak Pur;-;1131;48000;0
;21/12/2025;Pembelian 8 kg timun ke Pak Pur;-;2111;0;48000
;21/12/2025;Pembelian 4,5 kg keripik tempe ke Pak Wisnu;-;1131;270000;0
;21/12/2025;Pembelian 4,5 kg keripik tempe ke Pak Wisnu;-;2111;0;270000
;21/12/2025;Koreksi HPP terlalu tinggi periode November 2025;-;5174;462000;0
;21/12/2025;Koreksi HPP terlalu tinggi periode November 2025;-;3111;0;462000
;21/12/2025;Koreksi profit sharing SPPG MBS Wanayasa;-;3111;76877;0
;21/12/2025;Koreksi profit sharing SPPG MBS Wanayasa;-;2171;0;76877
;21/12/2025;Koreksi profit sharing SPPG Kutabanjarnegara;-;3111;34927;0
;21/12/2025;Koreksi profit sharing SPPG Kutabanjarnegara;-;2171;0;34927
;21/12/2025;Koreksi profit sharing SPPG Merden;-;3111;46570;0
;21/12/2025;Koreksi profit sharing SPPG Merden;-;2171;0;46570
;21/12/2025;Koreksi profit sharing SPPG Susukan;-;3111;26426;0
;21/12/2025;Koreksi profit sharing SPPG Susukan;-;2171;0;26426
;21/12/2025;Koreksi profit sharing Korda;-;3111;23100;0
;21/12/2025;Koreksi profit sharing Korda;-;2171;0;23100
;21/12/2025;Koreksi profit sharing PDM;-;3111;23100;0
;21/12/2025;Koreksi profit sharing PDM;-;2171;0;23100
;21/12/2025;Koreksi persedian busuk 3 kg timun periode November 2025;-;5311;30000;0
;21/12/2025;Koreksi persedian busuk 3 kg timun periode November 2025;-;1131;0;30000
;21/12/2025;Koreksi persedian busuk 3 kg timun periode November 2025;-;3111;30000;0
;21/12/2025;Koreksi persedian busuk 3 kg timun periode November 2025;-;5311;0;30000
;21/12/2025;Pelunasan utang pembelian persediaan ke SBS (invoice 13/12 dan 9/12);-;2111;18470401;0
;21/12/2025;Pelunasan utang pembelian persediaan ke SBS (invoice 13/12 dan 9/12);-;1112;0;18470401
;21/12/2025;Pelunasan utang pembelian ayam ke CV Restu Jaya (pembelian 16/12);-;2111;11340000;0
;21/12/2025;Pelunasan utang pembelian ayam ke CV Restu Jaya (pembelian 16/12);-;5221;2500;0
;21/12/2025;Pelunasan utang pembelian ayam ke CV Restu Jaya (pembelian 16/12);-;1112;0;11342500
;21/12/2025;Pelunasan utang pembelian beras SPPG Merden dan SPPG Susukan (pembelian 9/12);-;2111;11475000;0
;21/12/2025;Pelunasan utang pembelian beras SPPG Merden dan SPPG Susukan (pembelian 9/12);-;5221;2500;0
;21/12/2025;Pelunasan utang pembelian beras SPPG Merden dan SPPG Susukan (pembelian 9/12);-;1112;0;11477500
;21/12/2025;Pelunasan utang pembelian 200 kg telur ke Tadus (pembelian 4/12);-;2111;5220000;0
;21/12/2025;Pelunasan utang pembelian 200 kg telur ke Tadus (pembelian 4/12);-;5221;2500;0
;21/12/2025;Pelunasan utang pembelian 200 kg telur ke Tadus (pembelian 4/12);-;1112;0;5222500
;21/12/2025;Pelunasan utang pembelian tahu kulit ke Ummana Food (pembelian 15/12);-;2111;1212000;0
;21/12/2025;Pelunasan utang pembelian tahu kulit ke Ummana Food (pembelian 15/12);-;5221;2500;0
;21/12/2025;Pelunasan utang pembelian tahu kulit ke Ummana Food (pembelian 15/12);-;1112;0;1214500
;21/12/2025;Pelunasan utang pembelian persediaan ke Pak Wisnu (pembelian 14/12 - 16/12);-;2111;6619000;0
;21/12/2025;Pelunasan utang pembelian persediaan ke Pak Wisnu (pembelian 14/12 - 16/12);-;5221;6500;0
;21/12/2025;Pelunasan utang pembelian persediaan ke Pak Wisnu (pembelian 14/12 - 16/12);-;1112;0;6625500
;21/12/2025;Pelunasan utang pembelian timun ke Pak Pur (pembelian 14/12 dan 15/12);-;2111;450000;0
;21/12/2025;Pelunasan utang pembelian timun ke Pak Pur (pembelian 14/12 dan 15/12);-;1112;0;450000
;21/12/2025;Kas masuk ke kas harian dari kas di bank;-;1111;5000000;0
;21/12/2025;Kas masuk ke kas harian dari kas di bank;-;1112;0;5000000
;21/12/2025;Pembelian 3 dus mie kuning 3 ayam 110 g dan 2 renteng lada bubuk;-;1131;134400;0
;21/12/2025;Pembelian 3 dus mie kuning 3 ayam 110 g dan 2 renteng lada bubuk;-;2111;0;134400
;21/12/2025;Pembelian 6 pcs bakso 500 g;-;1131;114000;0
;21/12/2025;Pembelian 6 pcs bakso 500 g;-;2111;0;114000
;21/12/2025;Pembelian 20 kg kelengkeng SPPG Kutabanjarnegara ke Bu Lis;-;1131;770000;0
;21/12/2025;Pembelian 20 kg kelengkeng SPPG Kutabanjarnegara ke Bu Lis;-;2111;0;770000
;21/12/2025;Reimburse akomodasi dan kas masuk pembelian persediaan ke Mas Dandi (transaksi 8/11 dan 17/12);-;2141;40000;0
;21/12/2025;Reimburse akomodasi dan kas masuk pembelian persediaan ke Mas Dandi (transaksi 8/11 dan 17/12);-;2142;100000;0
;21/12/2025;Reimburse akomodasi dan kas masuk pembelian persediaan ke Mas Dandi (transaksi 8/11 dan 17/12);-;2111;585500;0
;21/12/2025;Reimburse akomodasi dan kas masuk pembelian persediaan ke Mas Dandi (transaksi 8/11 dan 17/12);-;1111;0;725500
;21/12/2025;Reimburse uang Mas Denny (transaksi 21/10, 7/11, 11/11, dan 21/12);-;2141;296500;0
;21/12/2025;Reimburse uang Mas Denny (transaksi 21/10, 7/11, 11/11, dan 21/12);-;2111;299900;0
;21/12/2025;Reimburse uang Mas Denny (transaksi 21/10, 7/11, 11/11, dan 21/12);-;1111;0;596400
;21/12/2025;Pengiriman SPPG Kutabanjarnegara (pemesanan 20/12);-;5111;1571400;0
;21/12/2025;Pengiriman SPPG Kutabanjarnegara (pemesanan 20/12);-;1131;0;1571400
;21/12/2025;Pengiriman SPPG Kutabanjarnegara (pemesanan 20/12);-;1121;1982500;0
;21/12/2025;Pengiriman SPPG Kutabanjarnegara (pemesanan 20/12);-;4111;0;1982500
;21/12/2025;Pembelian pisau dapur dan penjepit saringan minyak di Shopee;-;1141;43500;0
;21/12/2025;Pembelian pisau dapur dan penjepit saringan minyak di Shopee;-;2111;0;43500
;21/12/2025;Pelunasan piutang SPPG Merden (pengiriman 17/12);-;1112;16246000;0
;21/12/2025;Pelunasan piutang SPPG Merden (pengiriman 17/12);-;1121;0;16246000
;22/12/2026;Pelunasan piutang SPPG Susukan (pengiriman 18/12);-;1112;1500000;0
;22/12/2026;Pelunasan piutang SPPG Susukan (pengiriman 18/12);-;1121;0;1500000
;22/12/2026;Pelunasan piutang SPPG Susukan (pengiriman 17/12);-;1112;15455000;0
;22/12/2026;Pelunasan piutang SPPG Susukan (pengiriman 17/12);-;1121;0;15455000
;22/12/2026;Pembelian persediaan ke Bu Dewi;-;1131;1192500;0
;22/12/2026;Pembelian persediaan ke Bu Dewi;-;2111;0;1192500
;22/12/2026;Pembelian 715 pcs siomay ke Bu Dewi;-;1131;893750;0
;22/12/2026;Pembelian 715 pcs siomay ke Bu Dewi;-;2111;0;893750
;22/12/2026;Pembelian 100 pcs siomay ke Bu Dewi;-;1131;125000;0
;22/12/2026;Pembelian 100 pcs siomay ke Bu Dewi;-;2111;0;125000
;22/12/2026;Pembelian 405 pcs tahu putih ke Ummana Food;-;1131;243000;0
;22/12/2026;Pembelian 405 pcs tahu putih ke Ummana Food;-;2111;0;243000
;22/12/2026;Pembelian 36,5 kg buah naga SPPG Kutabanjarnegara ke Bu Lis;-;1131;474500;0
;22/12/2026;Pembelian 36,5 kg buah naga SPPG Kutabanjarnegara ke Bu Lis;-;2111;0;474500
;22/12/2026;Pengiriman SPPG Kutabanjarnegara (pemesanan 20/12);-;5111;3445600;0
;22/12/2026;Pengiriman SPPG Kutabanjarnegara (pemesanan 20/12);-;1131;0;3445600
;22/12/2026;Pengiriman SPPG Kutabanjarnegara (pemesanan 20/12);-;1121;4226250;0
;22/12/2026;Pengiriman SPPG Kutabanjarnegara (pemesanan 20/12);-;4111;0;4226250
;22/12/2026;Pembelian akomodasi makan rapat SCS;-;5171;150000;0
;22/12/2026;Pembelian akomodasi makan rapat SCS;-;2141;0;150000
;22/12/2026;Pembelian ATK di Shopee;-;1141;86175;0
;22/12/2026;Pembelian ATK di Shopee;-;1111;0;86175
;23/12/2025;Pelunasan piutang SPPG Kutabanjarnegara (pengiriman 14/12);-;1112;17703500;0
;23/12/2025;Pelunasan piutang SPPG Kutabanjarnegara (pengiriman 14/12);-;1121;0;17703500
;23/12/2025;Pelunasan piutang SPPG Kutabanjarnegara (pengiriman 15/12);-;1112;23492400;0
;23/12/2025;Pelunasan piutang SPPG Kutabanjarnegara (pengiriman 15/12);-;1121;0;23492400
;23/12/2025;Pelunasan piutang SPPG Kutabanjarnegara (pengiriman 16/12);-;1112;22515500;0
;23/12/2025;Pelunasan piutang SPPG Kutabanjarnegara (pengiriman 16/12);-;1121;0;22515500
;23/12/2025;Pelunasan piutang SPPG Kutabanjarnegara (pengiriman 17/12);-;1112;69803500;0
;23/12/2025;Pelunasan piutang SPPG Kutabanjarnegara (pengiriman 17/12);-;2111;30000;0
;23/12/2025;Pelunasan piutang SPPG Kutabanjarnegara (pengiriman 17/12);-;1121;0;69833500
;23/12/2025;Pembelian 150 karton susu ultramilk full cream 125 ml ke Bu Lis;-;1131;18000000;0
;23/12/2025;Pembelian 150 karton susu ultramilk full cream 125 ml ke Bu Lis;-;2111;0;18000000
;23/12/2025;Pembelian 415 pcs pisang ambon ke Bu Lis;-;1131;726250;0
;23/12/2025;Pembelian 415 pcs pisang ambon ke Bu Lis;-;2111;0;726250
;23/12/2025;Pembelian 415 pcs roti cokelat dan 415 pcs roti abon ke Bu Sri;-;1131;2490000;0
;23/12/2025;Pembelian 415 pcs roti cokelat dan 415 pcs roti abon ke Bu Sri;-;2111;0;2490000
;23/12/2025;Pengiriman SPPG Kutabanjarnegara (pemesanan 20/12);-;5111;6568050;0
;23/12/2025;Pengiriman SPPG Kutabanjarnegara (pemesanan 20/12);-;1131;0;6568050
;23/12/2025;Pengiriman SPPG Kutabanjarnegara (pemesanan 20/12);-;1121;7347000;0
;23/12/2025;Pengiriman SPPG Kutabanjarnegara (pemesanan 20/12);-;4111;0;7347000
;23/12/2025;Reimburse pembelian akomodasi rapat SCS ke Mas Denny (pembelian 22/12);-;2141;150000;0
;23/12/2025;Reimburse pembelian akomodasi rapat SCS ke Mas Denny (pembelian 22/12);-;1111;0;150000
;23/12/2025;Pelunasan utang pembelian 4,5 kg keripik tempe ke Pak Wisnu (pembelian 21/12);-;2111;270000;0
;23/12/2025;Pelunasan utang pembelian 4,5 kg keripik tempe ke Pak Wisnu (pembelian 21/12);-;1111;0;270000
;23/12/2025;Penjualan 1 karung beras (25 kg) ke HW;-;5111;347500;0
;23/12/2025;Penjualan 1 karung beras (25 kg) ke HW;-;1131;0;347500
;23/12/2025;Penjualan 1 karung beras (25 kg) ke HW;-;1111;375000;0
;23/12/2025;Penjualan 1 karung beras (25 kg) ke HW;-;4111;0;375000
;23/12/2025;Penjualan 3 kg telur ke Bu Yatimah;-;5111;83400;0
;23/12/2025;Penjualan 3 kg telur ke Bu Yatimah;-;1131;0;83400
;23/12/2025;Penjualan 3 kg telur ke Bu Yatimah;-;1111;78000;0
;23/12/2025;Penjualan 3 kg telur ke Bu Yatimah;-;4111;0;78000
;23/12/2025;Penjualan 2 kg telur ke Bu Asih;-;5111;55600;0
;23/12/2025;Penjualan 2 kg telur ke Bu Asih;-;1131;0;55600
;23/12/2025;Penjualan 2 kg telur ke Bu Asih;-;1111;54000;0
;23/12/2025;Penjualan 2 kg telur ke Bu Asih;-;4111;0;54000
;23/12/2025;Penjualan 1 kg telur ke Pak Dirin;-;5111;27800;0
;23/12/2025;Penjualan 1 kg telur ke Pak Dirin;-;1131;0;27800
;23/12/2025;Penjualan 1 kg telur ke Pak Dirin;-;1111;27000;0
;23/12/2025;Penjualan 1 kg telur ke Pak Dirin;-;4111;0;27000
;23/12/2025;Penjualan 1 kg telur ke Bu Yayu;-;5111;27800;0
;23/12/2025;Penjualan 1 kg telur ke Bu Yayu;-;1131;0;27800
;23/12/2025;Penjualan 1 kg telur ke Bu Yayu;-;1111;27000;0
;23/12/2025;Penjualan 1 kg telur ke Bu Yayu;-;4111;0;27000
;23/12/2025;Penjualan 10 kg telur ke Pak Mus;-;5111;278000;0
;23/12/2025;Penjualan 10 kg telur ke Pak Mus;-;1131;0;278000
;23/12/2025;Penjualan 10 kg telur ke Pak Mus;-;1111;280000;0
;23/12/2025;Penjualan 10 kg telur ke Pak Mus;-;4111;0;280000
;23/12/2025;Penjualan 10 kg telur ke Bu Sur;-;5111;278000;0
;23/12/2025;Penjualan 10 kg telur ke Bu Sur;-;1131;0;278000
;23/12/2025;Penjualan 10 kg telur ke Bu Sur;-;1111;260000;0
;23/12/2025;Penjualan 10 kg telur ke Bu Sur;-;4111;0;260000
;23/12/2025;Penjualan 10 kg telur ke Bu Gembrot;-;5111;278000;0
;23/12/2025;Penjualan 10 kg telur ke Bu Gembrot;-;1131;0;278000
;23/12/2025;Penjualan 10 kg telur ke Bu Gembrot;-;1111;270000;0
;23/12/2025;Penjualan 10 kg telur ke Bu Gembrot;-;4111;0;270000
;23/12/2025;Penjualan 10 kg telur ke Pak Eka;-;5111;278000;0
;23/12/2025;Penjualan 10 kg telur ke Pak Eka;-;1131;0;278000
;23/12/2025;Penjualan 10 kg telur ke Pak Eka;-;1121;265000;0
;23/12/2025;Penjualan 10 kg telur ke Pak Eka;-;4111;0;265000
;23/12/2025;Penjualan 10 kg telur ke Bu Halimah Pacor;-;5111;278000;0
;23/12/2025;Penjualan 10 kg telur ke Bu Halimah Pacor;-;1131;0;278000
;23/12/2025;Penjualan 10 kg telur ke Bu Halimah Pacor;-;1121;270000;0
;23/12/2025;Penjualan 10 kg telur ke Bu Halimah Pacor;-;4111;0;270000
;23/12/2025;Penjualan 3 kg telur ke Bu Halimah;-;5111;83400;0
;23/12/2025;Penjualan 3 kg telur ke Bu Halimah;-;1131;0;83400
;23/12/2025;Penjualan 3 kg telur ke Bu Halimah;-;1121;81000;0
;23/12/2025;Penjualan 3 kg telur ke Bu Halimah;-;4111;0;81000
;23/12/2025;Pembelian BBM;-;5172;200000;0
;23/12/2025;Pembelian BBM;-;1111;0;200000
;24/12/2025;Pelunasan piutang SPPG MBS Wanayasa (pengiriman 17/12);-;1112;8967000;0
;24/12/2025;Pelunasan piutang SPPG MBS Wanayasa (pengiriman 17/12);-;1121;0;8967000
;24/12/2025;Kas keluar uang bensin Mas Rifki keperluan kopi retail;-;1124;50000;0
;24/12/2025;Kas keluar uang bensin Mas Rifki keperluan kopi retail;-;1111;0;50000
;24/12/2025;Pelunasan uang bensin keperluan kopi retail (transaksi 24/12);-;2151;50000;0
;24/12/2025;Pelunasan uang bensin keperluan kopi retail (transaksi 24/12);-;1124;0;50000
;24/12/2025;Pelunasan utang pembelian bika almond ke Nandaswara (pembelian 17/12);-;2111;4250000;0
;24/12/2025;Pelunasan utang pembelian bika almond ke Nandaswara (pembelian 17/12);-;1112;0;4250000
;24/12/2025;Pelunasan utang pembelian ikan dori ke Pak Wandi (pembelian 17/12);-;2111;8360000;0
;24/12/2025;Pelunasan utang pembelian ikan dori ke Pak Wandi (pembelian 17/12);-;5221;2500;0
;24/12/2025;Pelunasan utang pembelian ikan dori ke Pak Wandi (pembelian 17/12);-;1112;0;8362500
;24/12/2025;Pelunasan utang pembelian beras SPPG Susukan ke Pak Slamet (pembelian 14/12 dan 18/12);-;2111;4522500;0
;24/12/2025;Pelunasan utang pembelian beras SPPG Susukan ke Pak Slamet (pembelian 14/12 dan 18/12);-;5221;2500;0
;24/12/2025;Pelunasan utang pembelian beras SPPG Susukan ke Pak Slamet (pembelian 14/12 dan 18/12);-;1112;0;4525000
;24/12/2025;Pelunasan utang pembelian bakso ke Sarah Matari (pembelian 15/12);-;2111;6000000;0
;24/12/2025;Pelunasan utang pembelian bakso ke Sarah Matari (pembelian 15/12);-;5221;2500;0
;24/12/2025;Pelunasan utang pembelian bakso ke Sarah Matari (pembelian 15/12);-;1112;0;6002500
;24/12/2025;Pelunasan utang pembelian sayur ke Pak Safrudin (pembelian 14/12 - 16/12);-;2111;6321000;0
;24/12/2025;Pelunasan utang pembelian sayur ke Pak Safrudin (pembelian 14/12 - 16/12);-;6111;0;1000
;24/12/2025;Pelunasan utang pembelian sayur ke Pak Safrudin (pembelian 14/12 - 16/12);-;1112;0;6320000
;24/12/2025;Pelunasan utang pembelian persediaan ke Bu Lis (pembelian 7/12 - 18/12);-;2111;84460600;0
;24/12/2025;Pelunasan utang pembelian persediaan ke Bu Lis (pembelian 7/12 - 18/12);-;1112;0;84460600
;24/12/2025;Penjualan 10 kg telur ke HW;-;5111;278000;0
;24/12/2025;Penjualan 10 kg telur ke HW;-;1131;0;278000
;24/12/2025;Penjualan 10 kg telur ke HW;-;1111;280000;0
;24/12/2025;Penjualan 10 kg telur ke HW;-;4111;0;280000
;24/12/2025;Penjualan 10 kg telur ke Pak Muslih;-;5111;278000;0
;24/12/2025;Penjualan 10 kg telur ke Pak Muslih;-;1131;0;278000
;24/12/2025;Penjualan 10 kg telur ke Pak Muslih;-;1111;270000;0
;24/12/2025;Penjualan 10 kg telur ke Pak Muslih;-;4111;0;270000
;24/12/2025;Penjualan 11 kg telur ke Pak Rudin;-;5111;305800;0
;24/12/2025;Penjualan 11 kg telur ke Pak Rudin;-;1131;0;305800
;24/12/2025;Penjualan 11 kg telur ke Pak Rudin;-;1111;297000;0
;24/12/2025;Penjualan 11 kg telur ke Pak Rudin;-;4111;0;297000
;24/12/2025;Penjualan 10 kg telur ke Pak Eka;-;5111;278000;0
;24/12/2025;Penjualan 10 kg telur ke Pak Eka;-;1131;0;278000
;24/12/2025;Penjualan 10 kg telur ke Pak Eka;-;1121;265000;0
;24/12/2025;Penjualan 10 kg telur ke Pak Eka;-;4111;0;265000
;24/12/2025;Penjualan 10 kg telur ke Pak Asto Wibowo;-;5111;278000;0
;24/12/2025;Penjualan 10 kg telur ke Pak Asto Wibowo;-;1131;0;278000
;24/12/2025;Penjualan 10 kg telur ke Pak Asto Wibowo;-;1121;270000;0
;24/12/2025;Penjualan 10 kg telur ke Pak Asto Wibowo;-;4111;0;270000
;24/12/2025;Penjualan 10 kg telur ke Bu Titis;-;5111;278000;0
;24/12/2025;Penjualan 10 kg telur ke Bu Titis;-;1131;0;278000
;24/12/2025;Penjualan 10 kg telur ke Bu Titis;-;1121;270000;0
;24/12/2025;Penjualan 10 kg telur ke Bu Titis;-;4111;0;270000
;24/12/2025;Penjualan 2 kg telur ke Bu Halimah;-;5111;55600;0
;24/12/2025;Penjualan 2 kg telur ke Bu Halimah;-;1131;0;55600
;24/12/2025;Penjualan 2 kg telur ke Bu Halimah;-;1111;54000;0
;24/12/2025;Penjualan 2 kg telur ke Bu Halimah;-;4111;0;54000
;24/12/2025;Pelunasan piutang penjualan 10 kg telur dari Pak Eka (penjualan 23/12);-;1111;265000;0
;24/12/2025;Pelunasan piutang penjualan 10 kg telur dari Pak Eka (penjualan 23/12);-;1121;0;265000
;24/12/2025;Pelunasan piutang penjualan 10 kg telur dari Bu Halimah Pacor (penjualan 23/12);-;1111;270000;0
;24/12/2025;Pelunasan piutang penjualan 10 kg telur dari Bu Halimah Pacor (penjualan 23/12);-;1121;0;270000
;24/12/2025;Pelunasan piutang penjualan 3 kg telur dari Bu Halimah (penjualan 23/12);-;1111;81000;0
;24/12/2025;Pelunasan piutang penjualan 3 kg telur dari Bu Halimah (penjualan 23/12);-;1121;0;81000
;24/12/2025;Pembelian akomodasi makan;-;5171;25000;0
;24/12/2025;Pembelian akomodasi makan;-;2141;0;25000
;25/12/2025;Pelunasan piutang SPPG Kutabanjarnegara (pengiriman 21/12);-;1112;1958500;0
;25/12/2025;Pelunasan piutang SPPG Kutabanjarnegara (pengiriman 21/12);-;1121;0;1958500
;25/12/2025;Pelunasan piutang SPPG Kutabanjarnegara (pengiriman 22/12);-;1112;4226250;0
;25/12/2025;Pelunasan piutang SPPG Kutabanjarnegara (pengiriman 22/12);-;1121;0;4226250
;25/12/2025;Pelunasan piutang SPPG Kutabanjarnegara (pengiriman 23/12);-;1112;7347000;0
;25/12/2025;Pelunasan piutang SPPG Kutabanjarnegara (pengiriman 23/12);-;1121;0;7347000
;27/12/2025;Reimburse pembelian akomodasi makan ke Pak Sodik (transaksi 24/12);-;2141;25000;0
;27/12/2025;Reimburse pembelian akomodasi makan ke Pak Sodik (transaksi 24/12);-;1111;0;25000
;27/12/2025;Kas bon belanja persediaan;-;1121;1200000;0
;27/12/2025;Kas bon belanja persediaan;-;1111;0;1200000
;27/12/2025;Parkir di Depo Pelita;-;5191;4000;0
;27/12/2025;Parkir di Depo Pelita;-;1111;0;4000
;27/12/2025;Parkir di Gunung Mas;-;5191;3000;0
;27/12/2025;Parkir di Gunung Mas;-;1111;0;3000
;27/12/2025;Pakir di Topaz;-;5191;3000;0
;27/12/2025;Pakir di Topaz;-;1111;0;3000
;27/12/2025;Penjualan 1 pcs minyak goreng 2 liter ke Pak Sodik;-;5111;39100;0
;27/12/2025;Penjualan 1 pcs minyak goreng 2 liter ke Pak Sodik;-;1131;0;39100
;27/12/2025;Penjualan 1 pcs minyak goreng 2 liter ke Pak Sodik;-;1111;40000;0
;27/12/2025;Penjualan 1 pcs minyak goreng 2 liter ke Pak Sodik;-;4111;0;40000
;27/12/2025;Parkir di Toko Brayan Maju;-;5191;3000;0
;27/12/2025;Parkir di Toko Brayan Maju;-;1111;0;3000
;27/12/2025;Parkir di Toko Sri Rejeki;-;5191;3000;0
;27/12/2025;Parkir di Toko Sri Rejeki;-;1111;0;3000
;27/12/2025;Pendapatan Diterima Dimuka dari SPPG Kutabanjarnegara (pengiriman 28/12);-;1112;12970000;0
;27/12/2025;Pendapatan Diterima Dimuka dari SPPG Kutabanjarnegara (pengiriman 28/12);-;2181;0;12970000
;28/12/2025;Pelunasan piutang penjualan 10 kg telur dari Pak Asto Wibowo (penjualan 24/11);-;1111;270000;0
;28/12/2025;Pelunasan piutang penjualan 10 kg telur dari Pak Asto Wibowo (penjualan 24/11);-;1121;0;270000
;28/12/2025;Pelunasan piutang penjualan 10 kg telur dari Bu Titis (penjualan 24/11);-;1111;270000;0
;28/12/2025;Pelunasan piutang penjualan 10 kg telur dari Bu Titis (penjualan 24/11);-;1121;0;270000
;28/12/2025;Pelunasan kas bon belanja persediaan;-;1111;1200000;0
;28/12/2025;Pelunasan kas bon belanja persediaan;-;1121;0;1200000
;28/12/2025;Pembelian 125 pack keju emina cheddar slice '10s di Rita Supermall Purwokerto;-;1131;1185425;0
;28/12/2025;Pembelian 125 pack keju emina cheddar slice '10s di Rita Supermall Purwokerto;-;5211;75;0
;28/12/2025;Pembelian 125 pack keju emina cheddar slice '10s di Rita Supermall Purwokerto;-;1111;0;1185500
;28/12/2025;Pembelian BBM;-;5172;200000;0
;28/12/2025;Pembelian BBM;-;1111;0;200000
;28/12/2025;Parkir di Pasar;-;5191;3000;0
;28/12/2025;Parkir di Pasar;-;1111;0;3000
;28/12/2025;Parkir di Pasar Panican;-;5191;3000;0
;28/12/2025;Parkir di Pasar Panican;-;1111;0;3000
;28/12/2025;Parkir di Depo Pelita Sokaraja;-;5191;4000;0
;28/12/2025;Parkir di Depo Pelita Sokaraja;-;1111;0;4000
;28/12/2025;Parkir di Rita Sokaraja;-;5191;2000;0
;28/12/2025;Parkir di Rita Sokaraja;-;1111;0;2000
;28/12/2025;Parkir di Rita Supermall Purwokerto;-;5191;6000;0
;28/12/2025;Parkir di Rita Supermall Purwokerto;-;1111;0;6000
;28/12/2025;Pembelian 415 pcs abon ayam 25 g ke Bu Fitri;-;1131;2075000;0
;28/12/2025;Pembelian 415 pcs abon ayam 25 g ke Bu Fitri;-;2111;0;2075000
;28/12/2025;Pembelian 415 pack roti tawar ke Nismara Bakery;-;1131;3320000;0
;28/12/2025;Pembelian 415 pack roti tawar ke Nismara Bakery;-;2111;0;3320000
;28/12/2025;Pembelian 45 kg jeruk santang SPPG Kutabanjarnegara ke Bu Lis;-;1131;1485000;0
;28/12/2025;Pembelian 45 kg jeruk santang SPPG Kutabanjarnegara ke Bu Lis;-;2111;0;1485000
;28/12/2025;Pengiriman SPPG Kutabanjarnegara (pemesanan 26/12);-;5111;11800425;0
;28/12/2025;Pengiriman SPPG Kutabanjarnegara (pemesanan 26/12);-;1131;0;11800425
;28/12/2025;Pengiriman SPPG Kutabanjarnegara (pemesanan 26/12);-;2181;12970000;0
;28/12/2025;Pengiriman SPPG Kutabanjarnegara (pemesanan 26/12);-;4111;0;12970000
;28/12/2025;Pembelian box penyimpanan kunci;-;1141;45225;0
;28/12/2025;Pembelian box penyimpanan kunci;-;2111;0;45225
;29/12/2025;Pembelian galon isi ulang;-;5171;8000;0
;29/12/2025;Pembelian galon isi ulang;-;1111;0;8000
;29/12/2025;2 kg telur rugi timbangan;-;5311;55600;0
;29/12/2025;2 kg telur rugi timbangan;-;1131;0;55600
;29/12/2025;1,5 kg telur busuk;-;5311;41700;0
;29/12/2025;1,5 kg telur busuk;-;1131;0;41700
;30/12/2025;2,5 kg telur pecah untuk akomodasi kantor;-;5171;69500;0
;30/12/2025;2,5 kg telur pecah untuk akomodasi kantor;-;1131;0;69500
;30/12/2025;Kas masuk penjualan beras kemasan 5 kg retail SCS ke Lazizmu Banjarnegara;-;1112;8064000;0
;30/12/2025;Kas masuk penjualan beras kemasan 5 kg retail SCS ke Lazizmu Banjarnegara;-;2151;0;8064000
;30/12/2025;Pelunasan utang pembelian 200 kg telur ke Tadus (pembelian 13/12);-;2111;5560000;0
;30/12/2025;Pelunasan utang pembelian 200 kg telur ke Tadus (pembelian 13/12);-;5221;2500;0
;30/12/2025;Pelunasan utang pembelian 200 kg telur ke Tadus (pembelian 13/12);-;1112;0;5562500
;30/12/2025;Pelunasan utang pembelian persediaan ke SBS (pembelian 13/12 dan 14/12);-;2111;9171800;0
;30/12/2025;Pelunasan utang pembelian persediaan ke SBS (pembelian 13/12 dan 14/12);-;1112;0;9171800
;30/12/2025;Pelunasan utang pembelian tahu putih ke Ummana Food (pembelian 22/12);-;2111;243000;0
;30/12/2025;Pelunasan utang pembelian tahu putih ke Ummana Food (pembelian 22/12);-;5221;2500;0
;30/12/2025;Pelunasan utang pembelian tahu putih ke Ummana Food (pembelian 22/12);-;1112;0;245500
;30/12/2025;Pelunasan utang pembelian roti abon dan roti cokelat ke Bu Sri (pembelian 23/12);-;2111;2490000;0
;30/12/2025;Pelunasan utang pembelian roti abon dan roti cokelat ke Bu Sri (pembelian 23/12);-;5221;2500;0
;30/12/2025;Pelunasan utang pembelian roti abon dan roti cokelat ke Bu Sri (pembelian 23/12);-;1112;0;2492500
;30/12/2025;Pelunasan utang pembelian abon ke Bu Fitri (pembelian 28/12);-;2111;2075000;0
;30/12/2025;Pelunasan utang pembelian abon ke Bu Fitri (pembelian 28/12);-;5221;2500;0
;30/12/2025;Pelunasan utang pembelian abon ke Bu Fitri (pembelian 28/12);-;1112;0;2077500
;30/12/2025;Kas keluar pembayaran modal ke Tamzis;-;1121;25450000;0
;30/12/2025;Kas keluar pembayaran modal ke Tamzis;-;5221;6500;0
;30/12/2025;Kas keluar pembayaran modal ke Tamzis;-;1112;0;25456500
;30/12/2025;Pembayaran sewa mobil grandmax bulan Desember ke Tamzis;-;5133;1328000;0
;30/12/2025;Pembayaran sewa mobil grandmax bulan Desember ke Tamzis;-;5221;6500;0
;30/12/2025;Pembayaran sewa mobil grandmax bulan Desember ke Tamzis;-;1112;0;1334500
;30/12/2025;Pelunasan utang pembelian timun ke Pak Pur (pembelian 21/12);-;2111;48000;0
;30/12/2025;Pelunasan utang pembelian timun ke Pak Pur (pembelian 21/12);-;1112;0;48000
;30/12/2025;Pelunasan utang pembelian siomay dan sayur ke Bu Dewi (pembelian 21/12 dan 22/12);-;2111;2281250;0
;30/12/2025;Pelunasan utang pembelian siomay dan sayur ke Bu Dewi (pembelian 21/12 dan 22/12);-;1112;0;2281250
;30/12/2025;Pembayaran profit sharing SPPG Kutabanjarnegara;-;2171;3294000;0
;30/12/2025;Pembayaran profit sharing SPPG Kutabanjarnegara;-;1112;0;3294000
;30/12/2025;Pelunasan utang pembelian roti tawar ke Nismara Bakery (pembelian 28/12);-;2111;3320000;0
;30/12/2025;Pelunasan utang pembelian roti tawar ke Nismara Bakery (pembelian 28/12);-;1112;0;3320000
;30/12/2025;Pelunasan utang pembelian persediaan ke Bu Lis (pembelian 16/12, 21/12 - 23/12, dan 28/12);-;2111;5435750;0
;30/12/2025;Pelunasan utang pembelian persediaan ke Bu Lis (pembelian 16/12, 21/12 - 23/12, dan 28/12);-;1112;0;5435750
;30/12/2025;Pelunasan utang pembelian persediaan ke Bu Lis (pembelian 17/12);-;2111;5980000;0
;30/12/2025;Pelunasan utang pembelian persediaan ke Bu Lis (pembelian 17/12);-;1112;0;5980000
;30/12/2025;Pembayaran sewa mobil L300 bulan Desember 2025;-;5133;6000000;0
;30/12/2025;Pembayaran sewa mobil L300 bulan Desember 2025;-;1112;0;6000000
;30/12/2025;Pembayaran sewa mobil grandmax bulan Desember;-;5133;2672000;0
;30/12/2025;Pembayaran sewa mobil grandmax bulan Desember;-;1112;0;2672000
;30/12/2025;Pembayaran sewa mobil grandmax bulan November;-;2131;4000000;0
;30/12/2025;Pembayaran sewa mobil grandmax bulan November;-;1112;0;4000000
;30/12/2025;Pembayaran sewa gedung bulan November dan Desember ke PDM;-;2131;3000000;0
;30/12/2025;Pembayaran sewa gedung bulan November dan Desember ke PDM;-;5132;3000000;0
;30/12/2025;Pembayaran sewa gedung bulan November dan Desember ke PDM;-;1112;0;6000000
;30/12/2025;Pembayaran profit sharing PDM;-;2171;2179000;0
;30/12/2025;Pembayaran profit sharing PDM;-;1112;0;2179000
;30/12/2025;Kas masuk untuk membantu modal SCS;-;1112;5000000;0
;30/12/2025;Kas masuk untuk membantu modal SCS;-;3111;0;5000000
;31/12/2025;Penjualan 3 pcs susu ultramilk full cream 250 ml ke Mas Dandi;-;5111;18000;0
;31/12/2025;Penjualan 3 pcs susu ultramilk full cream 250 ml ke Mas Dandi;-;1131;0;18000
;31/12/2025;Penjualan 3 pcs susu ultramilk full cream 250 ml ke Mas Dandi;-;1111;18000;0
;31/12/2025;Penjualan 3 pcs susu ultramilk full cream 250 ml ke Mas Dandi;-;4111;0;18000
;31/12/2025;Reimburse kuota internet ke Mba Ruhma;-;5173;50000;0
;31/12/2025;Reimburse kuota internet ke Mba Ruhma;-;1111;0;50000
;31/12/2025;Reimburse kuota internet ke Mas Dandi;-;5173;50000;0
;31/12/2025;Reimburse kuota internet ke Mas Dandi;-;1111;0;50000
;31/12/2025;Gaji bulan Desember Mba Ruhma;-;5121;2149000;0
;31/12/2025;Gaji bulan Desember Mba Ruhma;-;2121;0;2149000
;31/12/2025;Gaji bulan Desember Mas Dandi;-;5121;2239000;0
;31/12/2025;Gaji bulan Desember Mas Dandi;-;2121;0;2239000
;31/12/2025;Gaji bulan Desember Pak Sodik;-;5121;2327813;0
;31/12/2025;Gaji bulan Desember Pak Sodik;-;2121;0;2327813
;31/12/2025;Gaji bulan Desember Mas Irfan;-;5121;985000;0
;31/12/2025;Gaji bulan Desember Mas Irfan;-;2121;0;985000
;31/12/2025;Gaji bulan Desember Mas Rifki;-;5121;1552000;0
;31/12/2025;Gaji bulan Desember Mas Rifki;-;2121;0;1552000
;31/12/2025;Perlengkapan 2 pack tissue habis (pembelian 2/12);-;5151;15000;0
;31/12/2025;Perlengkapan 2 pack tissue habis (pembelian 2/12);-;1141;0;15000
;31/12/2025;Perlengkapan 3 pack plastik putih habis (pembelian 11/11);-;5151;30750;0
;31/12/2025;Perlengkapan 3 pack plastik putih habis (pembelian 11/11);-;1141;0;30750
;31/12/2025;Perlengkapan 1 pcs nota 2 ply habis (pembelian 26/11);-;5151;3500;0
;31/12/2025;Perlengkapan 1 pcs nota 2 ply habis (pembelian 26/11);-;1141;0;3500
